Source,Sample No.,Sample type,Experiment type,Experiment kinematics,Confining pressure (MPa),Comment on published mechanical data,Comment on extra unpublished data ,Use strain-rate minimum or peak stress data?,Use tertiary creep or flow stress data?,Sample initial geometry,Sample initial diameter for compression (mm),Sample initial length for compression (mm),Sample length for shear (mm),sample width for shear (mm),sample height for shear (mm),T,T upper bound,T lower bound,Comment on T error,Grain size unit: diameter (D) or area (A),Initial median grain size D: (µm); A (µm^2),Initial grain size lower bound D: (µm); A (µm^2),Initial grain size upper bound D: (µm); A (µm^2),Method for grain size measurement,Grain size error comment,Technique used to collect microstructural data,Resolution,Strain at minimum rate/ peak stress as published,"Published strain type: Octahedral shear (O), Axial (A), Shear (S)?",True (T) or engineering (E) strain?,Stress (MPa) at minimum rate/ peak stress as published,"Published stress type: Octahedral shear (O), Axial (A), Shear (S)?",Strain and stress Error Comments,"Published strain rate type: Octahedral shear (O), Axial (A), Shear (S)?","If Axial, True (T) or engineering (E) strain rate?",Strain rate (/s) at minimum rate/ peak stress as published,Strain rate lower bound,Strain rate upper bound,Comment on rate error,Microstructural data at minimum rate/ peak stress,Grain size scale: diameter (D)? Area (A),Mean grain size  D: (µm); A (µm2) at minimum rate/ peak stress,Median grain size  D: (µm); A (µm2) at minimum rate/ peak stress,Grain size lower bound D: (µm); A (µm2) at minimum rate/ peak stress,Grain size lower bound D: (µm); A (µm2) at minimum rate/ peak stress,Comment on measurement error of grain size,Bulk reduced Schmid factor at minimum rate/ peak stress,Comment on bulk reduced Schmid factor ,Comment on sample geometry,Strain at tertiary strain rate/ flow stress as published,"Published strain type: Octahedral shear (O), Axial (A), Shear (S)?","If Axial, True (T) or engineering (E) strain?","Published stress type: Octahedral shear (O), Axial (A), Shear (S)?",Stress (MPa) at tertiary strain rate/ flow stress as published,Stress lower bound,Stress upper bound,Comment on strain and stress error,"Published strain rate type: Octahedral shear (O), Axial (A), Shear (S)?",True (T) or engineering (E) strain rate?,Strain rate (/s) at tertiary strain rate/ flow stress as published,Strain rate lower bound,Strain rate upper bound,Comment on strain rate error,Microstructural data at tertiary strain rate/ flow stress,Grain size scale: diameter (D)? Area (A),Mean grain size  D: (µm); A (µm2) at tertiary strain rate/ flow stress,Median grain size  D: (µm); A (µm2) at tertiary strain rate/ flow stress,Grain size lower bound D: (µm); A (µm2) at tertiary strain rate/ flow stress,Grain size lower bound D: (µm); A (µm2) at tertiary strain rate/ flow stress,Grain size error comment,Bulk reduced Schmid factor at tertiary strain rate/ flow stress,Bulk reduced Schmid factor comment
Glen (1952),N/A,H2O,Constant load,Uniaxial compression,0,Scattered plot (log-log) of strain rate at high strains (at teriery creep stage) as a function of stress (Fig. 4).,N/A,NO,YES,Cylindrical,25.4 or 50.8,50.8 or 101.6,N/A,N/A,N/A,-1.5,-0.8,-2.5,Temperature control: refrigerator.,D,1500,1000,2000,N/A,Mean grain diameter range provided in p113.,N/A,N/A,N/A,N/A,N/A,N/A,N/A,N/A,N/A,N/A,N/A,N/A,N/A,N/A,N/A,N/A,N/A,N/A,N/A,N/A,N/A,N/A,N/A, Sublimation discovered during some experiments. The other experiments prevented the sublimation via immersing samples in paraffin. Samples affected by sublimation are not specified. The paper suggests sublimation does not significantly affect mechanical behaviour (p113).,N/A,N/A,N/A,A,0.92,N/A,N/A,Stress and strain rate data were digitized from Fig. 4 (P112),A,E?,4.09E-06,N/A,N/A,Stress and strain rate data were digitized from Fig. 4 (P112),N/A,N/A,N/A,N/A,N/A,N/A,N/A,N/A,N/A
,N/A,H2O,,,0,,N/A,NO,YES,Cylindrical,25.4 or 50.8,50.8 or 101.6,N/A,N/A,N/A,-1.5,-0.8,-2.5,,D,1500,1000,2000,N/A,,N/A,N/A,N/A,N/A,N/A,N/A,N/A,N/A,N/A,N/A,N/A,N/A,N/A,N/A,N/A,N/A,N/A,N/A,N/A,N/A,N/A,N/A,N/A,,N/A,N/A,N/A,A,1.04,N/A,N/A,,A,E?,2.79E-06,N/A,N/A,,N/A,N/A,N/A,N/A,N/A,N/A,N/A,N/A,N/A
,N/A,H2O,,,0,,N/A,NO,YES,Cylindrical,25.4 or 50.8,50.8 or 101.6,N/A,N/A,N/A,-1.5,-0.8,-2.5,,D,1500,1000,2000,N/A,,N/A,N/A,N/A,N/A,N/A,N/A,N/A,N/A,N/A,N/A,N/A,N/A,N/A,N/A,N/A,N/A,N/A,N/A,N/A,N/A,N/A,N/A,N/A,,N/A,N/A,N/A,A,0.58,N/A,N/A,,A,E?,3.06E-07,N/A,N/A,,N/A,N/A,N/A,N/A,N/A,N/A,N/A,N/A,N/A
,N/A,H2O,,,0,,N/A,NO,YES,Cylindrical,25.4 or 50.8,50.8 or 101.6,N/A,N/A,N/A,-1.5,-0.8,-2.5,,D,1500,1000,2000,N/A,,N/A,N/A,N/A,N/A,N/A,N/A,N/A,N/A,N/A,N/A,N/A,N/A,N/A,N/A,N/A,N/A,N/A,N/A,N/A,N/A,N/A,N/A,N/A,,N/A,N/A,N/A,A,0.65,N/A,N/A,,A,E?,2.55E-07,N/A,N/A,,N/A,N/A,N/A,N/A,N/A,N/A,N/A,N/A,N/A
,N/A,H2O,,,0,,N/A,NO,YES,Cylindrical,25.4 or 50.8,50.8 or 101.6,N/A,N/A,N/A,-1.5,-0.8,-2.5,,D,1500,1000,2000,N/A,,N/A,N/A,N/A,N/A,N/A,N/A,N/A,N/A,N/A,N/A,N/A,N/A,N/A,N/A,N/A,N/A,N/A,N/A,N/A,N/A,N/A,N/A,N/A,,N/A,N/A,N/A,A,0.64,N/A,N/A,,A,E?,2.15E-07,N/A,N/A,,N/A,N/A,N/A,N/A,N/A,N/A,N/A,N/A,N/A
,N/A,H2O,,,0,,N/A,NO,YES,Cylindrical,25.4 or 50.8,50.8 or 101.6,N/A,N/A,N/A,-1.5,-0.8,-2.5,,D,1500,1000,2000,N/A,,N/A,N/A,N/A,N/A,N/A,N/A,N/A,N/A,N/A,N/A,N/A,N/A,N/A,N/A,N/A,N/A,N/A,N/A,N/A,N/A,N/A,N/A,N/A,,N/A,N/A,N/A,A,0.37,N/A,N/A,,A,E?,8.03E-08,N/A,N/A,,N/A,N/A,N/A,N/A,N/A,N/A,N/A,N/A,N/A
,N/A,H2O,,,0,,N/A,NO,YES,Cylindrical,25.4 or 50.8,50.8 or 101.6,N/A,N/A,N/A,-1.5,-0.8,-2.5,,D,1500,1000,2000,N/A,,N/A,N/A,N/A,N/A,N/A,N/A,N/A,N/A,N/A,N/A,N/A,N/A,N/A,N/A,N/A,N/A,N/A,N/A,N/A,N/A,N/A,N/A,N/A,,N/A,N/A,N/A,A,0.38,N/A,N/A,,A,E?,7.38E-08,N/A,N/A,,N/A,N/A,N/A,N/A,N/A,N/A,N/A,N/A,N/A
,N/A,H2O,,,0,,N/A,NO,YES,Cylindrical,25.4 or 50.8,50.8 or 101.6,N/A,N/A,N/A,-1.5,-0.8,-2.5,,D,1500,1000,2000,N/A,,N/A,N/A,N/A,N/A,N/A,N/A,N/A,N/A,N/A,N/A,N/A,N/A,N/A,N/A,N/A,N/A,N/A,N/A,N/A,N/A,N/A,N/A,N/A,,N/A,N/A,N/A,A,0.35,N/A,N/A,,A,E?,3.04E-08,N/A,N/A,,N/A,N/A,N/A,N/A,N/A,N/A,N/A,N/A,N/A
,N/A,H2O,,,0,,N/A,NO,YES,Cylindrical,25.4 or 50.8,50.8 or 101.6,N/A,N/A,N/A,-1.5,-0.8,-2.5,,D,1500,1000,2000,N/A,,N/A,N/A,N/A,N/A,N/A,N/A,N/A,N/A,N/A,N/A,N/A,N/A,N/A,N/A,N/A,N/A,N/A,N/A,N/A,N/A,N/A,N/A,N/A,,N/A,N/A,N/A,A,0.27,N/A,N/A,,A,E?,1.44E-08,N/A,N/A,,N/A,N/A,N/A,N/A,N/A,N/A,N/A,N/A,N/A
,N/A,H2O,,,0,,N/A,NO,YES,Cylindrical,25.4 or 50.8,50.8 or 101.6,N/A,N/A,N/A,-1.5,-0.8,-2.5,,D,1500,1000,2000,N/A,,N/A,N/A,N/A,N/A,N/A,N/A,N/A,N/A,N/A,N/A,N/A,N/A,N/A,N/A,N/A,N/A,N/A,N/A,N/A,N/A,N/A,N/A,N/A,,N/A,N/A,N/A,A,0.26,N/A,N/A,,A,E?,1.36E-08,N/A,N/A,,N/A,N/A,N/A,N/A,N/A,N/A,N/A,N/A,N/A
,N/A,H2O,,,0,,N/A,NO,YES,Cylindrical,25.4 or 50.8,50.8 or 101.6,N/A,N/A,N/A,-1.5,-0.8,-2.5,,D,1500,1000,2000,N/A,,N/A,N/A,N/A,N/A,N/A,N/A,N/A,N/A,N/A,N/A,N/A,N/A,N/A,N/A,N/A,N/A,N/A,N/A,N/A,N/A,N/A,N/A,N/A,,N/A,N/A,N/A,A,0.24,N/A,N/A,,A,E?,7.75E-09,N/A,N/A,,N/A,N/A,N/A,N/A,N/A,N/A,N/A,N/A,N/A
,N/A,H2O,,,0,,N/A,NO,YES,Cylindrical,25.4 or 50.8,50.8 or 101.6,N/A,N/A,N/A,-1.5,-0.8,-2.5,,D,1500,1000,2000,N/A,,N/A,N/A,N/A,N/A,N/A,N/A,N/A,N/A,N/A,N/A,N/A,N/A,N/A,N/A,N/A,N/A,N/A,N/A,N/A,N/A,N/A,N/A,N/A,,N/A,N/A,N/A,A,0.23,N/A,N/A,,A,E?,6.74E-09,N/A,N/A,,N/A,N/A,N/A,N/A,N/A,N/A,N/A,N/A,N/A
,N/A,H2O,,,0,,N/A,NO,YES,Cylindrical,25.4 or 50.8,50.8 or 101.6,N/A,N/A,N/A,-1.5,-0.8,-2.5,,D,1500,1000,2000,N/A,,N/A,N/A,N/A,N/A,N/A,N/A,N/A,N/A,N/A,N/A,N/A,N/A,N/A,N/A,N/A,N/A,N/A,N/A,N/A,N/A,N/A,N/A,N/A,,N/A,N/A,N/A,A,0.22,N/A,N/A,,A,E?,4.80E-09,N/A,N/A,,N/A,N/A,N/A,N/A,N/A,N/A,N/A,N/A,N/A
,N/A,H2O,,,0,,N/A,NO,YES,Cylindrical,25.4 or 50.8,50.8 or 101.6,N/A,N/A,N/A,-1.5,-0.8,-2.5,,D,1500,1000,2000,N/A,,N/A,N/A,N/A,N/A,N/A,N/A,N/A,N/A,N/A,N/A,N/A,N/A,N/A,N/A,N/A,N/A,N/A,N/A,N/A,N/A,N/A,N/A,N/A,,N/A,N/A,N/A,A,0.16,N/A,N/A,,A,E?,4.61E-09,N/A,N/A,,N/A,N/A,N/A,N/A,N/A,N/A,N/A,N/A,N/A
,N/A,H2O,,,0,,N/A,NO,YES,Cylindrical,25.4 or 50.8,50.8 or 101.6,N/A,N/A,N/A,-1.5,-0.8,-2.5,,D,1500,1000,2000,N/A,,N/A,N/A,N/A,N/A,N/A,N/A,N/A,N/A,N/A,N/A,N/A,N/A,N/A,N/A,N/A,N/A,N/A,N/A,N/A,N/A,N/A,N/A,N/A,,N/A,N/A,N/A,A,0.19,N/A,N/A,,A,E?,4.48E-09,N/A,N/A,,N/A,N/A,N/A,N/A,N/A,N/A,N/A,N/A,N/A
,N/A,H2O,,,0,,N/A,NO,YES,Cylindrical,25.4 or 50.8,50.8 or 101.6,N/A,N/A,N/A,-1.5,-0.8,-2.5,,D,1500,1000,2000,N/A,,N/A,N/A,N/A,N/A,N/A,N/A,N/A,N/A,N/A,N/A,N/A,N/A,N/A,N/A,N/A,N/A,N/A,N/A,N/A,N/A,N/A,N/A,N/A,,N/A,N/A,N/A,A,0.18,N/A,N/A,,A,E?,2.93E-09,N/A,N/A,,N/A,N/A,N/A,N/A,N/A,N/A,N/A,N/A,N/A
,N/A,H2O,,,0,,N/A,NO,YES,Cylindrical,25.4 or 50.8,50.8 or 101.6,N/A,N/A,N/A,-1.5,-0.8,-2.5,,D,1500,1000,2000,N/A,,N/A,N/A,N/A,N/A,N/A,N/A,N/A,N/A,N/A,N/A,N/A,N/A,N/A,N/A,N/A,N/A,N/A,N/A,N/A,N/A,N/A,N/A,N/A,,N/A,N/A,N/A,A,0.15,N/A,N/A,,A,E?,2.03E-09,N/A,N/A,,N/A,N/A,N/A,N/A,N/A,N/A,N/A,N/A,N/A
,N/A,H2O,,,0,,N/A,NO,YES,Cylindrical,25.4 or 50.8,50.8 or 101.6,N/A,N/A,N/A,-1.5,-0.8,-2.5,,D,1500,1000,2000,N/A,,N/A,N/A,N/A,N/A,N/A,N/A,N/A,N/A,N/A,N/A,N/A,N/A,N/A,N/A,N/A,N/A,N/A,N/A,N/A,N/A,N/A,N/A,N/A,,N/A,N/A,N/A,A,0.09,N/A,N/A,,A,E?,1.30E-09,N/A,N/A,,N/A,N/A,N/A,N/A,N/A,N/A,N/A,N/A,N/A
Glen (1955),Beta,H2O,Constant load,Uniaxial compression,0,"Creep curves of strain as a function of time (Figs. 3-6). Temperature, sampe name, secondary minimum strain rate, and remarks summarized in a table 2.",N/A,YES,NO, Cylindrical,25.4 or 50.8,50.8 or 101.6,N/A,N/A,N/A,0,0.03,-0.03,"Samples immersed in a paraffin bath, which is immersed in a water-ice bath, the maximum variation of T in the paraffin bath is 0.03K (page 520).",D,1500,1000,2000,N/A,"Estimation of initial grain size provided on page 113, Glen (1952).",N/A,N/A,N/A,A,E,0.16,A,No correction for surface area expansion. But its effect should be low at seconday minimum.,A,E,8.75E-08,N/A,N/A,N/A,N/A,N/A,N/A,N/A,N/A,N/A,N/A,N/A,N/A,N/A,N/A,N/A,N/A,N/A,N/A,N/A,N/A,N/A,N/A,N/A,N/A,N/A,N/A,N/A,N/A,N/A,N/A,N/A,N/A,N/A,N/A,N/A,N/A
,Gamma,H2O,,,0,,N/A,YES,NO, Cylindrical,25.4 or 50.8,50.8 or 101.6,N/A,N/A,N/A,0,0.03,-0.03,,D,1500,1000,2000,N/A,,N/A,N/A,N/A,A,E,0.07,A,,A,E,5.61E-08,N/A,N/A,N/A,N/A,N/A,N/A,N/A,N/A,N/A,N/A,N/A,N/A,N/A,N/A,N/A,N/A,N/A,N/A,N/A,N/A,N/A,N/A,N/A,N/A,N/A,N/A,N/A,N/A,N/A,N/A,N/A,N/A,N/A,N/A,N/A,N/A
,Gamma',H2O,,,0,,N/A,YES,NO, Cylindrical,25.4 or 50.8,50.8 or 101.6,N/A,N/A,N/A,0,0.03,-0.03,,D,1500,1000,2000,N/A,,N/A,N/A,N/A,A,E,0.16,A,,A,E,5.90E-08,N/A,N/A,N/A,N/A,N/A,N/A,N/A,N/A,N/A,N/A,N/A,N/A,N/A,N/A,N/A,N/A,N/A,N/A,N/A,N/A,N/A,N/A,N/A,N/A,N/A,N/A,N/A,N/A,N/A,N/A,N/A,N/A,N/A,N/A,N/A,N/A
,Gamma'',H2O,,,0,,N/A,YES,NO, Cylindrical,25.4 or 50.8,50.8 or 101.6,N/A,N/A,N/A,0,0.03,-0.03,,D,1500,1000,2000,N/A,,N/A,N/A,N/A,A,E,0.24,A,,A,E,7.36E-08,N/A,N/A,N/A,N/A,N/A,N/A,N/A,N/A,N/A,N/A,N/A,N/A,N/A,N/A,N/A,N/A,N/A,N/A,N/A,N/A,N/A,N/A,N/A,N/A,N/A,N/A,N/A,N/A,N/A,N/A,N/A,N/A,N/A,N/A,N/A,N/A
,Delta,H2O,,,0,,N/A,YES,NO, Cylindrical,25.4 or 50.8,50.8 or 101.6,N/A,N/A,N/A,0,0.03,-0.03,,D,1500,1000,2000,N/A,,N/A,N/A,N/A,A,E,0.07,A,,A,E,2.06E-08,N/A,N/A,N/A,N/A,N/A,N/A,N/A,N/A,N/A,N/A,N/A,N/A,N/A,N/A,N/A,N/A,N/A,N/A,N/A,N/A,N/A,N/A,N/A,N/A,N/A,N/A,N/A,N/A,N/A,N/A,N/A,N/A,N/A,N/A,N/A,N/A
,Epsilon,H2O,,,0,,N/A,NO,NO, Cylindrical,25.4 or 50.8,50.8 or 101.6,N/A,N/A,N/A,-0.02,-0.01,-0.03,,D,1500,1000,2000,N/A,,N/A,N/A,N/A,A,E,0.09,A,,A,E,9.20E-09,N/A,N/A,Had not reached steady state. Data not used (Table 2).,N/A,N/A,N/A,N/A,N/A,N/A,N/A,N/A,N/A,N/A,N/A,N/A,N/A,N/A,N/A,N/A,N/A,N/A,N/A,N/A,N/A,N/A,N/A,N/A,N/A,N/A,N/A,N/A,N/A,N/A,N/A,N/A,N/A
,Theta,H2O,,,0,,N/A,YES,NO, Cylindrical,25.4 or 50.8,50.8 or 101.6,N/A,N/A,N/A,-0.02,-0.01,-0.03,,D,1500,1000,2000,N/A,,N/A,N/A,N/A,A,E,0.15,A,,A,E,2.16E-08,N/A,N/A,N/A,N/A,N/A,N/A,N/A,N/A,N/A,N/A,N/A,N/A,N/A,N/A,N/A,N/A,N/A,N/A,N/A,N/A,N/A,N/A,N/A,N/A,N/A,N/A,N/A,N/A,N/A,N/A,N/A,N/A,N/A,N/A,N/A,N/A
,Eta,H2O,,,0,,N/A,YES,NO, Cylindrical,25.4 or 50.8,50.8 or 101.6,N/A,N/A,N/A,-0.02,-0.01,-0.03,,D,1500,1000,2000,N/A,,N/A,N/A,N/A,A,E,0.23,A,,A,E,4.06E-08,N/A,N/A,N/A,N/A,N/A,N/A,N/A,N/A,N/A,N/A,N/A,N/A,N/A,N/A,N/A,N/A,N/A,N/A,N/A,N/A,N/A,N/A,N/A,N/A,N/A,N/A,N/A,N/A,N/A,N/A,N/A,N/A,N/A,N/A,N/A,N/A
,k,H2O,,,0,,N/A,YES,NO, Cylindrical,25.4 or 50.8,50.8 or 101.6,N/A,N/A,N/A,-0.02,-0.01,-0.03,,D,1500,1000,2000,N/A,,N/A,N/A,N/A,A,E,0.33,A,,A,E,1.33E-07,N/A,N/A,N/A,N/A,N/A,N/A,N/A,N/A,N/A,N/A,N/A,N/A,N/A,N/A,N/A,N/A,N/A,N/A,N/A,N/A,N/A,N/A,N/A,N/A,N/A,N/A,N/A,N/A,N/A,N/A,N/A,N/A,N/A,N/A,N/A,N/A
,j,H2O,,,0,,N/A,YES,NO, Cylindrical,25.4 or 50.8,50.8 or 101.6,N/A,N/A,N/A,-0.02,-0.01,-0.03,,D,1500,1000,2000,N/A,,N/A,N/A,N/A,A,E,0.36,A,,A,E,2.17E-07,N/A,N/A,N/A,N/A,N/A,N/A,N/A,N/A,N/A,N/A,N/A,N/A,N/A,N/A,N/A,N/A,N/A,N/A,N/A,N/A,N/A,N/A,N/A,N/A,N/A,N/A,N/A,N/A,N/A,N/A,N/A,N/A,N/A,N/A,N/A,N/A
,h,H2O,,,0,,N/A,YES,NO, Cylindrical,25.4 or 50.8,50.8 or 101.6,N/A,N/A,N/A,-0.02,-0.01,-0.03,,D,1500,1000,2000,N/A,,N/A,N/A,N/A,A,E,0.61,A,,A,E,1.55E-06,N/A,N/A,N/A,N/A,N/A,N/A,N/A,N/A,N/A,N/A,N/A,N/A,N/A,N/A,N/A,N/A,N/A,N/A,N/A,N/A,N/A,N/A,N/A,N/A,N/A,N/A,N/A,N/A,N/A,N/A,N/A,N/A,N/A,N/A,N/A,N/A
,i,H2O,,,0,,N/A,YES,NO, Cylindrical,25.4 or 50.8,50.8 or 101.6,N/A,N/A,N/A,-0.02,-0.01,-0.03,,D,1500,1000,2000,N/A,,N/A,N/A,N/A,A,E,0.62,A,,A,E,1.51E-06,N/A,N/A,N/A,N/A,N/A,N/A,N/A,N/A,N/A,N/A,N/A,N/A,N/A,N/A,N/A,N/A,N/A,N/A,N/A,N/A,N/A,N/A,N/A,N/A,N/A,N/A,N/A,N/A,N/A,N/A,N/A,N/A,N/A,N/A,N/A,N/A
,a,H2O,,,0,,N/A,YES,NO, Cylindrical,25.4 or 50.8,50.8 or 101.6,N/A,N/A,N/A,-0.02,-0.01,-0.03,,D,1500,1000,2000,N/A,,N/A,N/A,N/A,A,E,0.85,A,,A,E,3.87E-06,N/A,N/A,N/A,N/A,N/A,N/A,N/A,N/A,N/A,N/A,N/A,N/A,N/A,N/A,N/A,N/A,N/A,N/A,N/A,N/A,N/A,N/A,N/A,N/A,N/A,N/A,N/A,N/A,N/A,N/A,N/A,N/A,N/A,N/A,N/A,N/A
,b,H2O,,,0,,N/A,YES,NO, Cylindrical,25.4 or 50.8,50.8 or 101.6,N/A,N/A,N/A,-0.02,-0.01,-0.03,,D,1500,1000,2000,N/A,,N/A,N/A,N/A,A,E,0.87,A,,A,E,3.55E-06,N/A,N/A,N/A,N/A,N/A,N/A,N/A,N/A,N/A,N/A,N/A,N/A,N/A,N/A,N/A,N/A,N/A,N/A,N/A,N/A,N/A,N/A,N/A,N/A,N/A,N/A,N/A,N/A,N/A,N/A,N/A,N/A,N/A,N/A,N/A,N/A
,d,H2O,,,0,,N/A,YES,NO, Cylindrical,25.4 or 50.8,50.8 or 101.6,N/A,N/A,N/A,-0.02,-0.01,-0.03,,D,1500,1000,2000,N/A,,N/A,N/A,N/A,A,E,0.87,A,,A,E,9.32E-06,N/A,N/A,N/A,N/A,N/A,N/A,N/A,N/A,N/A,N/A,N/A,N/A,N/A,N/A,N/A,N/A,N/A,N/A,N/A,N/A,N/A,N/A,N/A,N/A,N/A,N/A,N/A,N/A,N/A,N/A,N/A,N/A,N/A,N/A,N/A,N/A
,f,H2O,,,0,,N/A,YES,NO, Cylindrical,25.4 or 50.8,50.8 or 101.6,N/A,N/A,N/A,-0.02,-0.01,-0.03,,D,1500,1000,2000,N/A,,N/A,N/A,N/A,A,E,0.87,A,,A,E,6.12E-06,N/A,N/A,N/A,N/A,N/A,N/A,N/A,N/A,N/A,N/A,N/A,N/A,N/A,N/A,N/A,N/A,N/A,N/A,N/A,N/A,N/A,N/A,N/A,N/A,N/A,N/A,N/A,N/A,N/A,N/A,N/A,N/A,N/A,N/A,N/A,N/A
,g,H2O,,,0,,N/A,YES,NO, Cylindrical,25.4 or 50.8,50.8 or 101.6,N/A,N/A,N/A,-0.02,-0.01,-0.03,,D,1500,1000,2000,N/A,,N/A,N/A,N/A,A,E,0.9,A,,A,E,8.31E-06,N/A,N/A,N/A,N/A,N/A,N/A,N/A,N/A,N/A,N/A,N/A,N/A,N/A,N/A,N/A,N/A,N/A,N/A,N/A,N/A,N/A,N/A,N/A,N/A,N/A,N/A,N/A,N/A,N/A,N/A,N/A,N/A,N/A,N/A,N/A,N/A
,c,H2O,,,0,,N/A,YES,NO, Cylindrical,25.4 or 50.8,50.8 or 101.6,N/A,N/A,N/A,-0.02,-0.01,-0.03,,D,1500,1000,2000,N/A,,N/A,N/A,N/A,A,E,0.92,A,,A,E,1.03E-05,N/A,N/A,N/A,N/A,N/A,N/A,N/A,N/A,N/A,N/A,N/A,N/A,N/A,N/A,N/A,N/A,N/A,N/A,N/A,N/A,N/A,N/A,N/A,N/A,N/A,N/A,N/A,N/A,N/A,N/A,N/A,N/A,N/A,N/A,N/A,N/A
,xii,H2O,,,0,,N/A,YES,NO, Cylindrical,25.4 or 50.8,50.8 or 101.6,N/A,N/A,N/A,-1.5,-1,-2,Samples are immersed in a paraffin bath and placed in a cold chamber. The minimum variation of T is 0.5K (page 520).,D,1500,1000,2000,N/A,,N/A,N/A,N/A,A,E,0.09,A,,A,E,1.35E-09,N/A,N/A,N/A,N/A,N/A,N/A,N/A,N/A,N/A,N/A,N/A,N/A,N/A,N/A,N/A,N/A,N/A,N/A,N/A,N/A,N/A,N/A,N/A,N/A,N/A,N/A,N/A,N/A,N/A,N/A,N/A,N/A,N/A,N/A,N/A,N/A
,xi,H2O,,,0,,N/A,YES,NO, Cylindrical,25.4 or 50.8,50.8 or 101.6,N/A,N/A,N/A,-1.7,-1.2,-2.2,,D,1500,1000,2000,N/A,,N/A,N/A,N/A,A,E,0.15,A,,A,E,2.16E-09,N/A,N/A,N/A,N/A,N/A,N/A,N/A,N/A,N/A,N/A,N/A,N/A,N/A,N/A,N/A,N/A,N/A,N/A,N/A,N/A,N/A,N/A,N/A,N/A,N/A,N/A,N/A,N/A,N/A,N/A,N/A,N/A,N/A,N/A,N/A,N/A
,x,H2O,,,0,,N/A,YES,NO, Cylindrical,25.4 or 50.8,50.8 or 101.6,N/A,N/A,N/A,-1.3,-0.8,-1.8,,D,1500,1000,2000,N/A,,N/A,N/A,N/A,A,E,0.15,A,,A,E,4.63E-09,N/A,N/A,N/A,N/A,N/A,N/A,N/A,N/A,N/A,N/A,N/A,N/A,N/A,N/A,N/A,N/A,N/A,N/A,N/A,N/A,N/A,N/A,N/A,N/A,N/A,N/A,N/A,N/A,N/A,N/A,N/A,N/A,N/A,N/A,N/A,N/A
,iv,H2O,,,0,,N/A,YES,NO, Cylindrical,25.4 or 50.8,50.8 or 101.6,N/A,N/A,N/A,-1.3,-0.8,-1.8,,D,1500,1000,2000,N/A,,N/A,N/A,N/A,A,E,0.17,A,,A,E,2.73E-09,N/A,N/A,N/A,N/A,N/A,N/A,N/A,N/A,N/A,N/A,N/A,N/A,N/A,N/A,N/A,N/A,N/A,N/A,N/A,N/A,N/A,N/A,N/A,N/A,N/A,N/A,N/A,N/A,N/A,N/A,N/A,N/A,N/A,N/A,N/A,N/A
,vi,H2O,,,0,,N/A,YES,NO, Cylindrical,25.4 or 50.8,50.8 or 101.6,N/A,N/A,N/A,-1.6,-1.1,-2.1,,D,1500,1000,2000,N/A,,N/A,N/A,N/A,A,E,0.18,A,,A,E,7.01E-09,N/A,N/A,N/A,N/A,N/A,N/A,N/A,N/A,N/A,N/A,N/A,N/A,N/A,N/A,N/A,N/A,N/A,N/A,N/A,N/A,N/A,N/A,N/A,N/A,N/A,N/A,N/A,N/A,N/A,N/A,N/A,N/A,N/A,N/A,N/A,N/A
,v,H2O,,,0,,N/A,NO,NO, Cylindrical,25.4 or 50.8,50.8 or 101.6,N/A,N/A,N/A,-1.5,-1,-2,,D,1500,1000,2000,N/A,,N/A,N/A,N/A,A,E,0.19,A,,A,E,3.58E-09,N/A,N/A,No transient creep. Data not used.,N/A,N/A,N/A,N/A,N/A,N/A,N/A,N/A,N/A,N/A,N/A,N/A,N/A,N/A,N/A,N/A,N/A,N/A,N/A,N/A,N/A,N/A,N/A,N/A,N/A,N/A,N/A,N/A,N/A,N/A,N/A,N/A,N/A
,vii,H2O,,,0,,N/A,YES,NO, Cylindrical,25.4 or 50.8,50.8 or 101.6,N/A,N/A,N/A,-1.1,-0.6,-1.6,,D,1500,1000,2000,N/A,,N/A,N/A,N/A,A,E,0.24,A,,A,E,7.48E-09,N/A,N/A,N/A,N/A,N/A,N/A,N/A,N/A,N/A,N/A,N/A,N/A,N/A,N/A,N/A,N/A,N/A,N/A,N/A,N/A,N/A,N/A,N/A,N/A,N/A,N/A,N/A,N/A,N/A,N/A,N/A,N/A,N/A,N/A,N/A,N/A
,ix,H2O,,,0,,N/A,YES,NO, Cylindrical,25.4 or 50.8,50.8 or 101.6,N/A,N/A,N/A,-1.5,-1,-2,,D,1500,1000,2000,N/A,,N/A,N/A,N/A,A,E,0.25,A,,A,E,1.13E-08,N/A,N/A,N/A,N/A,N/A,N/A,N/A,N/A,N/A,N/A,N/A,N/A,N/A,N/A,N/A,N/A,N/A,N/A,N/A,N/A,N/A,N/A,N/A,N/A,N/A,N/A,N/A,N/A,N/A,N/A,N/A,N/A,N/A,N/A,N/A,N/A
,viii,H2O,,,0,,N/A,YES,NO, Cylindrical,25.4 or 50.8,50.8 or 101.6,N/A,N/A,N/A,-2.1,-1.6,-2.6,,D,1500,1000,2000,N/A,,N/A,N/A,N/A,A,E,0.28,A,,A,E,1.22E-08,N/A,N/A,N/A,N/A,N/A,N/A,N/A,N/A,N/A,N/A,N/A,N/A,N/A,N/A,N/A,N/A,N/A,N/A,N/A,N/A,N/A,N/A,N/A,N/A,N/A,N/A,N/A,N/A,N/A,N/A,N/A,N/A,N/A,N/A,N/A,N/A
,F,H2O,,,0,,N/A,YES,NO, Cylindrical,25.4 or 50.8,50.8 or 101.6,N/A,N/A,N/A,-1.5,-1,-2,,D,1500,1000,2000,N/A,,N/A,N/A,N/A,A,E,0.37,A,,A,E,2.47E-08,N/A,N/A,N/A,N/A,N/A,N/A,N/A,N/A,N/A,N/A,N/A,N/A,N/A,N/A,N/A,N/A,N/A,N/A,N/A,N/A,N/A,N/A,N/A,N/A,N/A,N/A,N/A,N/A,N/A,N/A,N/A,N/A,N/A,N/A,N/A,N/A
,C,H2O,,,0,,N/A,YES,NO, Cylindrical,25.4 or 50.8,50.8 or 101.6,N/A,N/A,N/A,-1.3,-0.8,-1.8,,D,1500,1000,2000,N/A,,N/A,N/A,N/A,A,E,0.38,A,,A,E,7.29E-08,N/A,N/A,N/A,N/A,N/A,N/A,N/A,N/A,N/A,N/A,N/A,N/A,N/A,N/A,N/A,N/A,N/A,N/A,N/A,N/A,N/A,N/A,N/A,N/A,N/A,N/A,N/A,N/A,N/A,N/A,N/A,N/A,N/A,N/A,N/A,N/A
,B,H2O,,,0,,N/A,YES,NO, Cylindrical,25.4 or 50.8,50.8 or 101.6,N/A,N/A,N/A,-1.3,-0.8,-1.8,,D,1500,1000,2000,N/A,,N/A,N/A,N/A,A,E,0.41,A,,A,E,7.23E-08,N/A,N/A,N/A,N/A,N/A,N/A,N/A,N/A,N/A,N/A,N/A,N/A,N/A,N/A,N/A,N/A,N/A,N/A,N/A,N/A,N/A,N/A,N/A,N/A,N/A,N/A,N/A,N/A,N/A,N/A,N/A,N/A,N/A,N/A,N/A,N/A
,A,H2O,,,0,,N/A,YES,NO, Cylindrical,25.4 or 50.8,50.8 or 101.6,N/A,N/A,N/A,-2,-1.5,-2.5,,D,1500,1000,2000,N/A,,N/A,N/A,N/A,A,E,0.63,A,,A,E,2.98E-07,N/A,N/A,N/A,N/A,N/A,N/A,N/A,N/A,N/A,N/A,N/A,N/A,N/A,N/A,N/A,N/A,N/A,N/A,N/A,N/A,N/A,N/A,N/A,N/A,N/A,N/A,N/A,N/A,N/A,N/A,N/A,N/A,N/A,N/A,N/A,N/A
,E,H2O,,,0,,N/A,YES,NO, Cylindrical,25.4 or 50.8,50.8 or 101.6,N/A,N/A,N/A,-1.2,-0.7,-1.7,,D,1500,1000,2000,N/A,,N/A,N/A,N/A,A,E,0.64,A,,A,E,2.27E-07,N/A,N/A,N/A,N/A,N/A,N/A,N/A,N/A,N/A,N/A,N/A,N/A,N/A,N/A,N/A,N/A,N/A,N/A,N/A,N/A,N/A,N/A,N/A,N/A,N/A,N/A,N/A,N/A,N/A,N/A,N/A,N/A,N/A,N/A,N/A,N/A
,D,H2O,,,0,,N/A,YES,NO, Cylindrical,25.4 or 50.8,50.8 or 101.6,N/A,N/A,N/A,-1.4,-0.9,-1.9,,D,1500,1000,2000,N/A,,N/A,N/A,N/A,A,E,0.93,A,,A,E,6.88E-07,N/A,N/A,N/A,N/A,N/A,N/A,N/A,N/A,N/A,N/A,N/A,N/A,N/A,N/A,N/A,N/A,N/A,N/A,N/A,N/A,N/A,N/A,N/A,N/A,N/A,N/A,N/A,N/A,N/A,N/A,N/A,N/A,N/A,N/A,N/A,N/A
,1,H2O,,,0,,N/A,YES,NO, Cylindrical,25.4 or 50.8,50.8 or 101.6,N/A,N/A,N/A,-6.8,-6.3,-7.3,,D,1500,1000,2000,N/A,,N/A,N/A,N/A,A,E,0.22,A,,A,E,3.27E-09,N/A,N/A,N/A,N/A,N/A,N/A,N/A,N/A,N/A,N/A,N/A,N/A,N/A,N/A,N/A,N/A,N/A,N/A,N/A,N/A,N/A,N/A,N/A,N/A,N/A,N/A,N/A,N/A,N/A,N/A,N/A,N/A,N/A,N/A,N/A,N/A
,2,H2O,,,0,,N/A,YES,NO, Cylindrical,25.4 or 50.8,50.8 or 101.6,N/A,N/A,N/A,-6.7,-6.2,-7.2,,D,1500,1000,2000,N/A,,N/A,N/A,N/A,A,E,0.6,A,,A,E,8.21E-08,N/A,N/A,N/A,N/A,N/A,N/A,N/A,N/A,N/A,N/A,N/A,N/A,N/A,N/A,N/A,N/A,N/A,N/A,N/A,N/A,N/A,N/A,N/A,N/A,N/A,N/A,N/A,N/A,N/A,N/A,N/A,N/A,N/A,N/A,N/A,N/A
,3,H2O,,,0,,N/A,YES,NO, Cylindrical,25.4 or 50.8,50.8 or 101.6,N/A,N/A,N/A,-12.7,-12.2,-13.2,,D,1500,1000,2000,N/A,,N/A,N/A,N/A,A,E,0.59,A,,A,E,1.55E-08,N/A,N/A,N/A,N/A,N/A,N/A,N/A,N/A,N/A,N/A,N/A,N/A,N/A,N/A,N/A,N/A,N/A,N/A,N/A,N/A,N/A,N/A,N/A,N/A,N/A,N/A,N/A,N/A,N/A,N/A,N/A,N/A,N/A,N/A,N/A,N/A
Duval & Gac (1980),A1,H2O,Constant stress,Uniaxial compression,0,Minimum strain rate vs. grain size (Fig. 4). Summary data in table (Table 1).,N/A,MAYBE,NO, Cylindrical,80,119,N/A,N/A,N/A,-4.6,N/A,N/A,Temperature controlled by a cold room.,D,1800,1700,1900,N/A,page 153,Rigsby stage,N/A,N/A,A,E?,0.5,A,Secondary creep possibly not reached at the end of experiments (max strain 0.5-1%) (page 153).,A,E?,1.90E-08,N/A,N/A,Secondary creep possibly not reached (page 153).,N/A,N/A,N/A,N/A,N/A,N/A,N/A,N/A,N/A,N/A,N/A,N/A,N/A,N/A,N/A,N/A,N/A,N/A,N/A,N/A,N/A,N/A,N/A,N/A,N/A,N/A,N/A,N/A,N/A,N/A,N/A,N/A,N/A
,A2,H2O,,,0,,N/A,MAYBE,NO, Cylindrical,80,120,N/A,N/A,N/A,-7,N/A,N/A,,D,5060,4060,6060,N/A,,,N/A,N/A,A,E?,0.5,A,,A,E?,9.00E-09,N/A,N/A,,N/A,N/A,N/A,N/A,N/A,N/A,N/A,N/A,N/A,N/A,N/A,N/A,N/A,N/A,N/A,N/A,N/A,N/A,N/A,N/A,N/A,N/A,N/A,N/A,N/A,N/A,N/A,N/A,N/A,N/A,N/A,N/A,N/A
,A3,H2O,,,0,,N/A,MAYBE,NO, Cylindrical,80,120,N/A,N/A,N/A,-7.2,N/A,N/A,,D,1070,970,1170,N/A,,,N/A,N/A,A,E?,0.48,A,,A,E?,1.00E-08,N/A,N/A,,N/A,N/A,N/A,N/A,N/A,N/A,N/A,N/A,N/A,N/A,N/A,N/A,N/A,N/A,N/A,N/A,N/A,N/A,N/A,N/A,N/A,N/A,N/A,N/A,N/A,N/A,N/A,N/A,N/A,N/A,N/A,N/A,N/A
,A4,H2O,,,0,,N/A,MAYBE,NO, Cylindrical,80,117,N/A,N/A,N/A,-7.2,N/A,N/A,,D,1100,1000,1200,N/A,,,N/A,N/A,A,E?,0.5,A,,A,E?,1.20E-08,N/A,N/A,,N/A,N/A,N/A,N/A,N/A,N/A,N/A,N/A,N/A,N/A,N/A,N/A,N/A,N/A,N/A,N/A,N/A,N/A,N/A,N/A,N/A,N/A,N/A,N/A,N/A,N/A,N/A,N/A,N/A,N/A,N/A,N/A,N/A
,A5,H2O,,,0,,N/A,MAYBE,NO, Cylindrical,80,120,N/A,N/A,N/A,-7.2,N/A,N/A,,D,1400,1300,1500,N/A,,,N/A,N/A,A,E?,0.48,A,,A,E?,8.00E-09,N/A,N/A,,N/A,N/A,N/A,N/A,N/A,N/A,N/A,N/A,N/A,N/A,N/A,N/A,N/A,N/A,N/A,N/A,N/A,N/A,N/A,N/A,N/A,N/A,N/A,N/A,N/A,N/A,N/A,N/A,N/A,N/A,N/A,N/A,N/A
,A6,H2O,,,0,,N/A,MAYBE,NO, Cylindrical,80,119,N/A,N/A,N/A,-7.2,N/A,N/A,,D,7000,6000,8000,N/A,,,N/A,N/A,A,E?,0.49,A,,A,E?,4.00E-09,N/A,N/A,,N/A,N/A,N/A,N/A,N/A,N/A,N/A,N/A,N/A,N/A,N/A,N/A,N/A,N/A,N/A,N/A,N/A,N/A,N/A,N/A,N/A,N/A,N/A,N/A,N/A,N/A,N/A,N/A,N/A,N/A,N/A,N/A,N/A
,A7,H2O,,,0,,N/A,MAYBE,NO, Cylindrical,80,118,N/A,N/A,N/A,-7.2,N/A,N/A,,D,1880,1780,1980,N/A,,,N/A,N/A,A,E?,0.49,A,,A,E?,7.00E-09,N/A,N/A,,N/A,N/A,N/A,N/A,N/A,N/A,N/A,N/A,N/A,N/A,N/A,N/A,N/A,N/A,N/A,N/A,N/A,N/A,N/A,N/A,N/A,N/A,N/A,N/A,N/A,N/A,N/A,N/A,N/A,N/A,N/A,N/A,N/A
Jones & Chew (1981),N/A,H2O,Constant stress,Uniaxial compression,0,High strain rate (5E-4/s) but without confining pressure. Sample cracking is very possible during deformation. These data are in duplicate with Jones & Chew (1983). We use the latter one for modelling as it includes more data points.,N/A,NO,NO, Cylindrical,20,60,N/A,N/A,N/A,-10.5,N/A,N/A,N/A,D,900.41,N/A,N/A,N/A,Grain size digitised from Fig. 1.,N/A,N/A,N/A,A,E?,7.8,A,Stress digitised from Fig. 1.,A,E?,5.50E-04,N/A,N/A,N/A,N/A,N/A,N/A,N/A,N/A,N/A,N/A,N/A,N/A,N/A,N/A,N/A,N/A,N/A,N/A,N/A,N/A,N/A,N/A,N/A,N/A,N/A,N/A,N/A,N/A,N/A,N/A,N/A,N/A,N/A,N/A,N/A,N/A
,N/A,H2O,,,0,,N/A,NO,NO, Cylindrical,20,60,N/A,N/A,N/A,-10.5,N/A,N/A,N/A,D,900.63,N/A,N/A,N/A,,N/A,N/A,N/A,A,E?,7.09,A,,A,E?,5.50E-04,N/A,N/A,N/A,N/A,N/A,N/A,N/A,N/A,N/A,N/A,N/A,N/A,N/A,N/A,N/A,N/A,N/A,N/A,N/A,N/A,N/A,N/A,N/A,N/A,N/A,N/A,N/A,N/A,N/A,N/A,N/A,N/A,N/A,N/A,N/A,N/A
,N/A,H2O,,,0,,N/A,NO,NO, Cylindrical,20,60,N/A,N/A,N/A,-10.5,N/A,N/A,N/A,D,999.14,N/A,N/A,N/A,,N/A,N/A,N/A,A,E?,7.48,A,,A,E?,5.50E-04,N/A,N/A,N/A,N/A,N/A,N/A,N/A,N/A,N/A,N/A,N/A,N/A,N/A,N/A,N/A,N/A,N/A,N/A,N/A,N/A,N/A,N/A,N/A,N/A,N/A,N/A,N/A,N/A,N/A,N/A,N/A,N/A,N/A,N/A,N/A,N/A
,N/A,H2O,,,0,,N/A,NO,NO, Cylindrical,20,60,N/A,N/A,N/A,-10.5,N/A,N/A,N/A,D,999.17,N/A,N/A,N/A,,N/A,N/A,N/A,A,E?,7.39,A,,A,E?,5.50E-04,N/A,N/A,N/A,N/A,N/A,N/A,N/A,N/A,N/A,N/A,N/A,N/A,N/A,N/A,N/A,N/A,N/A,N/A,N/A,N/A,N/A,N/A,N/A,N/A,N/A,N/A,N/A,N/A,N/A,N/A,N/A,N/A,N/A,N/A,N/A,N/A
,N/A,H2O,,,0,,N/A,NO,NO, Cylindrical,20,60,N/A,N/A,N/A,-10.5,N/A,N/A,N/A,D,1102.85,N/A,N/A,N/A,,N/A,N/A,N/A,A,E?,8.76,A,,A,E?,5.50E-04,N/A,N/A,N/A,N/A,N/A,N/A,N/A,N/A,N/A,N/A,N/A,N/A,N/A,N/A,N/A,N/A,N/A,N/A,N/A,N/A,N/A,N/A,N/A,N/A,N/A,N/A,N/A,N/A,N/A,N/A,N/A,N/A,N/A,N/A,N/A,N/A
,N/A,H2O,,,0,,N/A,NO,NO, Cylindrical,20,60,N/A,N/A,N/A,-10.5,N/A,N/A,N/A,D,1103.19,N/A,N/A,N/A,,N/A,N/A,N/A,A,E?,7.66,A,,A,E?,5.50E-04,N/A,N/A,N/A,N/A,N/A,N/A,N/A,N/A,N/A,N/A,N/A,N/A,N/A,N/A,N/A,N/A,N/A,N/A,N/A,N/A,N/A,N/A,N/A,N/A,N/A,N/A,N/A,N/A,N/A,N/A,N/A,N/A,N/A,N/A,N/A,N/A
,N/A,H2O,,,0,,N/A,NO,NO, Cylindrical,20,60,N/A,N/A,N/A,-10.5,N/A,N/A,N/A,D,1103.23,N/A,N/A,N/A,,N/A,N/A,N/A,A,E?,7.56,A,,A,E?,5.50E-04,N/A,N/A,N/A,N/A,N/A,N/A,N/A,N/A,N/A,N/A,N/A,N/A,N/A,N/A,N/A,N/A,N/A,N/A,N/A,N/A,N/A,N/A,N/A,N/A,N/A,N/A,N/A,N/A,N/A,N/A,N/A,N/A,N/A,N/A,N/A,N/A
,N/A,H2O,,,0,,N/A,NO,NO, Cylindrical,20,60,N/A,N/A,N/A,-10.5,N/A,N/A,N/A,D,1103.27,N/A,N/A,N/A,,N/A,N/A,N/A,A,E?,7.42,A,,A,E?,5.50E-04,N/A,N/A,N/A,N/A,N/A,N/A,N/A,N/A,N/A,N/A,N/A,N/A,N/A,N/A,N/A,N/A,N/A,N/A,N/A,N/A,N/A,N/A,N/A,N/A,N/A,N/A,N/A,N/A,N/A,N/A,N/A,N/A,N/A,N/A,N/A,N/A
,N/A,H2O,,,0,,N/A,NO,NO, Cylindrical,20,60,N/A,N/A,N/A,-10.5,N/A,N/A,N/A,D,1198.47,N/A,N/A,N/A,,N/A,N/A,N/A,A,E?,7.88,A,,A,E?,5.50E-04,N/A,N/A,N/A,N/A,N/A,N/A,N/A,N/A,N/A,N/A,N/A,N/A,N/A,N/A,N/A,N/A,N/A,N/A,N/A,N/A,N/A,N/A,N/A,N/A,N/A,N/A,N/A,N/A,N/A,N/A,N/A,N/A,N/A,N/A,N/A,N/A
,N/A,H2O,,,0,,N/A,NO,NO, Cylindrical,20,60,N/A,N/A,N/A,-10.5,N/A,N/A,N/A,D,1197.42,N/A,N/A,N/A,,N/A,N/A,N/A,A,E?,7.74,A,,A,E?,5.50E-04,N/A,N/A,N/A,N/A,N/A,N/A,N/A,N/A,N/A,N/A,N/A,N/A,N/A,N/A,N/A,N/A,N/A,N/A,N/A,N/A,N/A,N/A,N/A,N/A,N/A,N/A,N/A,N/A,N/A,N/A,N/A,N/A,N/A,N/A,N/A,N/A
,N/A,H2O,,,0,,N/A,NO,NO, Cylindrical,20,60,N/A,N/A,N/A,-10.5,N/A,N/A,N/A,D,1197.5,N/A,N/A,N/A,,N/A,N/A,N/A,A,E?,7.48,A,,A,E?,5.50E-04,N/A,N/A,N/A,N/A,N/A,N/A,N/A,N/A,N/A,N/A,N/A,N/A,N/A,N/A,N/A,N/A,N/A,N/A,N/A,N/A,N/A,N/A,N/A,N/A,N/A,N/A,N/A,N/A,N/A,N/A,N/A,N/A,N/A,N/A,N/A,N/A
,N/A,H2O,,,0,,N/A,NO,NO, Cylindrical,20,60,N/A,N/A,N/A,-10.5,N/A,N/A,N/A,D,1197.62,N/A,N/A,N/A,,N/A,N/A,N/A,A,E?,7.1,A,,A,E?,5.50E-04,N/A,N/A,N/A,N/A,N/A,N/A,N/A,N/A,N/A,N/A,N/A,N/A,N/A,N/A,N/A,N/A,N/A,N/A,N/A,N/A,N/A,N/A,N/A,N/A,N/A,N/A,N/A,N/A,N/A,N/A,N/A,N/A,N/A,N/A,N/A,N/A
,N/A,H2O,,,0,,N/A,NO,NO, Cylindrical,20,60,N/A,N/A,N/A,-10.5,N/A,N/A,N/A,D,1300.34,N/A,N/A,N/A,,N/A,N/A,N/A,A,E?,8.02,A,,A,E?,5.50E-04,N/A,N/A,N/A,N/A,N/A,N/A,N/A,N/A,N/A,N/A,N/A,N/A,N/A,N/A,N/A,N/A,N/A,N/A,N/A,N/A,N/A,N/A,N/A,N/A,N/A,N/A,N/A,N/A,N/A,N/A,N/A,N/A,N/A,N/A,N/A,N/A
,N/A,H2O,,,0,,N/A,NO,NO, Cylindrical,20,60,N/A,N/A,N/A,-10.5,N/A,N/A,N/A,D,1300.42,N/A,N/A,N/A,,N/A,N/A,N/A,A,E?,7.76,A,,A,E?,5.50E-04,N/A,N/A,N/A,N/A,N/A,N/A,N/A,N/A,N/A,N/A,N/A,N/A,N/A,N/A,N/A,N/A,N/A,N/A,N/A,N/A,N/A,N/A,N/A,N/A,N/A,N/A,N/A,N/A,N/A,N/A,N/A,N/A,N/A,N/A,N/A,N/A
,N/A,H2O,,,0,,N/A,NO,NO, Cylindrical,20,60,N/A,N/A,N/A,-10.5,N/A,N/A,N/A,D,1300.54,N/A,N/A,N/A,,N/A,N/A,N/A,A,E?,7.4,A,,A,E?,5.50E-04,N/A,N/A,N/A,N/A,N/A,N/A,N/A,N/A,N/A,N/A,N/A,N/A,N/A,N/A,N/A,N/A,N/A,N/A,N/A,N/A,N/A,N/A,N/A,N/A,N/A,N/A,N/A,N/A,N/A,N/A,N/A,N/A,N/A,N/A,N/A,N/A
,N/A,H2O,,,0,,N/A,NO,NO, Cylindrical,20,60,N/A,N/A,N/A,-10.5,N/A,N/A,N/A,D,1300.65,N/A,N/A,N/A,,N/A,N/A,N/A,A,E?,7.05,A,,A,E?,5.50E-04,N/A,N/A,N/A,N/A,N/A,N/A,N/A,N/A,N/A,N/A,N/A,N/A,N/A,N/A,N/A,N/A,N/A,N/A,N/A,N/A,N/A,N/A,N/A,N/A,N/A,N/A,N/A,N/A,N/A,N/A,N/A,N/A,N/A,N/A,N/A,N/A
,N/A,H2O,,,0,,N/A,NO,NO, Cylindrical,20,60,N/A,N/A,N/A,-10.5,N/A,N/A,N/A,D,1300.67,N/A,N/A,N/A,,N/A,N/A,N/A,A,E?,6.97,A,,A,E?,5.50E-04,N/A,N/A,N/A,N/A,N/A,N/A,N/A,N/A,N/A,N/A,N/A,N/A,N/A,N/A,N/A,N/A,N/A,N/A,N/A,N/A,N/A,N/A,N/A,N/A,N/A,N/A,N/A,N/A,N/A,N/A,N/A,N/A,N/A,N/A,N/A,N/A
,N/A,H2O,,,0,,N/A,NO,NO, Cylindrical,20,60,N/A,N/A,N/A,-10.5,N/A,N/A,N/A,D,1300.7,N/A,N/A,N/A,,N/A,N/A,N/A,A,E?,6.88,A,,A,E?,5.50E-04,N/A,N/A,N/A,N/A,N/A,N/A,N/A,N/A,N/A,N/A,N/A,N/A,N/A,N/A,N/A,N/A,N/A,N/A,N/A,N/A,N/A,N/A,N/A,N/A,N/A,N/A,N/A,N/A,N/A,N/A,N/A,N/A,N/A,N/A,N/A,N/A
,N/A,H2O,,,0,,N/A,NO,NO, Cylindrical,20,60,N/A,N/A,N/A,-10.5,N/A,N/A,N/A,D,1300.81,N/A,N/A,N/A,,N/A,N/A,N/A,A,E?,6.54,A,,A,E?,5.50E-04,N/A,N/A,N/A,N/A,N/A,N/A,N/A,N/A,N/A,N/A,N/A,N/A,N/A,N/A,N/A,N/A,N/A,N/A,N/A,N/A,N/A,N/A,N/A,N/A,N/A,N/A,N/A,N/A,N/A,N/A,N/A,N/A,N/A,N/A,N/A,N/A
,N/A,H2O,,,0,,N/A,NO,NO, Cylindrical,20,60,N/A,N/A,N/A,-10.5,N/A,N/A,N/A,D,1402.1,N/A,N/A,N/A,,N/A,N/A,N/A,A,E?,8.53,A,,A,E?,5.50E-04,N/A,N/A,N/A,N/A,N/A,N/A,N/A,N/A,N/A,N/A,N/A,N/A,N/A,N/A,N/A,N/A,N/A,N/A,N/A,N/A,N/A,N/A,N/A,N/A,N/A,N/A,N/A,N/A,N/A,N/A,N/A,N/A,N/A,N/A,N/A,N/A
,N/A,H2O,,,0,,N/A,NO,NO, Cylindrical,20,60,N/A,N/A,N/A,-10.5,N/A,N/A,N/A,D,1403.27,N/A,N/A,N/A,,N/A,N/A,N/A,A,E?,8.3,A,,A,E?,5.50E-04,N/A,N/A,N/A,N/A,N/A,N/A,N/A,N/A,N/A,N/A,N/A,N/A,N/A,N/A,N/A,N/A,N/A,N/A,N/A,N/A,N/A,N/A,N/A,N/A,N/A,N/A,N/A,N/A,N/A,N/A,N/A,N/A,N/A,N/A,N/A,N/A
,N/A,H2O,,,0,,N/A,NO,NO, Cylindrical,20,60,N/A,N/A,N/A,-10.5,N/A,N/A,N/A,D,1500.98,N/A,N/A,N/A,,N/A,N/A,N/A,A,E?,7.74,A,,A,E?,5.50E-04,N/A,N/A,N/A,N/A,N/A,N/A,N/A,N/A,N/A,N/A,N/A,N/A,N/A,N/A,N/A,N/A,N/A,N/A,N/A,N/A,N/A,N/A,N/A,N/A,N/A,N/A,N/A,N/A,N/A,N/A,N/A,N/A,N/A,N/A,N/A,N/A
,N/A,H2O,,,0,,N/A,NO,NO, Cylindrical,20,60,N/A,N/A,N/A,-10.5,N/A,N/A,N/A,D,1699.6,N/A,N/A,N/A,,N/A,N/A,N/A,A,E?,6.9,A,,A,E?,5.50E-04,N/A,N/A,N/A,N/A,N/A,N/A,N/A,N/A,N/A,N/A,N/A,N/A,N/A,N/A,N/A,N/A,N/A,N/A,N/A,N/A,N/A,N/A,N/A,N/A,N/A,N/A,N/A,N/A,N/A,N/A,N/A,N/A,N/A,N/A,N/A,N/A
,N/A,H2O,,,0,,N/A,NO,NO, Cylindrical,20,60,N/A,N/A,N/A,-10.5,N/A,N/A,N/A,D,1802.35,N/A,N/A,N/A,,N/A,N/A,N/A,A,E?,7.74,A,,A,E?,5.50E-04,N/A,N/A,N/A,N/A,N/A,N/A,N/A,N/A,N/A,N/A,N/A,N/A,N/A,N/A,N/A,N/A,N/A,N/A,N/A,N/A,N/A,N/A,N/A,N/A,N/A,N/A,N/A,N/A,N/A,N/A,N/A,N/A,N/A,N/A,N/A,N/A
Mellor and Cole (1982),06CL,H2O,Constant stress,Uniaxial compression ,0,Full creep curves (Figs. 4-6). Summary data in a table (Table 2).,N/A,NO,NO, Cylindrical,50.8,127,N/A,N/A,N/A,-5,-4.9,-5.1,Page 205,D,1200,N/A,N/A,N/A,N/A,N/A,N/A,0.0085,A,E?,3.11,A,N/A,A,E?,6.33E-06,N/A,N/A,N/A,N/A,N/A,N/A,N/A,N/A,N/A,N/A,N/A,N/A,N/A,N/A,N/A,N/A,N/A,N/A,N/A,N/A,N/A,N/A,N/A,N/A,N/A,N/A,N/A,N/A,N/A,N/A,N/A,N/A,N/A,N/A,N/A,N/A
,08CL,H2O,,,0,,N/A,NO,NO, Cylindrical,50.8,127,N/A,N/A,N/A,-5,-4.9,-5.1,,D,1200,N/A,N/A,N/A,N/A,N/A,N/A,0.0069,A,E?,3.06,A,N/A,A,E?,6.02E-06,N/A,N/A,N/A,N/A,N/A,N/A,N/A,N/A,N/A,N/A,N/A,N/A,N/A,N/A,N/A,N/A,N/A,N/A,N/A,N/A,N/A,N/A,N/A,N/A,N/A,N/A,N/A,N/A,N/A,N/A,N/A,N/A,N/A,N/A,N/A,N/A
,09CL,H2O,,,0,,N/A,NO,NO, Cylindrical,50.8,127,N/A,N/A,N/A,-5,-4.9,-5.1,,D,1200,N/A,N/A,N/A,N/A,N/A,N/A,0.0095,A,E?,3.07,A,N/A,A,E?,6.57E-06,N/A,N/A,N/A,N/A,N/A,N/A,N/A,N/A,N/A,N/A,N/A,N/A,N/A,N/A,N/A,N/A,N/A,N/A,N/A,N/A,N/A,N/A,N/A,N/A,N/A,N/A,N/A,N/A,N/A,N/A,N/A,N/A,N/A,N/A,N/A,N/A
,11CL,H2O,,,0,,N/A,NO,NO, Cylindrical,50.8,127,N/A,N/A,N/A,-5,-4.9,-5.1,,D,1200,N/A,N/A,N/A,N/A,N/A,N/A,0.0096,A,E?,2.34,A,N/A,A,E?,2.60E-06,N/A,N/A,N/A,N/A,N/A,N/A,N/A,N/A,N/A,N/A,N/A,N/A,N/A,N/A,N/A,N/A,N/A,N/A,N/A,N/A,N/A,N/A,N/A,N/A,N/A,N/A,N/A,N/A,N/A,N/A,N/A,N/A,N/A,N/A,N/A,N/A
,17CL,H2O,,,0,,N/A,NO,NO, Cylindrical,50.8,127,N/A,N/A,N/A,-5,-4.9,-5.1,,D,1200,N/A,N/A,N/A,N/A,N/A,N/A,0.0083,A,E?,3.65,A,N/A,A,E?,1.27E-05,N/A,N/A,N/A,N/A,N/A,N/A,N/A,N/A,N/A,N/A,N/A,N/A,N/A,N/A,N/A,N/A,N/A,N/A,N/A,N/A,N/A,N/A,N/A,N/A,N/A,N/A,N/A,N/A,N/A,N/A,N/A,N/A,N/A,N/A,N/A,N/A
,28CL,H2O,,,0,,N/A,NO,NO, Cylindrical,50.8,127,N/A,N/A,N/A,-5,-4.9,-5.1,,D,1200,N/A,N/A,N/A,N/A,N/A,N/A,0.011,A,E?,1.86,A,N/A,A,E?,1.63E-06,N/A,N/A,N/A,N/A,N/A,N/A,N/A,N/A,N/A,N/A,N/A,N/A,N/A,N/A,N/A,N/A,N/A,N/A,N/A,N/A,N/A,N/A,N/A,N/A,N/A,N/A,N/A,N/A,N/A,N/A,N/A,N/A,N/A,N/A,N/A,N/A
,32CL,H2O,,,0,,N/A,NO,NO, Cylindrical,50.8,127,N/A,N/A,N/A,-5,-4.9,-5.1,,D,1200,N/A,N/A,N/A,N/A,N/A,N/A,0.0101,A,E?,3.76,A,N/A,A,E?,2.17E-05,N/A,N/A,N/A,N/A,N/A,N/A,N/A,N/A,N/A,N/A,N/A,N/A,N/A,N/A,N/A,N/A,N/A,N/A,N/A,N/A,N/A,N/A,N/A,N/A,N/A,N/A,N/A,N/A,N/A,N/A,N/A,N/A,N/A,N/A,N/A,N/A
,36CL,H2O,,,0,,N/A,NO,NO, Cylindrical,50.8,127,N/A,N/A,N/A,-5,-4.9,-5.1,,D,1200,N/A,N/A,N/A,N/A,N/A,N/A,0.0094,A,E?,2.11,A,N/A,A,E?,3.45E-06,N/A,N/A,N/A,N/A,N/A,N/A,N/A,N/A,N/A,N/A,N/A,N/A,N/A,N/A,N/A,N/A,N/A,N/A,N/A,N/A,N/A,N/A,N/A,N/A,N/A,N/A,N/A,N/A,N/A,N/A,N/A,N/A,N/A,N/A,N/A,N/A
,38CL,H2O,,,0,,N/A,NO,NO, Cylindrical,50.8,127,N/A,N/A,N/A,-5,-4.9,-5.1,,D,1200,N/A,N/A,N/A,N/A,N/A,N/A,0.0083,A,E?,3.26,A,N/A,A,E?,1.65E-05,N/A,N/A,N/A,N/A,N/A,N/A,N/A,N/A,N/A,N/A,N/A,N/A,N/A,N/A,N/A,N/A,N/A,N/A,N/A,N/A,N/A,N/A,N/A,N/A,N/A,N/A,N/A,N/A,N/A,N/A,N/A,N/A,N/A,N/A,N/A,N/A
,42CL,H2O,,,0,,N/A,NO,NO, Cylindrical,50.8,127,N/A,N/A,N/A,-5,-4.9,-5.1,,D,1200,N/A,N/A,N/A,N/A,N/A,N/A,0.0095,A,E?,2.63,A,N/A,A,E?,8.34E-06,N/A,N/A,N/A,N/A,N/A,N/A,N/A,N/A,N/A,N/A,N/A,N/A,N/A,N/A,N/A,N/A,N/A,N/A,N/A,N/A,N/A,N/A,N/A,N/A,N/A,N/A,N/A,N/A,N/A,N/A,N/A,N/A,N/A,N/A,N/A,N/A
,45CL,H2O,,,0,,N/A,NO,NO, Cylindrical,50.8,127,N/A,N/A,N/A,-5,-4.9,-5.1,,D,1200,N/A,N/A,N/A,N/A,N/A,N/A,0.0084,A,E?,3.67,A,N/A,A,E?,2.64E-05,N/A,N/A,N/A,N/A,N/A,N/A,N/A,N/A,N/A,N/A,N/A,N/A,N/A,N/A,N/A,N/A,N/A,N/A,N/A,N/A,N/A,N/A,N/A,N/A,N/A,N/A,N/A,N/A,N/A,N/A,N/A,N/A,N/A,N/A,N/A,N/A
,70CL,H2O,,,0,,N/A,NO,NO, Cylindrical,50.8,127,N/A,N/A,N/A,-5,-4.9,-5.1,,D,1200,N/A,N/A,N/A,N/A,N/A,N/A,0.0098,A,E?,3.67,A,N/A,A,E?,2.47E-05,N/A,N/A,N/A,N/A,N/A,N/A,N/A,N/A,N/A,N/A,N/A,N/A,N/A,N/A,N/A,N/A,N/A,N/A,N/A,N/A,N/A,N/A,N/A,N/A,N/A,N/A,N/A,N/A,N/A,N/A,N/A,N/A,N/A,N/A,N/A,N/A
,71CL,H2O,,,0,,N/A,NO,NO, Cylindrical,50.8,127,N/A,N/A,N/A,-5,-4.9,-5.1,,D,1200,N/A,N/A,N/A,N/A,N/A,N/A,0.008,A,E?,3.68,A,N/A,A,E?,2.44E-05,N/A,N/A,N/A,N/A,N/A,N/A,N/A,N/A,N/A,N/A,N/A,N/A,N/A,N/A,N/A,N/A,N/A,N/A,N/A,N/A,N/A,N/A,N/A,N/A,N/A,N/A,N/A,N/A,N/A,N/A,N/A,N/A,N/A,N/A,N/A,N/A
,95CL,H2O,,,0,,N/A,NO,NO, Cylindrical,50.8,127,N/A,N/A,N/A,-5,-4.9,-5.1,,D,1200,N/A,N/A,N/A,N/A,N/A,N/A,0.0108,A,E?,1.25,A,N/A,A,E?,5.83E-07,N/A,N/A,N/A,N/A,N/A,N/A,N/A,N/A,N/A,N/A,N/A,N/A,N/A,N/A,N/A,N/A,N/A,N/A,N/A,N/A,N/A,N/A,N/A,N/A,N/A,N/A,N/A,N/A,N/A,N/A,N/A,N/A,N/A,N/A,N/A,N/A
,96CL,H2O,,,0,,N/A,YES,NO, Cylindrical,50.8,127,N/A,N/A,N/A,-5,-4.9,-5.1,,D,1200,N/A,N/A,N/A,N/A,N/A,N/A,0.0101,A,E?,0.8,A,N/A,A,E?,1.02E-07,N/A,N/A,N/A,N/A,N/A,N/A,N/A,N/A,N/A,N/A,N/A,N/A,N/A,N/A,N/A,N/A,N/A,N/A,N/A,N/A,N/A,N/A,N/A,N/A,N/A,N/A,N/A,N/A,N/A,N/A,N/A,N/A,N/A,N/A,N/A,N/A
,97CL,H2O,,,0,,N/A,NO,NO, Cylindrical,50.8,127,N/A,N/A,N/A,-5,-4.9,-5.1,,D,1200,N/A,N/A,N/A,N/A,N/A,N/A,0.0064,A,E?,2.35,A,N/A,A,E?,2.51E-06,N/A,N/A,N/A,N/A,N/A,N/A,N/A,N/A,N/A,N/A,N/A,N/A,N/A,N/A,N/A,N/A,N/A,N/A,N/A,N/A,N/A,N/A,N/A,N/A,N/A,N/A,N/A,N/A,N/A,N/A,N/A,N/A,N/A,N/A,N/A,N/A
,98CL,H2O,,,0,,N/A,NO,NO, Cylindrical,50.8,127,N/A,N/A,N/A,-5,-4.9,-5.1,,D,1200,N/A,N/A,N/A,N/A,N/A,N/A,0.0072,A,E?,1.54,A,N/A,A,E?,5.29E-07,N/A,N/A,N/A,N/A,N/A,N/A,N/A,N/A,N/A,N/A,N/A,N/A,N/A,N/A,N/A,N/A,N/A,N/A,N/A,N/A,N/A,N/A,N/A,N/A,N/A,N/A,N/A,N/A,N/A,N/A,N/A,N/A,N/A,N/A,N/A,N/A
,99CL,H2O,,,0,,N/A,NO,NO, Cylindrical,50.8,127,N/A,N/A,N/A,-5,-4.9,-5.1,,D,1200,N/A,N/A,N/A,N/A,N/A,N/A,0.0094,A,E?,1.54,A,N/A,A,E?,7.80E-07,N/A,N/A,N/A,N/A,N/A,N/A,N/A,N/A,N/A,N/A,N/A,N/A,N/A,N/A,N/A,N/A,N/A,N/A,N/A,N/A,N/A,N/A,N/A,N/A,N/A,N/A,N/A,N/A,N/A,N/A,N/A,N/A,N/A,N/A,N/A,N/A
,100CL,H2O,,,0,,N/A,NO,NO, Cylindrical,50.8,127,N/A,N/A,N/A,-5,-4.9,-5.1,,D,1200,N/A,N/A,N/A,N/A,N/A,N/A,0.0066,A,E?,1.84,A,N/A,A,E?,1.16E-06,N/A,N/A,N/A,N/A,N/A,N/A,N/A,N/A,N/A,N/A,N/A,N/A,N/A,N/A,N/A,N/A,N/A,N/A,N/A,N/A,N/A,N/A,N/A,N/A,N/A,N/A,N/A,N/A,N/A,N/A,N/A,N/A,N/A,N/A,N/A,N/A
,101CL,H2O,,,0,,N/A,NO,NO, Cylindrical,50.8,127,N/A,N/A,N/A,-5,-4.9,-5.1,,D,1200,N/A,N/A,N/A,N/A,N/A,N/A,0.0071,A,E?,2,A,N/A,A,E?,1.67E-06,N/A,N/A,N/A,N/A,N/A,N/A,N/A,N/A,N/A,N/A,N/A,N/A,N/A,N/A,N/A,N/A,N/A,N/A,N/A,N/A,N/A,N/A,N/A,N/A,N/A,N/A,N/A,N/A,N/A,N/A,N/A,N/A,N/A,N/A,N/A,N/A
,115CL,H2O,,,0,,N/A,NO,NO, Cylindrical,50.8,127,N/A,N/A,N/A,-5,-4.9,-5.1,,D,1200,N/A,N/A,N/A,N/A,N/A,N/A,0.0084,A,E?,2,A,N/A,A,E?,1.80E-06,N/A,N/A,N/A,N/A,N/A,N/A,N/A,N/A,N/A,N/A,N/A,N/A,N/A,N/A,N/A,N/A,N/A,N/A,N/A,N/A,N/A,N/A,N/A,N/A,N/A,N/A,N/A,N/A,N/A,N/A,N/A,N/A,N/A,N/A,N/A,N/A
,116CL,H2O,,,0,,N/A,YES,NO, Cylindrical,50.8,127,N/A,N/A,N/A,-5,-4.9,-5.1,,D,1200,N/A,N/A,N/A,N/A,N/A,N/A,0.0095,A,E?,1,A,N/A,A,E?,2.27E-07,N/A,N/A,N/A,N/A,N/A,N/A,N/A,N/A,N/A,N/A,N/A,N/A,N/A,N/A,N/A,N/A,N/A,N/A,N/A,N/A,N/A,N/A,N/A,N/A,N/A,N/A,N/A,N/A,N/A,N/A,N/A,N/A,N/A,N/A,N/A,N/A
,117CL,H2O,,,0,,N/A,YES,NO, Cylindrical,50.8,127,N/A,N/A,N/A,-5,-4.9,-5.1,,D,1200,N/A,N/A,N/A,N/A,N/A,N/A,0.0102,A,E?,0.8,A,N/A,A,E?,1.03E-07,N/A,N/A,N/A,N/A,N/A,N/A,N/A,N/A,N/A,N/A,N/A,N/A,N/A,N/A,N/A,N/A,N/A,N/A,N/A,N/A,N/A,N/A,N/A,N/A,N/A,N/A,N/A,N/A,N/A,N/A,N/A,N/A,N/A,N/A,N/A,N/A
,94CL,H2O,,,0,,N/A,YES,NO, Cylindrical,50.8,127,N/A,N/A,N/A,-5,-4.9,-5.1,,D,1200,N/A,N/A,N/A,N/A,N/A,N/A,0.0084,A,E?,1,A,N/A,A,E?,2.25E-07,N/A,N/A,N/A,N/A,N/A,N/A,N/A,N/A,N/A,N/A,N/A,N/A,N/A,N/A,N/A,N/A,N/A,N/A,N/A,N/A,N/A,N/A,N/A,N/A,N/A,N/A,N/A,N/A,N/A,N/A,N/A,N/A,N/A,N/A,N/A,N/A
,01CD,H2O,Constant displacement rate,,0,"Full creep curves (Figs. 7, 8). Summary data in a table (Table 3).",N/A,NO,NO, Cylindrical,50.8,127,N/A,N/A,N/A,-5,-4.9,-5.1,,D,1200,N/A,N/A,N/A,N/A,N/A,N/A,0.0141,A,E?,2.74,A,N/A,A,E?,6.90E-06,N/A,N/A,N/A,N/A,N/A,N/A,N/A,N/A,N/A,N/A,N/A,N/A,N/A,N/A,N/A,N/A,N/A,N/A,N/A,N/A,N/A,N/A,N/A,N/A,N/A,N/A,N/A,N/A,N/A,N/A,N/A,N/A,N/A,N/A,N/A,N/A
,02CD,H2O,,,0,,N/A,NO,NO, Cylindrical,50.8,127,N/A,N/A,N/A,-5,-4.9,-5.1,,D,1200,N/A,N/A,N/A,N/A,N/A,N/A,0.0156,A,E?,2.59,A,N/A,A,E?,6.11E-06,N/A,N/A,N/A,N/A,N/A,N/A,N/A,N/A,N/A,N/A,N/A,N/A,N/A,N/A,N/A,N/A,N/A,N/A,N/A,N/A,N/A,N/A,N/A,N/A,N/A,N/A,N/A,N/A,N/A,N/A,N/A,N/A,N/A,N/A,N/A,N/A
,04CD,H2O,,,0,,N/A,NO,NO, Cylindrical,50.8,127,N/A,N/A,N/A,-5,-4.9,-5.1,,D,1200,N/A,N/A,N/A,N/A,N/A,N/A,0.0124,A,E?,3.03,A,N/A,A,E?,6.20E-06,N/A,N/A,N/A,N/A,N/A,N/A,N/A,N/A,N/A,N/A,N/A,N/A,N/A,N/A,N/A,N/A,N/A,N/A,N/A,N/A,N/A,N/A,N/A,N/A,N/A,N/A,N/A,N/A,N/A,N/A,N/A,N/A,N/A,N/A,N/A,N/A
,05CD,H2O,,,0,,N/A,NO,NO, Cylindrical,50.8,127,N/A,N/A,N/A,-5,-4.9,-5.1,,D,1200,N/A,N/A,N/A,N/A,N/A,N/A,0.0115,A,E?,3.04,A,N/A,A,E?,5.91E-06,N/A,N/A,N/A,N/A,N/A,N/A,N/A,N/A,N/A,N/A,N/A,N/A,N/A,N/A,N/A,N/A,N/A,N/A,N/A,N/A,N/A,N/A,N/A,N/A,N/A,N/A,N/A,N/A,N/A,N/A,N/A,N/A,N/A,N/A,N/A,N/A
,10CD,H2O,,,0,,N/A,NO,NO, Cylindrical,50.8,127,N/A,N/A,N/A,-5,-4.9,-5.1,,D,1200,N/A,N/A,N/A,N/A,N/A,N/A,0.0106,A,E?,2.32,A,N/A,A,E?,2.65E-06,N/A,N/A,N/A,N/A,N/A,N/A,N/A,N/A,N/A,N/A,N/A,N/A,N/A,N/A,N/A,N/A,N/A,N/A,N/A,N/A,N/A,N/A,N/A,N/A,N/A,N/A,N/A,N/A,N/A,N/A,N/A,N/A,N/A,N/A,N/A,N/A
,12CD,H2O,,,0,,N/A,NO,NO, Cylindrical,50.8,127,N/A,N/A,N/A,-5,-4.9,-5.1,,D,1200,N/A,N/A,N/A,N/A,N/A,N/A,0.0111,A,E?,3.37,A,N/A,A,E?,8.35E-06,N/A,N/A,N/A,N/A,N/A,N/A,N/A,N/A,N/A,N/A,N/A,N/A,N/A,N/A,N/A,N/A,N/A,N/A,N/A,N/A,N/A,N/A,N/A,N/A,N/A,N/A,N/A,N/A,N/A,N/A,N/A,N/A,N/A,N/A,N/A,N/A
,13CD,H2O,,,0,,N/A,NO,NO, Cylindrical,50.8,127,N/A,N/A,N/A,-5,-4.9,-5.1,,D,1200,N/A,N/A,N/A,N/A,N/A,N/A,0.012,A,E?,3.47,A,N/A,A,E?,1.13E-05,N/A,N/A,N/A,N/A,N/A,N/A,N/A,N/A,N/A,N/A,N/A,N/A,N/A,N/A,N/A,N/A,N/A,N/A,N/A,N/A,N/A,N/A,N/A,N/A,N/A,N/A,N/A,N/A,N/A,N/A,N/A,N/A,N/A,N/A,N/A,N/A
,14CD,H2O,,,0,,N/A,NO,NO, Cylindrical,50.8,127,N/A,N/A,N/A,-5,-4.9,-5.1,,D,1200,N/A,N/A,N/A,N/A,N/A,N/A,0.0093,A,E?,3.63,A,N/A,A,E?,2.20E-05,N/A,N/A,N/A,N/A,N/A,N/A,N/A,N/A,N/A,N/A,N/A,N/A,N/A,N/A,N/A,N/A,N/A,N/A,N/A,N/A,N/A,N/A,N/A,N/A,N/A,N/A,N/A,N/A,N/A,N/A,N/A,N/A,N/A,N/A,N/A,N/A
,16CD,H2O,,,0,,N/A,NO,NO, Cylindrical,50.8,127,N/A,N/A,N/A,-5,-4.9,-5.1,,D,1200,N/A,N/A,N/A,N/A,N/A,N/A,0.0023,A,E?,5.5,A,N/A,A,E?,8.32E-05,N/A,N/A,N/A,N/A,N/A,N/A,N/A,N/A,N/A,N/A,N/A,N/A,N/A,N/A,N/A,N/A,N/A,N/A,N/A,N/A,N/A,N/A,N/A,N/A,N/A,N/A,N/A,N/A,N/A,N/A,N/A,N/A,N/A,N/A,N/A,N/A
,22CD,H2O,,,0,,N/A,NO,NO, Cylindrical,50.8,127,N/A,N/A,N/A,-5,-4.9,-5.1,,D,1200,N/A,N/A,N/A,N/A,N/A,N/A,0.0025,A,E?,7.48,A,N/A,A,E?,7.95E-04,N/A,N/A,N/A,N/A,N/A,N/A,N/A,N/A,N/A,N/A,N/A,N/A,N/A,N/A,N/A,N/A,N/A,N/A,N/A,N/A,N/A,N/A,N/A,N/A,N/A,N/A,N/A,N/A,N/A,N/A,N/A,N/A,N/A,N/A,N/A,N/A
,23CD,H2O,,,0,,N/A,NO,NO, Cylindrical,50.8,127,N/A,N/A,N/A,-5,-4.9,-5.1,,D,1200,N/A,N/A,N/A,N/A,N/A,N/A,0.0038,A,E?,10.02,A,N/A,A,E?,1.14E-03,N/A,N/A,N/A,N/A,N/A,N/A,N/A,N/A,N/A,N/A,N/A,N/A,N/A,N/A,N/A,N/A,N/A,N/A,N/A,N/A,N/A,N/A,N/A,N/A,N/A,N/A,N/A,N/A,N/A,N/A,N/A,N/A,N/A,N/A,N/A,N/A
,24CD,H2O,,,0,,N/A,NO,NO, Cylindrical,50.8,127,N/A,N/A,N/A,-5,-4.9,-5.1,,D,1200,N/A,N/A,N/A,N/A,N/A,N/A,0.0039,A,E?,5.14,A,N/A,A,E?,1.03E-04,N/A,N/A,N/A,N/A,N/A,N/A,N/A,N/A,N/A,N/A,N/A,N/A,N/A,N/A,N/A,N/A,N/A,N/A,N/A,N/A,N/A,N/A,N/A,N/A,N/A,N/A,N/A,N/A,N/A,N/A,N/A,N/A,N/A,N/A,N/A,N/A
,31CD,H2O,,,0,,N/A,NO,NO, Cylindrical,50.8,127,N/A,N/A,N/A,-5,-4.9,-5.1,,D,1200,N/A,N/A,N/A,N/A,N/A,N/A,0.0093,A,E?,4.08,A,N/A,A,E?,5.14E-05,N/A,N/A,N/A,N/A,N/A,N/A,N/A,N/A,N/A,N/A,N/A,N/A,N/A,N/A,N/A,N/A,N/A,N/A,N/A,N/A,N/A,N/A,N/A,N/A,N/A,N/A,N/A,N/A,N/A,N/A,N/A,N/A,N/A,N/A,N/A,N/A
,35CD,H2O,,,0,,N/A,NO,NO, Cylindrical,50.8,127,N/A,N/A,N/A,-5,-4.9,-5.1,,D,1200,N/A,N/A,N/A,N/A,N/A,N/A,0.0126,A,E?,2.06,A,N/A,A,E?,2.30E-06,N/A,N/A,N/A,N/A,N/A,N/A,N/A,N/A,N/A,N/A,N/A,N/A,N/A,N/A,N/A,N/A,N/A,N/A,N/A,N/A,N/A,N/A,N/A,N/A,N/A,N/A,N/A,N/A,N/A,N/A,N/A,N/A,N/A,N/A,N/A,N/A
,39CD,H2O,,,0,,N/A,NO,NO, Cylindrical,50.8,127,N/A,N/A,N/A,-5,-4.9,-5.1,,D,1200,N/A,N/A,N/A,N/A,N/A,N/A,0.0112,A,E?,3.23,A,N/A,A,E?,1.23E-05,N/A,N/A,N/A,N/A,N/A,N/A,N/A,N/A,N/A,N/A,N/A,N/A,N/A,N/A,N/A,N/A,N/A,N/A,N/A,N/A,N/A,N/A,N/A,N/A,N/A,N/A,N/A,N/A,N/A,N/A,N/A,N/A,N/A,N/A,N/A,N/A
,40CD,H2O,,,0,,N/A,NO,NO, Cylindrical,50.8,127,N/A,N/A,N/A,-5,-4.9,-5.1,,D,1200,N/A,N/A,N/A,N/A,N/A,N/A,0.0101,A,E?,3.18,A,N/A,A,E?,1.34E-05,N/A,N/A,N/A,N/A,N/A,N/A,N/A,N/A,N/A,N/A,N/A,N/A,N/A,N/A,N/A,N/A,N/A,N/A,N/A,N/A,N/A,N/A,N/A,N/A,N/A,N/A,N/A,N/A,N/A,N/A,N/A,N/A,N/A,N/A,N/A,N/A
,43CD,H2O,,,0,,N/A,NO,NO, Cylindrical,50.8,127,N/A,N/A,N/A,-5,-4.9,-5.1,,D,1200,N/A,N/A,N/A,N/A,N/A,N/A,0.0109,A,E?,3.21,A,N/A,A,E?,1.15E-05,N/A,N/A,N/A,N/A,N/A,N/A,N/A,N/A,N/A,N/A,N/A,N/A,N/A,N/A,N/A,N/A,N/A,N/A,N/A,N/A,N/A,N/A,N/A,N/A,N/A,N/A,N/A,N/A,N/A,N/A,N/A,N/A,N/A,N/A,N/A,N/A
,46CD,H2O,,,0,,N/A,NO,NO, Cylindrical,50.8,127,N/A,N/A,N/A,-5,-4.9,-5.1,,D,1200,N/A,N/A,N/A,N/A,N/A,N/A,0.0088,A,E?,3.2,A,N/A,A,E?,1.32E-05,N/A,N/A,N/A,N/A,N/A,N/A,N/A,N/A,N/A,N/A,N/A,N/A,N/A,N/A,N/A,N/A,N/A,N/A,N/A,N/A,N/A,N/A,N/A,N/A,N/A,N/A,N/A,N/A,N/A,N/A,N/A,N/A,N/A,N/A,N/A,N/A
,52CD,H2O,,,0,,N/A,NO,NO, Cylindrical,50.8,127,N/A,N/A,N/A,-5,-4.9,-5.1,,D,1200,N/A,N/A,N/A,N/A,N/A,N/A,0.0124,A,E?,1.67,A,N/A,A,E?,1.63E-06,N/A,N/A,N/A,N/A,N/A,N/A,N/A,N/A,N/A,N/A,N/A,N/A,N/A,N/A,N/A,N/A,N/A,N/A,N/A,N/A,N/A,N/A,N/A,N/A,N/A,N/A,N/A,N/A,N/A,N/A,N/A,N/A,N/A,N/A,N/A,N/A
,54CD,H2O,,,0,,N/A,NO,NO, Cylindrical,50.8,127,N/A,N/A,N/A,-5,-4.9,-5.1,,D,1200,N/A,N/A,N/A,N/A,N/A,N/A,0.0117,A,E?,1.62,A,N/A,A,E?,1.64E-06,N/A,N/A,N/A,N/A,N/A,N/A,N/A,N/A,N/A,N/A,N/A,N/A,N/A,N/A,N/A,N/A,N/A,N/A,N/A,N/A,N/A,N/A,N/A,N/A,N/A,N/A,N/A,N/A,N/A,N/A,N/A,N/A,N/A,N/A,N/A,N/A
,117CD,H2O,,,0,,N/A,NO,NO, Cylindrical,50.8,127,N/A,N/A,N/A,-5,-4.9,-5.1,,D,1200,N/A,N/A,N/A,N/A,N/A,N/A,0.008,A,E?,0.69,A,N/A,A,E?,1.00E-07,N/A,N/A,N/A,N/A,N/A,N/A,N/A,N/A,N/A,N/A,N/A,N/A,N/A,N/A,N/A,N/A,N/A,N/A,N/A,N/A,N/A,N/A,N/A,N/A,N/A,N/A,N/A,N/A,N/A,N/A,N/A,N/A,N/A,N/A,N/A,N/A
,119CD,H2O,,,0,,N/A,YES,NO, Cylindrical,50.8,127,N/A,N/A,N/A,-5,-4.9,-5.1,,D,1200,N/A,N/A,N/A,N/A,N/A,N/A,0.0127,A,E?,1.45,A,N/A,A,E?,1.15E-06,N/A,N/A,N/A,N/A,N/A,N/A,N/A,N/A,N/A,N/A,N/A,N/A,N/A,N/A,N/A,N/A,N/A,N/A,N/A,N/A,N/A,N/A,N/A,N/A,N/A,N/A,N/A,N/A,N/A,N/A,N/A,N/A,N/A,N/A,N/A,N/A
,121CD,H2O,,,0,,N/A,YES,NO, Cylindrical,50.8,127,N/A,N/A,N/A,-5,-4.9,-5.1,,D,1200,N/A,N/A,N/A,N/A,N/A,N/A,0.0124,A,E?,1.24,A,N/A,A,E?,7.80E-07,N/A,N/A,N/A,N/A,N/A,N/A,N/A,N/A,N/A,N/A,N/A,N/A,N/A,N/A,N/A,N/A,N/A,N/A,N/A,N/A,N/A,N/A,N/A,N/A,N/A,N/A,N/A,N/A,N/A,N/A,N/A,N/A,N/A,N/A,N/A,N/A
,122CD,H2O,,,0,,N/A,YES,NO, Cylindrical,50.8,127,N/A,N/A,N/A,-5,-4.9,-5.1,,D,1200,N/A,N/A,N/A,N/A,N/A,N/A,0.012,A,E?,1.15,A,N/A,A,E?,5.30E-07,N/A,N/A,N/A,N/A,N/A,N/A,N/A,N/A,N/A,N/A,N/A,N/A,N/A,N/A,N/A,N/A,N/A,N/A,N/A,N/A,N/A,N/A,N/A,N/A,N/A,N/A,N/A,N/A,N/A,N/A,N/A,N/A,N/A,N/A,N/A,N/A
,123CD,H2O,,,0,,N/A,NO,NO, Cylindrical,50.8,127,N/A,N/A,N/A,-5,-4.9,-5.1,,D,1200,N/A,N/A,N/A,N/A,N/A,N/A,0.01,A,E?,2,A,N/A,A,E?,2.25E-06,N/A,N/A,N/A,N/A,N/A,N/A,N/A,N/A,N/A,N/A,N/A,N/A,N/A,N/A,N/A,N/A,N/A,N/A,N/A,N/A,N/A,N/A,N/A,N/A,N/A,N/A,N/A,N/A,N/A,N/A,N/A,N/A,N/A,N/A,N/A,N/A
,125CD,H2O,,,0,,N/A,YES,NO, Cylindrical,50.8,127,N/A,N/A,N/A,-5,-4.9,-5.1,,D,1200,N/A,N/A,N/A,N/A,N/A,N/A,0.0104,A,E?,1.34,A,N/A,A,E?,7.80E-07,N/A,N/A,N/A,N/A,N/A,N/A,N/A,N/A,N/A,N/A,N/A,N/A,N/A,N/A,N/A,N/A,N/A,N/A,N/A,N/A,N/A,N/A,N/A,N/A,N/A,N/A,N/A,N/A,N/A,N/A,N/A,N/A,N/A,N/A,N/A,N/A
Jones & Chew (1983),2,H2O,Constant displacement rate,Uniaxial compression,0,Example creep curves (Fig. 1). Summary data in a table (Table 1).,N/A,NO,NO, Cylindrical,20,60,N/A,N/A,N/A,-10,-9.5,-10.5,Page 130,D,1130,N/A,N/A,N/A,N/A,N/A,N/A,0.0123,A,E,7.64,A,Stress is not corrected to sample surface expansion (page 130).,A,E,5.50E-04,N/A,N/A,N/A,"Figures of samples geometry show cracks (Figs, 2, 3; page 130).",N/A,N/A,N/A,N/A,N/A,N/A,N/A,N/A,N/A,N/A,N/A,N/A,N/A,N/A,N/A,N/A,N/A,N/A,N/A,N/A,N/A,N/A,N/A,N/A,N/A,N/A,N/A,N/A,N/A,N/A,N/A,N/A
,3,H2O,,,0,,N/A,NO,NO, Cylindrical,20,60,N/A,N/A,N/A,-10,-9.5,-10.5,,D,1300,N/A,N/A,N/A,N/A,N/A,N/A,0.0079,A,E,7.06,A,,A,E,5.50E-04,N/A,N/A,N/A,,N/A,N/A,N/A,N/A,N/A,N/A,N/A,N/A,N/A,N/A,N/A,N/A,N/A,N/A,N/A,N/A,N/A,N/A,N/A,N/A,N/A,N/A,N/A,N/A,N/A,N/A,N/A,N/A,N/A,N/A,N/A,N/A
,4,H2O,,,0,,N/A,NO,NO, Cylindrical,20,60,N/A,N/A,N/A,-10,-9.5,-10.5,,D,1300,N/A,N/A,N/A,N/A,N/A,N/A,0.0079,A,E,7,A,,A,E,5.50E-04,N/A,N/A,N/A,,N/A,N/A,N/A,N/A,N/A,N/A,N/A,N/A,N/A,N/A,N/A,N/A,N/A,N/A,N/A,N/A,N/A,N/A,N/A,N/A,N/A,N/A,N/A,N/A,N/A,N/A,N/A,N/A,N/A,N/A,N/A,N/A
,5,H2O,,,0,,N/A,NO,NO, Cylindrical,20,60,N/A,N/A,N/A,-10,-9.5,-10.5,,D,1300,N/A,N/A,N/A,N/A,N/A,N/A,0.0079,A,E,6.98,A,,A,E,5.50E-04,N/A,N/A,N/A,,N/A,N/A,N/A,N/A,N/A,N/A,N/A,N/A,N/A,N/A,N/A,N/A,N/A,N/A,N/A,N/A,N/A,N/A,N/A,N/A,N/A,N/A,N/A,N/A,N/A,N/A,N/A,N/A,N/A,N/A,N/A,N/A
,10,H2O,,,0,,N/A,NO,NO, Cylindrical,20,60,N/A,N/A,N/A,-10,-9.5,-10.5,,D,1300,N/A,N/A,N/A,N/A,N/A,N/A,0.015,A,E,6.88,A,,A,E,5.50E-04,N/A,N/A,N/A,,N/A,N/A,N/A,N/A,N/A,N/A,N/A,N/A,N/A,N/A,N/A,N/A,N/A,N/A,N/A,N/A,N/A,N/A,N/A,N/A,N/A,N/A,N/A,N/A,N/A,N/A,N/A,N/A,N/A,N/A,N/A,N/A
,12,H2O,,,0,,N/A,NO,NO, Cylindrical,20,60,N/A,N/A,N/A,-10,-9.5,-10.5,,D,1300,N/A,N/A,N/A,N/A,N/A,N/A,0.0119,A,E,6.56,A,,A,E,5.50E-04,N/A,N/A,N/A,,N/A,N/A,N/A,N/A,N/A,N/A,N/A,N/A,N/A,N/A,N/A,N/A,N/A,N/A,N/A,N/A,N/A,N/A,N/A,N/A,N/A,N/A,N/A,N/A,N/A,N/A,N/A,N/A,N/A,N/A,N/A,N/A
,13,H2O,,,0,,N/A,NO,NO, Cylindrical,20,60,N/A,N/A,N/A,-10,-9.5,-10.5,,D,1300,N/A,N/A,N/A,N/A,N/A,N/A,0.0096,A,E,6.94,A,,A,E,5.50E-04,N/A,N/A,N/A,,N/A,N/A,N/A,N/A,N/A,N/A,N/A,N/A,N/A,N/A,N/A,N/A,N/A,N/A,N/A,N/A,N/A,N/A,N/A,N/A,N/A,N/A,N/A,N/A,N/A,N/A,N/A,N/A,N/A,N/A,N/A,N/A
,15,H2O,,,0,,N/A,NO,NO, Cylindrical,20,60,N/A,N/A,N/A,-10,-9.5,-10.5,,D,1100,N/A,N/A,N/A,N/A,N/A,N/A,0.0062,A,E,8.76,A,,A,E,5.50E-04,N/A,N/A,N/A,,N/A,N/A,N/A,N/A,N/A,N/A,N/A,N/A,N/A,N/A,N/A,N/A,N/A,N/A,N/A,N/A,N/A,N/A,N/A,N/A,N/A,N/A,N/A,N/A,N/A,N/A,N/A,N/A,N/A,N/A,N/A,N/A
,18,H2O,,,0,,N/A,NO,NO, Cylindrical,20,60,N/A,N/A,N/A,-10,-9.5,-10.5,,D,1200,N/A,N/A,N/A,N/A,N/A,N/A,0.0039,A,E,7.46,A,,A,E,5.50E-04,N/A,N/A,N/A,,N/A,N/A,N/A,N/A,N/A,N/A,N/A,N/A,N/A,N/A,N/A,N/A,N/A,N/A,N/A,N/A,N/A,N/A,N/A,N/A,N/A,N/A,N/A,N/A,N/A,N/A,N/A,N/A,N/A,N/A,N/A,N/A
,25,H2O,,,0,,N/A,NO,NO, Cylindrical,20,60,N/A,N/A,N/A,-10,-9.5,-10.5,,D,900,N/A,N/A,N/A,N/A,N/A,N/A,0.0099,A,E,7.11,A,,A,E,5.50E-04,N/A,N/A,N/A,,N/A,N/A,N/A,N/A,N/A,N/A,N/A,N/A,N/A,N/A,N/A,N/A,N/A,N/A,N/A,N/A,N/A,N/A,N/A,N/A,N/A,N/A,N/A,N/A,N/A,N/A,N/A,N/A,N/A,N/A,N/A,N/A
,26,H2O,,,0,,N/A,NO,NO, Cylindrical,20,60,N/A,N/A,N/A,-10,-9.5,-10.5,,D,1000,N/A,N/A,N/A,N/A,N/A,N/A,0.0059,A,E,7.49,A,,A,E,5.50E-04,N/A,N/A,N/A,,N/A,N/A,N/A,N/A,N/A,N/A,N/A,N/A,N/A,N/A,N/A,N/A,N/A,N/A,N/A,N/A,N/A,N/A,N/A,N/A,N/A,N/A,N/A,N/A,N/A,N/A,N/A,N/A,N/A,N/A,N/A,N/A
,27,H2O,,,0,,N/A,NO,NO, Cylindrical,20,60,N/A,N/A,N/A,-10,-9.5,-10.5,,D,900,N/A,N/A,N/A,N/A,N/A,N/A,0.0056,A,E,7.79,A,,A,E,5.50E-04,N/A,N/A,N/A,,N/A,N/A,N/A,N/A,N/A,N/A,N/A,N/A,N/A,N/A,N/A,N/A,N/A,N/A,N/A,N/A,N/A,N/A,N/A,N/A,N/A,N/A,N/A,N/A,N/A,N/A,N/A,N/A,N/A,N/A,N/A,N/A
,28,H2O,,,0,,N/A,NO,NO, Cylindrical,20,60,N/A,N/A,N/A,-10,-9.5,-10.5,,D,1000,N/A,N/A,N/A,N/A,N/A,N/A,0.0069,A,E,7.47,A,,A,E,5.50E-04,N/A,N/A,N/A,,N/A,N/A,N/A,N/A,N/A,N/A,N/A,N/A,N/A,N/A,N/A,N/A,N/A,N/A,N/A,N/A,N/A,N/A,N/A,N/A,N/A,N/A,N/A,N/A,N/A,N/A,N/A,N/A,N/A,N/A,N/A,N/A
,29,H2O,,,0,,N/A,NO,NO, Cylindrical,20,60,N/A,N/A,N/A,-10,-9.5,-10.5,,D,1200,N/A,N/A,N/A,N/A,N/A,N/A,0.0056,A,E,7.88,A,,A,E,5.50E-04,N/A,N/A,N/A,,N/A,N/A,N/A,N/A,N/A,N/A,N/A,N/A,N/A,N/A,N/A,N/A,N/A,N/A,N/A,N/A,N/A,N/A,N/A,N/A,N/A,N/A,N/A,N/A,N/A,N/A,N/A,N/A,N/A,N/A,N/A,N/A
,30,H2O,,,0,,N/A,NO,NO, Cylindrical,20,60,N/A,N/A,N/A,-10,-9.5,-10.5,,D,1200,N/A,N/A,N/A,N/A,N/A,N/A,0.0069,A,E,7.66,A,,A,E,5.50E-04,N/A,N/A,N/A,,N/A,N/A,N/A,N/A,N/A,N/A,N/A,N/A,N/A,N/A,N/A,N/A,N/A,N/A,N/A,N/A,N/A,N/A,N/A,N/A,N/A,N/A,N/A,N/A,N/A,N/A,N/A,N/A,N/A,N/A,N/A,N/A
,31,H2O,,,0,,N/A,NO,NO, Cylindrical,20,60,N/A,N/A,N/A,-10,-9.5,-10.5,,D,1300,N/A,N/A,N/A,N/A,N/A,N/A,0.0066,A,E,7.57,A,,A,E,5.50E-04,N/A,N/A,N/A,,N/A,N/A,N/A,N/A,N/A,N/A,N/A,N/A,N/A,N/A,N/A,N/A,N/A,N/A,N/A,N/A,N/A,N/A,N/A,N/A,N/A,N/A,N/A,N/A,N/A,N/A,N/A,N/A,N/A,N/A,N/A,N/A
,32,H2O,,,0,,N/A,NO,NO, Cylindrical,20,60,N/A,N/A,N/A,-10,-9.5,-10.5,,D,1300,N/A,N/A,N/A,N/A,N/A,N/A,0.0069,A,E,8.03,A,,A,E,5.50E-04,N/A,N/A,N/A,,N/A,N/A,N/A,N/A,N/A,N/A,N/A,N/A,N/A,N/A,N/A,N/A,N/A,N/A,N/A,N/A,N/A,N/A,N/A,N/A,N/A,N/A,N/A,N/A,N/A,N/A,N/A,N/A,N/A,N/A,N/A,N/A
,33,H2O,,,0,,N/A,NO,NO, Cylindrical,20,60,N/A,N/A,N/A,-10,-9.5,-10.5,,D,1500,N/A,N/A,N/A,N/A,N/A,N/A,0.0059,A,E,7.75,A,,A,E,5.50E-04,N/A,N/A,N/A,,N/A,N/A,N/A,N/A,N/A,N/A,N/A,N/A,N/A,N/A,N/A,N/A,N/A,N/A,N/A,N/A,N/A,N/A,N/A,N/A,N/A,N/A,N/A,N/A,N/A,N/A,N/A,N/A,N/A,N/A,N/A,N/A
,34,H2O,,,0,,N/A,NO,NO, Cylindrical,20,60,N/A,N/A,N/A,-10,-9.5,-10.5,,D,1400,N/A,N/A,N/A,N/A,N/A,N/A,0.0066,A,E,8.53,A,,A,E,5.50E-04,N/A,N/A,N/A,,N/A,N/A,N/A,N/A,N/A,N/A,N/A,N/A,N/A,N/A,N/A,N/A,N/A,N/A,N/A,N/A,N/A,N/A,N/A,N/A,N/A,N/A,N/A,N/A,N/A,N/A,N/A,N/A,N/A,N/A,N/A,N/A
,35,H2O,,,0,,N/A,NO,NO, Cylindrical,20,60,N/A,N/A,N/A,-10,-9.5,-10.5,,D,1700,N/A,N/A,N/A,N/A,N/A,N/A,0.0066,A,E,6.91,A,,A,E,5.50E-04,N/A,N/A,N/A,,N/A,N/A,N/A,N/A,N/A,N/A,N/A,N/A,N/A,N/A,N/A,N/A,N/A,N/A,N/A,N/A,N/A,N/A,N/A,N/A,N/A,N/A,N/A,N/A,N/A,N/A,N/A,N/A,N/A,N/A,N/A,N/A
,36,H2O,,,0,,N/A,NO,NO, Cylindrical,20,60,N/A,N/A,N/A,-10,-9.5,-10.5,,D,1300,N/A,N/A,N/A,N/A,N/A,N/A,0.0079,A,E,6.59,A,,A,E,5.50E-04,N/A,N/A,N/A,,N/A,N/A,N/A,N/A,N/A,N/A,N/A,N/A,N/A,N/A,N/A,N/A,N/A,N/A,N/A,N/A,N/A,N/A,N/A,N/A,N/A,N/A,N/A,N/A,N/A,N/A,N/A,N/A,N/A,N/A,N/A,N/A
,37,H2O,,,0,,N/A,NO,NO, Cylindrical,20,60,N/A,N/A,N/A,-10,-9.5,-10.5,,D,1200,N/A,N/A,N/A,N/A,N/A,N/A,0.0059,A,E,7.11,A,,A,E,5.50E-04,N/A,N/A,N/A,,N/A,N/A,N/A,N/A,N/A,N/A,N/A,N/A,N/A,N/A,N/A,N/A,N/A,N/A,N/A,N/A,N/A,N/A,N/A,N/A,N/A,N/A,N/A,N/A,N/A,N/A,N/A,N/A,N/A,N/A,N/A,N/A
,38,H2O,,,0,,N/A,NO,NO, Cylindrical,20,60,N/A,N/A,N/A,-10,-9.5,-10.5,,D,1300,N/A,N/A,N/A,N/A,N/A,N/A,0.0056,A,E,7.02,A,,A,E,5.50E-04,N/A,N/A,N/A,,N/A,N/A,N/A,N/A,N/A,N/A,N/A,N/A,N/A,N/A,N/A,N/A,N/A,N/A,N/A,N/A,N/A,N/A,N/A,N/A,N/A,N/A,N/A,N/A,N/A,N/A,N/A,N/A,N/A,N/A,N/A,N/A
,39,H2O,,,0,,N/A,NO,NO, Cylindrical,20,60,N/A,N/A,N/A,-10,-9.5,-10.5,,D,1300,N/A,N/A,N/A,N/A,N/A,N/A,0.0049,A,E,7.79,A,,A,E,5.50E-04,N/A,N/A,N/A,,N/A,N/A,N/A,N/A,N/A,N/A,N/A,N/A,N/A,N/A,N/A,N/A,N/A,N/A,N/A,N/A,N/A,N/A,N/A,N/A,N/A,N/A,N/A,N/A,N/A,N/A,N/A,N/A,N/A,N/A,N/A,N/A
,40,H2O,,,0,,N/A,NO,NO, Cylindrical,20,60,N/A,N/A,N/A,-10,-9.5,-10.5,,D,1400,N/A,N/A,N/A,N/A,N/A,N/A,0.0056,A,E,8.32,A,,A,E,5.50E-04,N/A,N/A,N/A,,N/A,N/A,N/A,N/A,N/A,N/A,N/A,N/A,N/A,N/A,N/A,N/A,N/A,N/A,N/A,N/A,N/A,N/A,N/A,N/A,N/A,N/A,N/A,N/A,N/A,N/A,N/A,N/A,N/A,N/A,N/A,N/A
,41,H2O,,,0,,N/A,NO,NO, Cylindrical,20,60,N/A,N/A,N/A,-10,-9.5,-10.5,,D,1800,N/A,N/A,N/A,N/A,N/A,N/A,0.0059,A,E,7.75,A,,A,E,5.50E-04,N/A,N/A,N/A,,N/A,N/A,N/A,N/A,N/A,N/A,N/A,N/A,N/A,N/A,N/A,N/A,N/A,N/A,N/A,N/A,N/A,N/A,N/A,N/A,N/A,N/A,N/A,N/A,N/A,N/A,N/A,N/A,N/A,N/A,N/A,N/A
,42,H2O,,,0,,N/A,NO,NO, Cylindrical,20,60,N/A,N/A,N/A,-10,-9.5,-10.5,,D,1100,N/A,N/A,N/A,N/A,N/A,N/A,0.0069,A,E,7.6,A,,A,E,5.50E-04,N/A,N/A,N/A,,N/A,N/A,N/A,N/A,N/A,N/A,N/A,N/A,N/A,N/A,N/A,N/A,N/A,N/A,N/A,N/A,N/A,N/A,N/A,N/A,N/A,N/A,N/A,N/A,N/A,N/A,N/A,N/A,N/A,N/A,N/A,N/A
,43,H2O,,,0,,N/A,NO,NO, Cylindrical,20,60,N/A,N/A,N/A,-10,-9.5,-10.5,,D,1000,N/A,N/A,N/A,N/A,N/A,N/A,0.0049,A,E,7.43,A,,A,E,5.50E-04,N/A,N/A,N/A,,N/A,N/A,N/A,N/A,N/A,N/A,N/A,N/A,N/A,N/A,N/A,N/A,N/A,N/A,N/A,N/A,N/A,N/A,N/A,N/A,N/A,N/A,N/A,N/A,N/A,N/A,N/A,N/A,N/A,N/A,N/A,N/A
,44,H2O,,,0,,N/A,NO,NO, Cylindrical,20,60,N/A,N/A,N/A,-10,-9.5,-10.5,,D,1000,N/A,N/A,N/A,N/A,N/A,N/A,0.0061,A,E,7.71,A,,A,E,5.50E-04,N/A,N/A,N/A,,N/A,N/A,N/A,N/A,N/A,N/A,N/A,N/A,N/A,N/A,N/A,N/A,N/A,N/A,N/A,N/A,N/A,N/A,N/A,N/A,N/A,N/A,N/A,N/A,N/A,N/A,N/A,N/A,N/A,N/A,N/A,N/A
,45,H2O,,,0,,N/A,NO,NO, Cylindrical,20,60,N/A,N/A,N/A,-10,-9.5,-10.5,,D,1000,N/A,N/A,N/A,N/A,N/A,N/A,0.0061,A,E,7.78,A,,A,E,5.50E-04,N/A,N/A,N/A,,N/A,N/A,N/A,N/A,N/A,N/A,N/A,N/A,N/A,N/A,N/A,N/A,N/A,N/A,N/A,N/A,N/A,N/A,N/A,N/A,N/A,N/A,N/A,N/A,N/A,N/A,N/A,N/A,N/A,N/A,N/A,N/A
,46,H2O,,,0,,N/A,NO,NO, Cylindrical,20,60,N/A,N/A,N/A,-10,-9.5,-10.5,,D,950,N/A,N/A,N/A,N/A,N/A,N/A,0.0054,A,E,8.43,A,,A,E,5.50E-04,N/A,N/A,N/A,,N/A,N/A,N/A,N/A,N/A,N/A,N/A,N/A,N/A,N/A,N/A,N/A,N/A,N/A,N/A,N/A,N/A,N/A,N/A,N/A,N/A,N/A,N/A,N/A,N/A,N/A,N/A,N/A,N/A,N/A,N/A,N/A
,47,H2O,,,0,,N/A,NO,NO, Cylindrical,20,60,N/A,N/A,N/A,-10,-9.5,-10.5,,D,1400,N/A,N/A,N/A,N/A,N/A,N/A,0.0054,A,E,8.58,A,,A,E,5.50E-04,N/A,N/A,N/A,,N/A,N/A,N/A,N/A,N/A,N/A,N/A,N/A,N/A,N/A,N/A,N/A,N/A,N/A,N/A,N/A,N/A,N/A,N/A,N/A,N/A,N/A,N/A,N/A,N/A,N/A,N/A,N/A,N/A,N/A,N/A,N/A
,48,H2O,,,0,,N/A,NO,NO, Cylindrical,20,60,N/A,N/A,N/A,-10,-9.5,-10.5,,D,1400,N/A,N/A,N/A,N/A,N/A,N/A,0.0054,A,E,7.75,A,,A,E,5.50E-04,N/A,N/A,N/A,,N/A,N/A,N/A,N/A,N/A,N/A,N/A,N/A,N/A,N/A,N/A,N/A,N/A,N/A,N/A,N/A,N/A,N/A,N/A,N/A,N/A,N/A,N/A,N/A,N/A,N/A,N/A,N/A,N/A,N/A,N/A,N/A
,49,H2O,,,0,,N/A,NO,NO, Cylindrical,20,60,N/A,N/A,N/A,-10,-9.5,-10.5,,D,890,N/A,N/A,N/A,N/A,N/A,N/A,0.0071,A,E,8.82,A,,A,E,5.50E-04,N/A,N/A,N/A,,N/A,N/A,N/A,N/A,N/A,N/A,N/A,N/A,N/A,N/A,N/A,N/A,N/A,N/A,N/A,N/A,N/A,N/A,N/A,N/A,N/A,N/A,N/A,N/A,N/A,N/A,N/A,N/A,N/A,N/A,N/A,N/A
,50,H2O,,,0,,N/A,NO,NO, Cylindrical,20,60,N/A,N/A,N/A,-10,-9.5,-10.5,,D,800,N/A,N/A,N/A,N/A,N/A,N/A,0.0088,A,E,7.24,A,,A,E,5.50E-04,N/A,N/A,N/A,,N/A,N/A,N/A,N/A,N/A,N/A,N/A,N/A,N/A,N/A,N/A,N/A,N/A,N/A,N/A,N/A,N/A,N/A,N/A,N/A,N/A,N/A,N/A,N/A,N/A,N/A,N/A,N/A,N/A,N/A,N/A,N/A
,51,H2O,,,0,,N/A,NO,NO, Cylindrical,20,60,N/A,N/A,N/A,-10,-9.5,-10.5,,D,800,N/A,N/A,N/A,N/A,N/A,N/A,0.0061,A,E,7.25,A,,A,E,5.50E-04,N/A,N/A,N/A,,N/A,N/A,N/A,N/A,N/A,N/A,N/A,N/A,N/A,N/A,N/A,N/A,N/A,N/A,N/A,N/A,N/A,N/A,N/A,N/A,N/A,N/A,N/A,N/A,N/A,N/A,N/A,N/A,N/A,N/A,N/A,N/A
,52,H2O,,,0,,N/A,NO,NO, Cylindrical,20,60,N/A,N/A,N/A,-10,-9.5,-10.5,,D,800,N/A,N/A,N/A,N/A,N/A,N/A,0.0066,A,E,8.56,A,,A,E,5.50E-04,N/A,N/A,N/A,,N/A,N/A,N/A,N/A,N/A,N/A,N/A,N/A,N/A,N/A,N/A,N/A,N/A,N/A,N/A,N/A,N/A,N/A,N/A,N/A,N/A,N/A,N/A,N/A,N/A,N/A,N/A,N/A,N/A,N/A,N/A,N/A
,53,H2O,,,0,,N/A,NO,NO, Cylindrical,20,60,N/A,N/A,N/A,-10,-9.5,-10.5,,D,800,N/A,N/A,N/A,N/A,N/A,N/A,0.0061,A,E,7.7,A,,A,E,5.50E-04,N/A,N/A,N/A,,N/A,N/A,N/A,N/A,N/A,N/A,N/A,N/A,N/A,N/A,N/A,N/A,N/A,N/A,N/A,N/A,N/A,N/A,N/A,N/A,N/A,N/A,N/A,N/A,N/A,N/A,N/A,N/A,N/A,N/A,N/A,N/A
,54,H2O,,,0,,N/A,NO,NO, Cylindrical,20,60,N/A,N/A,N/A,-10,-9.5,-10.5,,D,1100,N/A,N/A,N/A,N/A,N/A,N/A,0.0054,A,E,8.02,A,,A,E,5.50E-04,N/A,N/A,N/A,,N/A,N/A,N/A,N/A,N/A,N/A,N/A,N/A,N/A,N/A,N/A,N/A,N/A,N/A,N/A,N/A,N/A,N/A,N/A,N/A,N/A,N/A,N/A,N/A,N/A,N/A,N/A,N/A,N/A,N/A,N/A,N/A
,55,H2O,,,0,,N/A,NO,NO, Cylindrical,20,60,N/A,N/A,N/A,-10,-9.5,-10.5,,D,1100,N/A,N/A,N/A,N/A,N/A,N/A,0.0054,A,E,8.38,A,,A,E,5.50E-04,N/A,N/A,N/A,,N/A,N/A,N/A,N/A,N/A,N/A,N/A,N/A,N/A,N/A,N/A,N/A,N/A,N/A,N/A,N/A,N/A,N/A,N/A,N/A,N/A,N/A,N/A,N/A,N/A,N/A,N/A,N/A,N/A,N/A,N/A,N/A
,56,H2O,,,0,,N/A,NO,NO, Cylindrical,20,60,N/A,N/A,N/A,-10,-9.5,-10.5,,D,930,N/A,N/A,N/A,N/A,N/A,N/A,0.0054,A,E,7.94,A,,A,E,5.50E-04,N/A,N/A,N/A,,N/A,N/A,N/A,N/A,N/A,N/A,N/A,N/A,N/A,N/A,N/A,N/A,N/A,N/A,N/A,N/A,N/A,N/A,N/A,N/A,N/A,N/A,N/A,N/A,N/A,N/A,N/A,N/A,N/A,N/A,N/A,N/A
,57,H2O,,,0,,N/A,NO,NO, Cylindrical,20,60,N/A,N/A,N/A,-10,-9.5,-10.5,,D,930,N/A,N/A,N/A,N/A,N/A,N/A,0.0061,A,E,7.59,A,,A,E,5.50E-04,N/A,N/A,N/A,,N/A,N/A,N/A,N/A,N/A,N/A,N/A,N/A,N/A,N/A,N/A,N/A,N/A,N/A,N/A,N/A,N/A,N/A,N/A,N/A,N/A,N/A,N/A,N/A,N/A,N/A,N/A,N/A,N/A,N/A,N/A,N/A
,58,H2O,,,0,,N/A,NO,NO, Cylindrical,20,60,N/A,N/A,N/A,-10,-9.5,-10.5,,D,930,N/A,N/A,N/A,N/A,N/A,N/A,0.0104,A,E,6.45,A,,A,E,5.50E-04,N/A,N/A,N/A,,N/A,N/A,N/A,N/A,N/A,N/A,N/A,N/A,N/A,N/A,N/A,N/A,N/A,N/A,N/A,N/A,N/A,N/A,N/A,N/A,N/A,N/A,N/A,N/A,N/A,N/A,N/A,N/A,N/A,N/A,N/A,N/A
,59,H2O,,,0,,N/A,NO,NO, Cylindrical,34,102,N/A,N/A,N/A,-10,-9.5,-10.5,,D,9720,N/A,N/A,N/A,N/A,N/A,N/A,0.0086,A,E,7.26,A,,A,E,5.50E-04,N/A,N/A,N/A,,N/A,N/A,N/A,N/A,N/A,N/A,N/A,N/A,N/A,N/A,N/A,N/A,N/A,N/A,N/A,N/A,N/A,N/A,N/A,N/A,N/A,N/A,N/A,N/A,N/A,N/A,N/A,N/A,N/A,N/A,N/A,N/A
,60,H2O,,,0,,N/A,NO,NO, Cylindrical,20,60,N/A,N/A,N/A,-10,-9.5,-10.5,,D,710,N/A,N/A,N/A,N/A,N/A,N/A,0.0066,A,E,7.15,A,,A,E,5.50E-04,N/A,N/A,N/A,,N/A,N/A,N/A,N/A,N/A,N/A,N/A,N/A,N/A,N/A,N/A,N/A,N/A,N/A,N/A,N/A,N/A,N/A,N/A,N/A,N/A,N/A,N/A,N/A,N/A,N/A,N/A,N/A,N/A,N/A,N/A,N/A
,61,H2O,,,0,,N/A,NO,NO, Cylindrical,20,60,N/A,N/A,N/A,-10,-9.5,-10.5,,D,710,N/A,N/A,N/A,N/A,N/A,N/A,0.0087,A,E,6.91,A,,A,E,5.50E-04,N/A,N/A,N/A,,N/A,N/A,N/A,N/A,N/A,N/A,N/A,N/A,N/A,N/A,N/A,N/A,N/A,N/A,N/A,N/A,N/A,N/A,N/A,N/A,N/A,N/A,N/A,N/A,N/A,N/A,N/A,N/A,N/A,N/A,N/A,N/A
,62,H2O,,,0,,N/A,NO,NO, Cylindrical,20,60,N/A,N/A,N/A,-10,-9.5,-10.5,,D,800,N/A,N/A,N/A,N/A,N/A,N/A,0.0054,A,E,7.29,A,,A,E,5.50E-04,N/A,N/A,N/A,,N/A,N/A,N/A,N/A,N/A,N/A,N/A,N/A,N/A,N/A,N/A,N/A,N/A,N/A,N/A,N/A,N/A,N/A,N/A,N/A,N/A,N/A,N/A,N/A,N/A,N/A,N/A,N/A,N/A,N/A,N/A,N/A
,63,H2O,,,0,,N/A,NO,NO, Cylindrical,34,102,N/A,N/A,N/A,-10,-9.5,-10.5,,D,1940,N/A,N/A,N/A,N/A,N/A,N/A,0.006,A,E,6.52,A,,A,E,5.50E-04,N/A,N/A,N/A,,N/A,N/A,N/A,N/A,N/A,N/A,N/A,N/A,N/A,N/A,N/A,N/A,N/A,N/A,N/A,N/A,N/A,N/A,N/A,N/A,N/A,N/A,N/A,N/A,N/A,N/A,N/A,N/A,N/A,N/A,N/A,N/A
,64,H2O,,,0,,N/A,NO,NO, Cylindrical,34,102,N/A,N/A,N/A,-10,-9.5,-10.5,,D,1630,N/A,N/A,N/A,N/A,N/A,N/A,0.0062,A,E,7.08,A,,A,E,5.50E-04,N/A,N/A,N/A,,N/A,N/A,N/A,N/A,N/A,N/A,N/A,N/A,N/A,N/A,N/A,N/A,N/A,N/A,N/A,N/A,N/A,N/A,N/A,N/A,N/A,N/A,N/A,N/A,N/A,N/A,N/A,N/A,N/A,N/A,N/A,N/A
,65,H2O,,,0,,N/A,NO,NO, Cylindrical,20,60,N/A,N/A,N/A,-10,-9.5,-10.5,,D,670,N/A,N/A,N/A,N/A,N/A,N/A,0.0088,A,E,7.28,A,,A,E,5.50E-04,N/A,N/A,N/A,,N/A,N/A,N/A,N/A,N/A,N/A,N/A,N/A,N/A,N/A,N/A,N/A,N/A,N/A,N/A,N/A,N/A,N/A,N/A,N/A,N/A,N/A,N/A,N/A,N/A,N/A,N/A,N/A,N/A,N/A,N/A,N/A
,67,H2O,,,0,,N/A,NO,NO, Cylindrical,34,102,N/A,N/A,N/A,-10,-9.5,-10.5,,D,1880,N/A,N/A,N/A,N/A,N/A,N/A,0.0106,A,E,7.06,A,,A,E,5.50E-04,N/A,N/A,N/A,,N/A,N/A,N/A,N/A,N/A,N/A,N/A,N/A,N/A,N/A,N/A,N/A,N/A,N/A,N/A,N/A,N/A,N/A,N/A,N/A,N/A,N/A,N/A,N/A,N/A,N/A,N/A,N/A,N/A,N/A,N/A,N/A
,68,H2O,,,0,,N/A,NO,NO, Cylindrical,34,102,N/A,N/A,N/A,-10,-9.5,-10.5,,D,1630,N/A,N/A,N/A,N/A,N/A,N/A,0.0062,A,E,7.15,A,,A,E,5.50E-04,N/A,N/A,N/A,,N/A,N/A,N/A,N/A,N/A,N/A,N/A,N/A,N/A,N/A,N/A,N/A,N/A,N/A,N/A,N/A,N/A,N/A,N/A,N/A,N/A,N/A,N/A,N/A,N/A,N/A,N/A,N/A,N/A,N/A,N/A,N/A
,69,H2O,,,0,,N/A,NO,NO, Cylindrical,20,60,N/A,N/A,N/A,-10,-9.5,-10.5,,D,1450,N/A,N/A,N/A,N/A,N/A,N/A,0.0053,A,E,8.07,A,,A,E,5.50E-04,N/A,N/A,N/A,,N/A,N/A,N/A,N/A,N/A,N/A,N/A,N/A,N/A,N/A,N/A,N/A,N/A,N/A,N/A,N/A,N/A,N/A,N/A,N/A,N/A,N/A,N/A,N/A,N/A,N/A,N/A,N/A,N/A,N/A,N/A,N/A
,70,H2O,,,0,,N/A,NO,NO, Cylindrical,34,102,N/A,N/A,N/A,-10,-9.5,-10.5,,D,1940,N/A,N/A,N/A,N/A,N/A,N/A,0.0104,A,E,7.28,A,,A,E,5.50E-04,N/A,N/A,N/A,,N/A,N/A,N/A,N/A,N/A,N/A,N/A,N/A,N/A,N/A,N/A,N/A,N/A,N/A,N/A,N/A,N/A,N/A,N/A,N/A,N/A,N/A,N/A,N/A,N/A,N/A,N/A,N/A,N/A,N/A,N/A,N/A
,71,H2O,,,0,,N/A,NO,NO, Cylindrical,20,60,N/A,N/A,N/A,-10,-9.5,-10.5,,D,1560,N/A,N/A,N/A,N/A,N/A,N/A,0.0098,A,E,7.29,A,,A,E,5.50E-04,N/A,N/A,N/A,,N/A,N/A,N/A,N/A,N/A,N/A,N/A,N/A,N/A,N/A,N/A,N/A,N/A,N/A,N/A,N/A,N/A,N/A,N/A,N/A,N/A,N/A,N/A,N/A,N/A,N/A,N/A,N/A,N/A,N/A,N/A,N/A
,72,H2O,,,0,,N/A,NO,NO, Cylindrical,34,102,N/A,N/A,N/A,-10,-9.5,-10.5,,D,1660,N/A,N/A,N/A,N/A,N/A,N/A,0.0065,A,E,8.15,A,,A,E,5.50E-04,N/A,N/A,N/A,,N/A,N/A,N/A,N/A,N/A,N/A,N/A,N/A,N/A,N/A,N/A,N/A,N/A,N/A,N/A,N/A,N/A,N/A,N/A,N/A,N/A,N/A,N/A,N/A,N/A,N/A,N/A,N/A,N/A,N/A,N/A,N/A
,73,H2O,,,0,,N/A,NO,NO, Cylindrical,20,60,N/A,N/A,N/A,-10,-9.5,-10.5,,D,690,N/A,N/A,N/A,N/A,N/A,N/A,0.0088,A,E,6.92,A,,A,E,5.50E-04,N/A,N/A,N/A,,N/A,N/A,N/A,N/A,N/A,N/A,N/A,N/A,N/A,N/A,N/A,N/A,N/A,N/A,N/A,N/A,N/A,N/A,N/A,N/A,N/A,N/A,N/A,N/A,N/A,N/A,N/A,N/A,N/A,N/A,N/A,N/A
,74,H2O,,,0,,N/A,NO,NO, Cylindrical,20,60,N/A,N/A,N/A,-10,-9.5,-10.5,,D,690,N/A,N/A,N/A,N/A,N/A,N/A,0.0099,A,E,7.2,A,,A,E,5.50E-04,N/A,N/A,N/A,,N/A,N/A,N/A,N/A,N/A,N/A,N/A,N/A,N/A,N/A,N/A,N/A,N/A,N/A,N/A,N/A,N/A,N/A,N/A,N/A,N/A,N/A,N/A,N/A,N/A,N/A,N/A,N/A,N/A,N/A,N/A,N/A
,75,H2O,,,0,,N/A,NO,NO, Cylindrical,20,60,N/A,N/A,N/A,-10,-9.5,-10.5,,D,690,N/A,N/A,N/A,N/A,N/A,N/A,0.0074,A,E,7.58,A,,A,E,5.50E-04,N/A,N/A,N/A,,N/A,N/A,N/A,N/A,N/A,N/A,N/A,N/A,N/A,N/A,N/A,N/A,N/A,N/A,N/A,N/A,N/A,N/A,N/A,N/A,N/A,N/A,N/A,N/A,N/A,N/A,N/A,N/A,N/A,N/A,N/A,N/A
,76,H2O,,,0,,N/A,NO,NO, Cylindrical,20,60,N/A,N/A,N/A,-10,-9.5,-10.5,,D,660,N/A,N/A,N/A,N/A,N/A,N/A,0.0066,A,E,7.36,A,,A,E,5.50E-04,N/A,N/A,N/A,,N/A,N/A,N/A,N/A,N/A,N/A,N/A,N/A,N/A,N/A,N/A,N/A,N/A,N/A,N/A,N/A,N/A,N/A,N/A,N/A,N/A,N/A,N/A,N/A,N/A,N/A,N/A,N/A,N/A,N/A,N/A,N/A
,79,H2O,,,0,,N/A,NO,NO, Cylindrical,20,60,N/A,N/A,N/A,-10,-9.5,-10.5,,D,560,N/A,N/A,N/A,N/A,N/A,N/A,0.0099,A,E,7.3,A,,A,E,5.50E-04,N/A,N/A,N/A,,N/A,N/A,N/A,N/A,N/A,N/A,N/A,N/A,N/A,N/A,N/A,N/A,N/A,N/A,N/A,N/A,N/A,N/A,N/A,N/A,N/A,N/A,N/A,N/A,N/A,N/A,N/A,N/A,N/A,N/A,N/A,N/A
,80,H2O,,,0,,N/A,NO,NO, Cylindrical,20,60,N/A,N/A,N/A,-10,-9.5,-10.5,,D,600,N/A,N/A,N/A,N/A,N/A,N/A,0.0055,A,E,8.65,A,,A,E,5.50E-04,N/A,N/A,N/A,,N/A,N/A,N/A,N/A,N/A,N/A,N/A,N/A,N/A,N/A,N/A,N/A,N/A,N/A,N/A,N/A,N/A,N/A,N/A,N/A,N/A,N/A,N/A,N/A,N/A,N/A,N/A,N/A,N/A,N/A,N/A,N/A
Durham et al. (1983),11,H2O,Constant displacement rate,Uniaxial compression ,100,Summary data in a table (Table 2).,N/A,NO,NO,Cylindrical,25.4,63.5,N/A,N/A,N/A,-78,-77.5,-78.5,T is piston temperature. T variation in the sample should be much lower (page B378).,D,1500,1000,2000,N/A,No,Light polarized photo ,N/A,N/A,N/A,N/A,25,A,N/A,A,T,3.50E-06,N/A,N/A,N/A,N/A,N/A,N/A,N/A,N/A,N/A,N/A,N/A,N/A,N/A,N/A,N/A,N/A,A,14.6,N/A,N/A,N/A,A,T,3.50E-06,N/A,N/A,N/A,N/A,N/A,N/A,N/A,N/A,N/A,N/A,N/A,N/A
,12,H2O,,,5,,N/A,NO,NO,Cylindrical,25.4,63.5,N/A,N/A,N/A,-78,-77.5,-78.5,,D,1500,1000,2000,N/A,No,,N/A,N/A,N/A,N/A,22.9,A,N/A,A,T,3.50E-06,N/A,N/A,N/A,N/A,N/A,N/A,N/A,N/A,N/A,N/A,N/A,N/A,N/A,N/A,N/A,N/A,A,N/A,N/A,N/A,N/A,A,T,3.50E-06,N/A,N/A,N/A,N/A,N/A,N/A,N/A,N/A,N/A,N/A,N/A,N/A
,14,H2O,,,50,,N/A,NO,NO,Cylindrical,25.4,63.5,N/A,N/A,N/A,-78,-77.5,-78.5,,D,1500,1000,2000,N/A,No,,N/A,N/A,N/A,N/A,24.4,A,N/A,A,T,3.50E-06,N/A,N/A,N/A,N/A,N/A,N/A,N/A,N/A,N/A,N/A,N/A,N/A,N/A,N/A,N/A,N/A,A,20,N/A,N/A,N/A,A,T,3.50E-06,N/A,N/A,N/A,N/A,N/A,N/A,N/A,N/A,N/A,N/A,N/A,N/A
,23,H2O,,,180,,N/A,NO,NO,Cylindrical,25.4,63.5,N/A,N/A,N/A,-115,-114.5,-115.5,,D,1500,1000,2000,N/A,No,,N/A,N/A,N/A,N/A,67.1,A,N/A,A,T,3.50E-06,N/A,N/A,N/A,N/A,N/A,N/A,N/A,N/A,N/A,N/A,N/A,N/A,N/A,N/A,N/A,N/A,A,56,48,64,N/A,A,T,3.50E-06,N/A,N/A,N/A,N/A,N/A,N/A,N/A,N/A,N/A,N/A,N/A,N/A
,24,H2O,,,120,,N/A,NO,NO,Cylindrical,25.4,63.5,N/A,N/A,N/A,-115,-114.5,-115.5,,D,1500,1000,2000,N/A,No,,N/A,N/A,N/A,N/A,87.2,A,N/A,A,T,3.50E-06,N/A,N/A,N/A,N/A,N/A,N/A,N/A,N/A,N/A,N/A,N/A,N/A,N/A,N/A,N/A,N/A,A,72.6,N/A,N/A,N/A,A,T,3.50E-06,N/A,N/A,N/A,N/A,N/A,N/A,N/A,N/A,N/A,N/A,N/A,N/A
,25,H2O,,,90,,N/A,NO,NO,Cylindrical,25.4,63.5,N/A,N/A,N/A,-115,-114.5,-115.5,,D,1500,1000,2000,N/A,No,,N/A,N/A,N/A,N/A,93.9,A,N/A,A,T,3.50E-06,N/A,N/A,N/A,N/A,N/A,N/A,N/A,N/A,N/A,N/A,N/A,N/A,N/A,N/A,N/A,N/A,A,78.1,N/A,N/A,N/A,A,T,3.50E-06,N/A,N/A,N/A,N/A,N/A,N/A,N/A,N/A,N/A,N/A,N/A,N/A
,29,H2O,,,60,,N/A,NO,NO,Cylindrical,25.4,63.5,N/A,N/A,N/A,-115,-114.5,-115.5,,D,1500,1000,2000,N/A,No,,N/A,N/A,N/A,N/A,99.4,A,N/A,A,T,3.50E-06,N/A,N/A,N/A,N/A,N/A,N/A,N/A,N/A,N/A,N/A,N/A,N/A,N/A,N/A,N/A,N/A,A,91.1,N/A,N/A,N/A,A,T,3.50E-06,N/A,N/A,N/A,N/A,N/A,N/A,N/A,N/A,N/A,N/A,N/A,N/A
,30,H2O,,,200,,N/A,NO,NO,Cylindrical,25.4,63.5,N/A,N/A,N/A,-78,-77.5,-78.5,,D,1500,1000,2000,N/A,No,,N/A,N/A,N/A,N/A,51.2,A,N/A,A,T,3.50E-04,N/A,N/A,N/A,N/A,N/A,N/A,N/A,N/A,N/A,N/A,N/A,N/A,N/A,N/A,N/A,N/A,A,31.2,N/A,N/A,N/A,A,T,3.50E-04,N/A,N/A,N/A,N/A,N/A,N/A,N/A,N/A,N/A,N/A,N/A,N/A
,31,H2O,,,200,,N/A,NO,NO,Cylindrical,25.4,63.5,N/A,N/A,N/A,-78,-77.5,-78.5,,D,1500,1000,2000,N/A,No,,N/A,N/A,N/A,N/A,10.7,A,N/A,A,T,3.50E-06,N/A,N/A,N/A,N/A,N/A,N/A,N/A,N/A,N/A,N/A,N/A,N/A,N/A,N/A,N/A,N/A,A,<1,N/A,N/A,N/A,A,T,3.50E-06,N/A,N/A,N/A,N/A,N/A,N/A,N/A,N/A,N/A,N/A,N/A,N/A
,37,H2O,,,100,,N/A,NO,NO,Cylindrical,25.4,63.5,N/A,N/A,N/A,-78,-77.5,-78.5,,D,1500,1000,2000,N/A,No,,N/A,N/A,N/A,N/A,65.5,A,N/A,A,T,3.50E-04,N/A,N/A,N/A,N/A,N/A,N/A,N/A,N/A,N/A,N/A,N/A,N/A,N/A,N/A,N/A,N/A,A,52.7,N/A,N/A,N/A,A,T,3.50E-04,N/A,N/A,N/A,N/A,N/A,N/A,N/A,N/A,N/A,N/A,N/A,N/A
,38,H2O,,,50,,N/A,NO,NO,Cylindrical,25.4,63.5,N/A,N/A,N/A,-78,-77.5,-78.5,,D,1500,1000,2000,N/A,No,,N/A,N/A,N/A,N/A,63.7,A,N/A,A,T,3.50E-04,N/A,N/A,N/A,N/A,N/A,N/A,N/A,N/A,N/A,N/A,N/A,N/A,N/A,N/A,N/A,N/A,A,49.2,N/A,N/A,N/A,A,T,3.50E-04,N/A,N/A,N/A,N/A,N/A,N/A,N/A,N/A,N/A,N/A,N/A,N/A
,39,H2O,,,150,,N/A,NO,NO,Cylindrical,25.4,63.5,N/A,N/A,N/A,-78,-77.5,-78.5,,D,1500,1000,2000,N/A,No,,N/A,N/A,N/A,N/A,58.6,A,N/A,A,T,3.50E-04,N/A,N/A,N/A,N/A,N/A,N/A,N/A,N/A,N/A,N/A,N/A,N/A,N/A,N/A,N/A,N/A,A,49.2,N/A,N/A,N/A,A,T,3.50E-04,N/A,N/A,N/A,N/A,N/A,N/A,N/A,N/A,N/A,N/A,N/A,N/A
,40,H2O,,,200,,N/A,NO,NO,Cylindrical,25.4,63.5,N/A,N/A,N/A,-78,-77.5,-78.5,,D,1500,1000,2000,N/A,No,,N/A,N/A,N/A,N/A,48.8,A,N/A,A,T,3.50E-04,N/A,N/A,N/A,N/A,N/A,N/A,N/A,N/A,N/A,N/A,N/A,N/A,N/A,N/A,N/A,N/A,A,31.7,N/A,N/A,N/A,A,T,3.50E-04,N/A,N/A,N/A,N/A,N/A,N/A,N/A,N/A,N/A,N/A,N/A,N/A
,41,H2O,,,225,,N/A,NO,NO,Cylindrical,25.4,63.5,N/A,N/A,N/A,-78,-77.5,-78.5,,D,1500,1000,2000,N/A,No,,N/A,N/A,N/A,N/A,25.6,A,N/A,A,T,3.50E-04,N/A,N/A,N/A,N/A,N/A,N/A,N/A,N/A,N/A,N/A,N/A,N/A,N/A,N/A,N/A,N/A,A,10.4,N/A,N/A,N/A,A,T,3.50E-04,N/A,N/A,N/A,N/A,N/A,N/A,N/A,N/A,N/A,N/A,N/A,N/A
,42,H2O,,,200,,N/A,NO,NO,Cylindrical,25.4,63.5,N/A,N/A,N/A,-78,-77.5,-78.5,,D,1500,1000,2000,N/A,No,,N/A,N/A,N/A,N/A,45.1,A,N/A,A,T,3.50E-04,N/A,N/A,N/A,N/A,N/A,N/A,N/A,N/A,N/A,N/A,N/A,N/A,N/A,N/A,N/A,N/A,A,N/A,N/A,N/A,N/A,A,T,3.50E-04,N/A,N/A,N/A,N/A,N/A,N/A,N/A,N/A,N/A,N/A,N/A,N/A
,43,H2O,,,200,,N/A,NO,NO,Cylindrical,25.4,63.5,N/A,N/A,N/A,-78,-77.5,-78.5,,D,1500,1000,2000,N/A,No,,N/A,N/A,N/A,N/A,51.8,A,N/A,A,T,3.50E-04,N/A,N/A,N/A,N/A,N/A,N/A,N/A,N/A,N/A,N/A,N/A,N/A,N/A,N/A,N/A,N/A,A,32.3,N/A,N/A,N/A,A,T,3.50E-04,N/A,N/A,N/A,N/A,N/A,N/A,N/A,N/A,N/A,N/A,N/A,N/A
,44-1,H2O,,,100,,N/A,NO,NO,Cylindrical,25.4,63.5,N/A,N/A,N/A,-78,-77.5,-78.5,,D,1500,1000,2000,N/A,No,,N/A,N/A,N/A,N/A,75.6,A,N/A,A,T,3.50E-04,N/A,N/A,N/A,N/A,N/A,N/A,N/A,N/A,N/A,N/A,N/A,N/A,N/A,N/A,N/A,N/A,A,60.2,N/A,N/A,N/A,A,T,3.50E-04,N/A,N/A,N/A,N/A,N/A,N/A,N/A,N/A,N/A,N/A,N/A,N/A
,44-2,H2O,,,100,,N/A,NO,NO,Cylindrical,25.4,63.5,N/A,N/A,N/A,-78,-77.5,-78.5,,D,1500,1000,2000,N/A,No,,N/A,N/A,N/A,N/A,N/A,A,N/A,A,T,3.50E-06,N/A,N/A,N/A,N/A,N/A,N/A,N/A,N/A,N/A,N/A,N/A,N/A,N/A,N/A,N/A,N/A,A,21.9,N/A,N/A,N/A,A,T,3.50E-06,N/A,N/A,N/A,N/A,N/A,N/A,N/A,N/A,N/A,N/A,N/A,N/A
,44-3,H2O,,,100,,N/A,NO,NO,Cylindrical,25.4,63.5,N/A,N/A,N/A,-78,-77.5,-78.5,,D,1500,1000,2000,N/A,No,,N/A,N/A,N/A,N/A,N/A,A,N/A,A,T,3.50E-04,N/A,N/A,N/A,N/A,N/A,N/A,N/A,N/A,N/A,N/A,N/A,N/A,N/A,N/A,N/A,N/A,A,54.8,N/A,N/A,N/A,A,T,3.50E-04,N/A,N/A,N/A,N/A,N/A,N/A,N/A,N/A,N/A,N/A,N/A,N/A
,44-4,H2O,,,100,,N/A,NO,NO,Cylindrical,25.4,63.5,N/A,N/A,N/A,-78,-77.5,-78.5,,D,1500,1000,2000,N/A,No,,N/A,N/A,N/A,N/A,N/A,A,N/A,A,T,3.50E-06,N/A,N/A,N/A,N/A,N/A,N/A,N/A,N/A,N/A,N/A,N/A,N/A,N/A,N/A,N/A,N/A,A,19.7,N/A,N/A,N/A,A,T,3.50E-06,N/A,N/A,N/A,N/A,N/A,N/A,N/A,N/A,N/A,N/A,N/A,N/A
,44-5,H2O,,,100,,N/A,NO,NO,Cylindrical,25.4,63.5,N/A,N/A,N/A,-78,-77.5,-78.5,,D,1500,1000,2000,N/A,No,,N/A,N/A,N/A,N/A,N/A,A,N/A,A,T,3.50E-04,N/A,N/A,N/A,N/A,N/A,N/A,N/A,N/A,N/A,N/A,N/A,N/A,N/A,N/A,N/A,N/A,A,50.4,N/A,N/A,N/A,A,T,3.50E-04,N/A,N/A,N/A,N/A,N/A,N/A,N/A,N/A,N/A,N/A,N/A,N/A
,55-1,H2O,,,38.8,,N/A,NO,NO,Cylindrical,25.4,63.5,N/A,N/A,N/A,-115,-114.5,-115.5,,D,1500,1000,2000,N/A,No,,N/A,N/A,N/A,N/A,104.9,A,N/A,A,T,3.50E-06,N/A,N/A,N/A,N/A,N/A,N/A,N/A,N/A,N/A,N/A,N/A,N/A,N/A,N/A,N/A,N/A,A,86.7,N/A,N/A,N/A,A,T,3.50E-06,N/A,N/A,N/A,N/A,N/A,N/A,N/A,N/A,N/A,N/A,N/A,N/A
,62-1,H2O,,,80,,N/A,NO,NO,Cylindrical,25.4,63.5,N/A,N/A,N/A,-80,-79.5,-80.5,,D,1500,1000,2000,N/A,No,,N/A,N/A,N/A,N/A,65.9,A,N/A,A,T,3.50E-05,N/A,N/A,N/A,N/A,N/A,N/A,N/A,N/A,N/A,N/A,N/A,N/A,N/A,N/A,N/A,N/A,A,47.5,N/A,N/A,N/A,A,T,3.50E-05,N/A,N/A,N/A,N/A,N/A,N/A,N/A,N/A,N/A,N/A,N/A,N/A
,62-2,H2O,,,80,,N/A,NO,NO,Cylindrical,25.4,63.5,N/A,N/A,N/A,-80,-79.5,-80.5,,D,1500,1000,2000,N/A,No,,N/A,N/A,N/A,N/A,N/A,A,N/A,A,T,3.50E-06,N/A,N/A,N/A,N/A,N/A,N/A,N/A,N/A,N/A,N/A,N/A,N/A,N/A,N/A,N/A,N/A,A,28.4,N/A,N/A,N/A,A,T,3.50E-06,N/A,N/A,N/A,N/A,N/A,N/A,N/A,N/A,N/A,N/A,N/A,N/A
,62-3,H2O,,,80,,N/A,NO,NO,Cylindrical,25.4,63.5,N/A,N/A,N/A,-79,-78.5,-79.5,,D,1500,1000,2000,N/A,No,,N/A,N/A,N/A,N/A,N/A,A,N/A,A,T,3.50E-05,N/A,N/A,N/A,N/A,N/A,N/A,N/A,N/A,N/A,N/A,N/A,N/A,N/A,N/A,N/A,N/A,A,43.7,N/A,N/A,N/A,A,T,3.50E-05,N/A,N/A,N/A,N/A,N/A,N/A,N/A,N/A,N/A,N/A,N/A,N/A
,62-4,H2O,,,80,,N/A,NO,NO,Cylindrical,25.4,63.5,N/A,N/A,N/A,-78,-77.5,-78.5,,D,1500,1000,2000,N/A,No,,N/A,N/A,N/A,N/A,N/A,A,N/A,A,T,3.50E-04,N/A,N/A,N/A,N/A,N/A,N/A,N/A,N/A,N/A,N/A,N/A,N/A,N/A,N/A,N/A,N/A,A,64.8,N/A,N/A,N/A,A,T,3.50E-04,N/A,N/A,N/A,N/A,N/A,N/A,N/A,N/A,N/A,N/A,N/A,N/A
,62-5,H2O,,,80,,N/A,NO,NO,Cylindrical,25.4,63.5,N/A,N/A,N/A,-78,-77.5,-78.5,,D,1500,1000,2000,N/A,No,,N/A,N/A,N/A,N/A,N/A,A,N/A,A,T,3.50E-05,N/A,N/A,N/A,N/A,N/A,N/A,N/A,N/A,N/A,N/A,N/A,N/A,N/A,N/A,N/A,N/A,A,41.7,N/A,N/A,N/A,A,T,3.50E-05,N/A,N/A,N/A,N/A,N/A,N/A,N/A,N/A,N/A,N/A,N/A,N/A
,63-1,H2O,,,125,,N/A,NO,NO,Cylindrical,25.4,63.5,N/A,N/A,N/A,-78,-77.5,-78.5,,D,1500,1000,2000,N/A,No,,N/A,N/A,N/A,N/A,55.9,A,N/A,A,T,3.50E-05,N/A,N/A,N/A,N/A,N/A,N/A,N/A,N/A,N/A,N/A,N/A,N/A,N/A,N/A,N/A,N/A,A,39.7,N/A,N/A,N/A,A,T,3.50E-05,N/A,N/A,N/A,N/A,N/A,N/A,N/A,N/A,N/A,N/A,N/A,N/A
,63-2,H2O,,,125,,N/A,NO,NO,Cylindrical,25.4,63.5,N/A,N/A,N/A,-77,-76.5,-77.5,,D,1500,1000,2000,N/A,No,,N/A,N/A,N/A,N/A,N/A,A,N/A,A,T,3.50E-06,N/A,N/A,N/A,N/A,N/A,N/A,N/A,N/A,N/A,N/A,N/A,N/A,N/A,N/A,N/A,N/A,A,21.1,N/A,N/A,N/A,A,T,3.50E-06,N/A,N/A,N/A,N/A,N/A,N/A,N/A,N/A,N/A,N/A,N/A,N/A
,63-3,H2O,,,125,,N/A,NO,NO,Cylindrical,25.4,63.5,N/A,N/A,N/A,-79,-78.5,-79.5,,D,1500,1000,2000,N/A,No,,N/A,N/A,N/A,N/A,N/A,A,N/A,A,T,3.50E-05,N/A,N/A,N/A,N/A,N/A,N/A,N/A,N/A,N/A,N/A,N/A,N/A,N/A,N/A,N/A,N/A,A,38.8,N/A,N/A,N/A,A,T,3.50E-05,N/A,N/A,N/A,N/A,N/A,N/A,N/A,N/A,N/A,N/A,N/A,N/A
,63-4,H2O,,,125,,N/A,NO,NO,Cylindrical,25.4,63.5,N/A,N/A,N/A,-79,-78.5,-79.5,,D,1500,1000,2000,N/A,No,,N/A,N/A,N/A,N/A,N/A,A,N/A,A,T,3.50E-04,N/A,N/A,N/A,N/A,N/A,N/A,N/A,N/A,N/A,N/A,N/A,N/A,N/A,N/A,N/A,N/A,A,61,N/A,N/A,N/A,A,T,3.50E-04,N/A,N/A,N/A,N/A,N/A,N/A,N/A,N/A,N/A,N/A,N/A,N/A
,63-5,H2O,,,125,,N/A,NO,NO,Cylindrical,25.4,63.5,N/A,N/A,N/A,-78,-77.5,-78.5,,D,1500,1000,2000,N/A,No,,N/A,N/A,N/A,N/A,N/A,A,N/A,A,T,3.50E-06,N/A,N/A,N/A,N/A,N/A,N/A,N/A,N/A,N/A,N/A,N/A,N/A,N/A,N/A,N/A,N/A,A,22,N/A,N/A,N/A,A,T,3.50E-06,N/A,N/A,N/A,N/A,N/A,N/A,N/A,N/A,N/A,N/A,N/A,N/A
,63-6,H2O,,,125,,N/A,NO,NO,Cylindrical,25.4,63.5,N/A,N/A,N/A,-76,-75.5,-76.5,,D,1500,1000,2000,N/A,No,,N/A,N/A,N/A,N/A,N/A,A,N/A,A,T,3.50E-05,N/A,N/A,N/A,N/A,N/A,N/A,N/A,N/A,N/A,N/A,N/A,N/A,N/A,N/A,N/A,N/A,A,35.3,N/A,N/A,N/A,A,T,3.50E-05,N/A,N/A,N/A,N/A,N/A,N/A,N/A,N/A,N/A,N/A,N/A,N/A
,63-7,H2O,,,125,,N/A,NO,NO,Cylindrical,25.4,63.5,N/A,N/A,N/A,-76,-75.5,-76.5,,D,1500,1000,2000,N/A,No,,N/A,N/A,N/A,N/A,N/A,A,N/A,A,T,3.50E-04,N/A,N/A,N/A,N/A,N/A,N/A,N/A,N/A,N/A,N/A,N/A,N/A,N/A,N/A,N/A,N/A,A,53.8,N/A,N/A,N/A,A,T,3.50E-04,N/A,N/A,N/A,N/A,N/A,N/A,N/A,N/A,N/A,N/A,N/A,N/A
,64-1,H2O,,,50,,N/A,NO,NO,Cylindrical,25.4,63.5,N/A,N/A,N/A,-81,-80.5,-81.5,,D,1500,1000,2000,N/A,No,,N/A,N/A,N/A,N/A,67.5,A,N/A,A,T,3.50E-05,N/A,N/A,N/A,N/A,N/A,N/A,N/A,N/A,N/A,N/A,N/A,N/A,N/A,N/A,N/A,N/A,A,49,N/A,N/A,N/A,A,T,3.50E-05,N/A,N/A,N/A,N/A,N/A,N/A,N/A,N/A,N/A,N/A,N/A,N/A
,64-2,H2O,,,125,,N/A,NO,NO,Cylindrical,25.4,63.5,N/A,N/A,N/A,-80,-79.5,-80.5,,D,1500,1000,2000,N/A,No,,N/A,N/A,N/A,N/A,N/A,A,N/A,A,T,3.50E-05,N/A,N/A,N/A,N/A,N/A,N/A,N/A,N/A,N/A,N/A,N/A,N/A,N/A,N/A,N/A,N/A,A,43.3,N/A,N/A,N/A,A,T,3.50E-05,N/A,N/A,N/A,N/A,N/A,N/A,N/A,N/A,N/A,N/A,N/A,N/A
,64-3,H2O,,,100,,N/A,NO,NO,Cylindrical,25.4,63.5,N/A,N/A,N/A,-79,-78.5,-79.5,,D,1500,1000,2000,N/A,No,,N/A,N/A,N/A,N/A,N/A,A,N/A,A,T,3.50E-05,N/A,N/A,N/A,N/A,N/A,N/A,N/A,N/A,N/A,N/A,N/A,N/A,N/A,N/A,N/A,N/A,A,43.5,N/A,N/A,N/A,A,T,3.50E-05,N/A,N/A,N/A,N/A,N/A,N/A,N/A,N/A,N/A,N/A,N/A,N/A
,64-4,H2O,,,24.8,,N/A,NO,NO,Cylindrical,25.4,63.5,N/A,N/A,N/A,-78,-77.5,-78.5,,D,1500,1000,2000,N/A,No,,N/A,N/A,N/A,N/A,N/A,A,N/A,A,T,3.50E-05,N/A,N/A,N/A,N/A,N/A,N/A,N/A,N/A,N/A,N/A,N/A,N/A,N/A,N/A,N/A,N/A,A,38.1,N/A,N/A,N/A,A,T,3.50E-05,N/A,N/A,N/A,N/A,N/A,N/A,N/A,N/A,N/A,N/A,N/A,N/A
,64-5,H2O,,,25,,N/A,NO,NO,Cylindrical,25.4,63.5,N/A,N/A,N/A,-77,-76.5,-77.5,,D,1500,1000,2000,N/A,No,,N/A,N/A,N/A,N/A,N/A,A,N/A,A,T,3.50E-05,N/A,N/A,N/A,N/A,N/A,N/A,N/A,N/A,N/A,N/A,N/A,N/A,N/A,N/A,N/A,N/A,A,39.9,N/A,N/A,N/A,A,T,3.50E-05,N/A,N/A,N/A,N/A,N/A,N/A,N/A,N/A,N/A,N/A,N/A,N/A
,64-6,H2O,,,50,,N/A,NO,NO,Cylindrical,25.4,63.5,N/A,N/A,N/A,-78,-77.5,-78.5,,D,1500,1000,2000,N/A,No,,N/A,N/A,N/A,N/A,N/A,A,N/A,A,T,3.50E-05,N/A,N/A,N/A,N/A,N/A,N/A,N/A,N/A,N/A,N/A,N/A,N/A,N/A,N/A,N/A,N/A,A,42.5,N/A,N/A,N/A,A,T,3.50E-05,N/A,N/A,N/A,N/A,N/A,N/A,N/A,N/A,N/A,N/A,N/A,N/A
,64-7,H2O,,,75,,N/A,NO,NO,Cylindrical,25.4,63.5,N/A,N/A,N/A,-76,-75.5,-76.5,,D,1500,1000,2000,N/A,No,,N/A,N/A,N/A,N/A,N/A,A,N/A,A,T,3.50E-05,N/A,N/A,N/A,N/A,N/A,N/A,N/A,N/A,N/A,N/A,N/A,N/A,N/A,N/A,N/A,N/A,A,41.3,N/A,N/A,N/A,A,T,3.50E-05,N/A,N/A,N/A,N/A,N/A,N/A,N/A,N/A,N/A,N/A,N/A,N/A
,64-8,H2O,,,100,,N/A,NO,NO,Cylindrical,25.4,63.5,N/A,N/A,N/A,-77,-76.5,-77.5,,D,1500,1000,2000,N/A,No,,N/A,N/A,N/A,N/A,N/A,A,N/A,A,T,3.50E-05,N/A,N/A,N/A,N/A,N/A,N/A,N/A,N/A,N/A,N/A,N/A,N/A,N/A,N/A,N/A,N/A,A,39.9,N/A,N/A,N/A,A,T,3.50E-05,N/A,N/A,N/A,N/A,N/A,N/A,N/A,N/A,N/A,N/A,N/A,N/A
,64-9,H2O,,,150,,N/A,NO,NO,Cylindrical,25.4,63.5,N/A,N/A,N/A,-78,-77.5,-78.5,,D,1500,1000,2000,N/A,No,,N/A,N/A,N/A,N/A,N/A,A,N/A,A,T,3.50E-05,N/A,N/A,N/A,N/A,N/A,N/A,N/A,N/A,N/A,N/A,N/A,N/A,N/A,N/A,N/A,N/A,A,37.3,N/A,N/A,N/A,A,T,3.50E-05,N/A,N/A,N/A,N/A,N/A,N/A,N/A,N/A,N/A,N/A,N/A,N/A
,64-10,H2O,,,175,,N/A,NO,NO,Cylindrical,25.4,63.5,N/A,N/A,N/A,-78,-77.5,-78.5,,D,1500,1000,2000,N/A,No,,N/A,N/A,N/A,N/A,N/A,A,N/A,A,T,3.50E-05,N/A,N/A,N/A,N/A,N/A,N/A,N/A,N/A,N/A,N/A,N/A,N/A,N/A,N/A,N/A,N/A,A,31.9,N/A,N/A,N/A,A,T,3.50E-05,N/A,N/A,N/A,N/A,N/A,N/A,N/A,N/A,N/A,N/A,N/A,N/A
,65-1,H2O,,,100,,N/A,NO,NO,Cylindrical,25.4,63.5,N/A,N/A,N/A,-40,-39.5,-40.5,,D,1500,1000,2000,N/A,No,,N/A,N/A,N/A,N/A,27.3,A,N/A,A,T,3.50E-04,N/A,N/A,N/A,N/A,N/A,N/A,N/A,N/A,N/A,N/A,N/A,N/A,N/A,N/A,N/A,N/A,A,N/A,N/A,N/A,N/A,A,T,3.50E-04,N/A,N/A,N/A,N/A,N/A,N/A,N/A,N/A,N/A,N/A,N/A,N/A
,65-2,H2O,,,100,,N/A,NO,NO,Cylindrical,25.4,63.5,N/A,N/A,N/A,-40,-39.5,-40.5,,D,1500,1000,2000,N/A,No,,N/A,N/A,N/A,N/A,N/A,A,N/A,A,T,3.50E-04,N/A,N/A,N/A,N/A,N/A,N/A,N/A,N/A,N/A,N/A,N/A,N/A,N/A,N/A,N/A,N/A,A,17.5,N/A,N/A,N/A,A,T,3.50E-04,N/A,N/A,N/A,N/A,N/A,N/A,N/A,N/A,N/A,N/A,N/A,N/A
,65-3,H2O,,,50.1,,N/A,NO,NO,Cylindrical,25.4,63.5,N/A,N/A,N/A,-40,-39.5,-40.5,,D,1500,1000,2000,N/A,No,,N/A,N/A,N/A,N/A,N/A,A,N/A,A,T,3.50E-04,N/A,N/A,N/A,N/A,N/A,N/A,N/A,N/A,N/A,N/A,N/A,N/A,N/A,N/A,N/A,N/A,A,18.3,N/A,N/A,N/A,A,T,3.50E-04,N/A,N/A,N/A,N/A,N/A,N/A,N/A,N/A,N/A,N/A,N/A,N/A
,65-4,H2O,,,25.1,,N/A,NO,NO,Cylindrical,25.4,63.5,N/A,N/A,N/A,-40,-39.5,-40.5,,D,1500,1000,2000,N/A,No,,N/A,N/A,N/A,N/A,N/A,A,N/A,A,T,3.50E-04,N/A,N/A,N/A,N/A,N/A,N/A,N/A,N/A,N/A,N/A,N/A,N/A,N/A,N/A,N/A,N/A,A,17.6,N/A,N/A,N/A,A,T,3.50E-04,N/A,N/A,N/A,N/A,N/A,N/A,N/A,N/A,N/A,N/A,N/A,N/A
,65-5,H2O,,,99.5,,N/A,NO,NO,Cylindrical,25.4,63.5,N/A,N/A,N/A,-40,-39.5,-40.5,,D,1500,1000,2000,N/A,No,,N/A,N/A,N/A,N/A,N/A,A,N/A,A,T,3.50E-04,N/A,N/A,N/A,N/A,N/A,N/A,N/A,N/A,N/A,N/A,N/A,N/A,N/A,N/A,N/A,N/A,A,17.5,N/A,N/A,N/A,A,T,3.50E-04,N/A,N/A,N/A,N/A,N/A,N/A,N/A,N/A,N/A,N/A,N/A,N/A
,65-6,H2O,,,50,,N/A,NO,NO,Cylindrical,25.4,63.5,N/A,N/A,N/A,-40,-39.5,-40.5,,D,1500,1000,2000,N/A,No,,N/A,N/A,N/A,N/A,N/A,A,N/A,A,T,3.50E-04,N/A,N/A,N/A,N/A,N/A,N/A,N/A,N/A,N/A,N/A,N/A,N/A,N/A,N/A,N/A,N/A,A,18.8,N/A,N/A,N/A,A,T,3.50E-04,N/A,N/A,N/A,N/A,N/A,N/A,N/A,N/A,N/A,N/A,N/A,N/A
,65-7,H2O,,,50,,N/A,NO,NO,Cylindrical,25.4,63.5,N/A,N/A,N/A,-40,-39.5,-40.5,,D,1500,1000,2000,N/A,No,,N/A,N/A,N/A,N/A,N/A,A,N/A,A,T,3.50E-04,N/A,N/A,N/A,N/A,N/A,N/A,N/A,N/A,N/A,N/A,N/A,N/A,N/A,N/A,N/A,N/A,A,19.2,N/A,N/A,N/A,A,T,3.50E-04,N/A,N/A,N/A,N/A,N/A,N/A,N/A,N/A,N/A,N/A,N/A,N/A
,66-1,H2O,,,10,,N/A,NO,NO,Cylindrical,25.4,63.5,N/A,N/A,N/A,-41,-40.5,-41.5,,D,1500,1000,2000,N/A,No,,N/A,N/A,N/A,N/A,16.5,A,N/A,A,T,3.50E-05,N/A,N/A,N/A,N/A,N/A,N/A,N/A,N/A,N/A,N/A,N/A,N/A,N/A,N/A,N/A,N/A,A,N/A,N/A,N/A,N/A,A,T,3.50E-05,N/A,N/A,N/A,N/A,N/A,N/A,N/A,N/A,N/A,N/A,N/A,N/A
,66-2,H2O,,,10,,N/A,NO,NO,Cylindrical,25.4,63.5,N/A,N/A,N/A,-40,-39.5,-40.5,,D,1500,1000,2000,N/A,No,,N/A,N/A,N/A,N/A,N/A,A,N/A,A,T,3.50E-05,N/A,N/A,N/A,N/A,N/A,N/A,N/A,N/A,N/A,N/A,N/A,N/A,N/A,N/A,N/A,N/A,A,9,N/A,N/A,N/A,A,T,3.50E-05,N/A,N/A,N/A,N/A,N/A,N/A,N/A,N/A,N/A,N/A,N/A,N/A
,66-3,H2O,,,50,,N/A,NO,NO,Cylindrical,25.4,63.5,N/A,N/A,N/A,-41,-40.5,-41.5,,D,1500,1000,2000,N/A,No,,N/A,N/A,N/A,N/A,N/A,A,N/A,A,T,3.50E-05,N/A,N/A,N/A,N/A,N/A,N/A,N/A,N/A,N/A,N/A,N/A,N/A,N/A,N/A,N/A,N/A,A,11.4,N/A,N/A,N/A,A,T,3.50E-05,N/A,N/A,N/A,N/A,N/A,N/A,N/A,N/A,N/A,N/A,N/A,N/A
,66-4,H2O,,,49.4,,N/A,NO,NO,Cylindrical,25.4,63.5,N/A,N/A,N/A,-41,-40.5,-41.5,,D,1500,1000,2000,N/A,No,,N/A,N/A,N/A,N/A,N/A,A,N/A,A,T,3.50E-04,N/A,N/A,N/A,N/A,N/A,N/A,N/A,N/A,N/A,N/A,N/A,N/A,N/A,N/A,N/A,N/A,A,18.7,N/A,N/A,N/A,A,T,3.50E-04,N/A,N/A,N/A,N/A,N/A,N/A,N/A,N/A,N/A,N/A,N/A,N/A
,67-1,H2O,,,50.4,,N/A,YES,YES,Cylindrical,25.4,63.5,N/A,N/A,N/A,-30,-29.5,-30.5,,D,1500,1000,2000,N/A,No,,N/A,N/A,N/A,N/A,23.2,A,N/A,A,T,3.50E-04,N/A,N/A,N/A,N/A,N/A,N/A,N/A,N/A,N/A,N/A,N/A,N/A,N/A,N/A,N/A,N/A,A,12.8,N/A,N/A,N/A,A,T,3.50E-04,N/A,N/A,N/A,N/A,N/A,N/A,N/A,N/A,N/A,N/A,N/A,N/A
,67-2,H2O,,,99.5,,N/A,NO,YES,Cylindrical,25.4,63.5,N/A,N/A,N/A,-30,-29.5,-30.5,,D,1500,1000,2000,N/A,No,,N/A,N/A,N/A,N/A,N/A,A,N/A,A,T,3.50E-04,N/A,N/A,N/A,N/A,N/A,N/A,N/A,N/A,N/A,N/A,N/A,N/A,N/A,N/A,N/A,N/A,A,11.9,N/A,N/A,N/A,A,T,3.50E-04,N/A,N/A,N/A,N/A,N/A,N/A,N/A,N/A,N/A,N/A,N/A,N/A
,67-3,H2O,,,50,,N/A,NO,YES,Cylindrical,25.4,63.5,N/A,N/A,N/A,-29,-28.5,-29.5,,D,1500,1000,2000,N/A,No,,N/A,N/A,N/A,N/A,N/A,A,N/A,A,T,3.50E-06,N/A,N/A,N/A,N/A,N/A,N/A,N/A,N/A,N/A,N/A,N/A,N/A,N/A,N/A,N/A,N/A,A,4.1,N/A,N/A,N/A,A,T,3.50E-06,N/A,N/A,N/A,N/A,N/A,N/A,N/A,N/A,N/A,N/A,N/A,N/A
,67-4,H2O,,,50.5,,N/A,NO,YES,Cylindrical,25.4,63.5,N/A,N/A,N/A,-29,-28.5,-29.5,,D,1500,1000,2000,N/A,No,,N/A,N/A,N/A,N/A,N/A,A,N/A,A,T,3.50E-04,N/A,N/A,N/A,N/A,N/A,N/A,N/A,N/A,N/A,N/A,N/A,N/A,N/A,N/A,N/A,N/A,A,12.9,N/A,N/A,N/A,A,T,3.50E-04,N/A,N/A,N/A,N/A,N/A,N/A,N/A,N/A,N/A,N/A,N/A,N/A
,67-5,H2O,,,50,,N/A,NO,YES,Cylindrical,25.4,63.5,N/A,N/A,N/A,-29,-28.5,-29.5,,D,1500,1000,2000,N/A,No,,N/A,N/A,N/A,N/A,N/A,A,N/A,A,T,3.50E-05,N/A,N/A,N/A,N/A,N/A,N/A,N/A,N/A,N/A,N/A,N/A,N/A,N/A,N/A,N/A,N/A,A,6.6,N/A,N/A,N/A,A,T,3.50E-05,N/A,N/A,N/A,N/A,N/A,N/A,N/A,N/A,N/A,N/A,N/A,N/A
,67-6,H2O,,,50,,N/A,NO,YES,Cylindrical,25.4,63.5,N/A,N/A,N/A,-29,-28.5,-29.5,,D,1500,1000,2000,N/A,No,,N/A,N/A,N/A,N/A,N/A,A,N/A,A,T,3.50E-05,N/A,N/A,N/A,N/A,N/A,N/A,N/A,N/A,N/A,N/A,N/A,N/A,N/A,N/A,N/A,N/A,A,7.1,N/A,N/A,N/A,A,T,3.50E-05,N/A,N/A,N/A,N/A,N/A,N/A,N/A,N/A,N/A,N/A,N/A,N/A
,68-1,H2O,,,100,,N/A,NO,NO,Cylindrical,25.4,63.5,N/A,N/A,N/A,-49,-48.5,-49.5,,D,1500,1000,2000,N/A,No,,N/A,N/A,N/A,N/A,35.4,A,N/A,A,T,3.50E-04,N/A,N/A,N/A,N/A,N/A,N/A,N/A,N/A,N/A,N/A,N/A,N/A,N/A,N/A,N/A,N/A,A,N/A,N/A,N/A,N/A,A,T,3.50E-04,N/A,N/A,N/A,N/A,N/A,N/A,N/A,N/A,N/A,N/A,N/A,N/A
,68-2,H2O,,,99.8,,N/A,NO,NO,Cylindrical,25.4,63.5,N/A,N/A,N/A,-50,-49.5,-50.5,,D,1500,1000,2000,N/A,No,,N/A,N/A,N/A,N/A,N/A,A,N/A,A,T,3.50E-04,N/A,N/A,N/A,N/A,N/A,N/A,N/A,N/A,N/A,N/A,N/A,N/A,N/A,N/A,N/A,N/A,A,24.8,N/A,N/A,N/A,A,T,3.50E-04,N/A,N/A,N/A,N/A,N/A,N/A,N/A,N/A,N/A,N/A,N/A,N/A
,68-3,H2O,,,50.1,,N/A,NO,NO,Cylindrical,25.4,63.5,N/A,N/A,N/A,-50,-49.5,-50.5,,D,1500,1000,2000,N/A,No,,N/A,N/A,N/A,N/A,N/A,A,N/A,A,T,3.50E-04,N/A,N/A,N/A,N/A,N/A,N/A,N/A,N/A,N/A,N/A,N/A,N/A,N/A,N/A,N/A,N/A,A,23.1,N/A,N/A,N/A,A,T,3.50E-04,N/A,N/A,N/A,N/A,N/A,N/A,N/A,N/A,N/A,N/A,N/A,N/A
,69-1,H2O,,,49.7,,N/A,NO,NO,Cylindrical,25.4,63.5,N/A,N/A,N/A,-61,-60.5,-61.5,,D,1500,1000,2000,N/A,No,,N/A,N/A,N/A,N/A,59.9,A,N/A,A,T,3.50E-04,N/A,N/A,N/A,N/A,N/A,N/A,N/A,N/A,N/A,N/A,N/A,N/A,N/A,N/A,N/A,N/A,A,39,N/A,N/A,N/A,A,T,3.50E-04,N/A,N/A,N/A,N/A,N/A,N/A,N/A,N/A,N/A,N/A,N/A,N/A
,69-2,H2O,,,49.5,,N/A,NO,NO,Cylindrical,25.4,63.5,N/A,N/A,N/A,-61,-60.5,-61.5,,D,1500,1000,2000,N/A,No,,N/A,N/A,N/A,N/A,N/A,A,N/A,A,T,3.50E-05,N/A,N/A,N/A,N/A,N/A,N/A,N/A,N/A,N/A,N/A,N/A,N/A,N/A,N/A,N/A,N/A,A,22.1,N/A,N/A,N/A,A,T,3.50E-05,N/A,N/A,N/A,N/A,N/A,N/A,N/A,N/A,N/A,N/A,N/A,N/A
,69-3,H2O,,,50.4,,N/A,NO,NO,Cylindrical,25.4,63.5,N/A,N/A,N/A,-61,-60.5,-61.5,,D,1500,1000,2000,N/A,No,,N/A,N/A,N/A,N/A,N/A,A,N/A,A,T,3.50E-06,N/A,N/A,N/A,N/A,N/A,N/A,N/A,N/A,N/A,N/A,N/A,N/A,N/A,N/A,N/A,N/A,A,11.5,N/A,N/A,N/A,A,T,3.50E-06,N/A,N/A,N/A,N/A,N/A,N/A,N/A,N/A,N/A,N/A,N/A,N/A
,69-4,H2O,,,50.5,,N/A,NO,NO,Cylindrical,25.4,63.5,N/A,N/A,N/A,-60,-59.5,-60.5,,D,1500,1000,2000,N/A,No,,N/A,N/A,N/A,N/A,N/A,A,N/A,A,T,3.50E-04,N/A,N/A,N/A,N/A,N/A,N/A,N/A,N/A,N/A,N/A,N/A,N/A,N/A,N/A,N/A,N/A,A,35.2,N/A,N/A,N/A,A,T,3.50E-04,N/A,N/A,N/A,N/A,N/A,N/A,N/A,N/A,N/A,N/A,N/A,N/A
,69-5,H2O,,,50.4,,N/A,NO,NO,Cylindrical,25.4,63.5,N/A,N/A,N/A,-60,-59.5,-60.5,,D,1500,1000,2000,N/A,No,,N/A,N/A,N/A,N/A,N/A,A,N/A,A,T,3.50E-04,N/A,N/A,N/A,N/A,N/A,N/A,N/A,N/A,N/A,N/A,N/A,N/A,N/A,N/A,N/A,N/A,A,34.2,N/A,N/A,N/A,A,T,3.50E-04,N/A,N/A,N/A,N/A,N/A,N/A,N/A,N/A,N/A,N/A,N/A,N/A
,69-6,H2O,,,51,,N/A,NO,NO,Cylindrical,25.4,63.5,N/A,N/A,N/A,-60,-59.5,-60.5,,D,1500,1000,2000,N/A,No,,N/A,N/A,N/A,N/A,N/A,A,N/A,A,T,3.50E-05,N/A,N/A,N/A,N/A,N/A,N/A,N/A,N/A,N/A,N/A,N/A,N/A,N/A,N/A,N/A,N/A,A,20.7,N/A,N/A,N/A,A,T,3.50E-05,N/A,N/A,N/A,N/A,N/A,N/A,N/A,N/A,N/A,N/A,N/A,N/A
,69-7,H2O,,,51,,N/A,NO,NO,Cylindrical,25.4,63.5,N/A,N/A,N/A,-60,-59.5,-60.5,,D,1500,1000,2000,N/A,No,,N/A,N/A,N/A,N/A,N/A,A,N/A,A,T,3.50E-04,N/A,N/A,N/A,N/A,N/A,N/A,N/A,N/A,N/A,N/A,N/A,N/A,N/A,N/A,N/A,N/A,A,34.8,N/A,N/A,N/A,A,T,3.50E-04,N/A,N/A,N/A,N/A,N/A,N/A,N/A,N/A,N/A,N/A,N/A,N/A
,70-1,H2O,,,49.6,,N/A,YES,YES,Cylindrical,25.4,63.5,N/A,N/A,N/A,-15,-14.5,-15.5,,D,1500,1000,2000,N/A,No,,N/A,N/A,N/A,N/A,14.4,A,N/A,A,T,3.50E-04,N/A,N/A,N/A,N/A,N/A,N/A,N/A,N/A,N/A,N/A,N/A,N/A,N/A,N/A,N/A,N/A,A,7,N/A,N/A,N/A,A,T,3.50E-04,N/A,N/A,N/A,N/A,N/A,N/A,N/A,N/A,N/A,N/A,N/A,N/A
,70-2,H2O,,,49.6,,N/A,NO,YES,Cylindrical,25.4,63.5,N/A,N/A,N/A,-15,-14.5,-15.5,,D,1500,1000,2000,N/A,No,,N/A,N/A,N/A,N/A,N/A,A,N/A,A,T,3.50E-04,N/A,N/A,N/A,N/A,N/A,N/A,N/A,N/A,N/A,N/A,N/A,N/A,N/A,N/A,N/A,N/A,A,6.5,N/A,N/A,N/A,A,T,3.50E-04,N/A,N/A,N/A,N/A,N/A,N/A,N/A,N/A,N/A,N/A,N/A,N/A
,70-3,H2O,,,50.2,,N/A,NO,YES,Cylindrical,25.4,63.5,N/A,N/A,N/A,-15,-14.5,-15.5,,D,1500,1000,2000,N/A,No,,N/A,N/A,N/A,N/A,N/A,A,N/A,A,T,3.50E-05,N/A,N/A,N/A,N/A,N/A,N/A,N/A,N/A,N/A,N/A,N/A,N/A,N/A,N/A,N/A,N/A,A,3.7,N/A,N/A,N/A,A,T,3.50E-05,N/A,N/A,N/A,N/A,N/A,N/A,N/A,N/A,N/A,N/A,N/A,N/A
,70-4,H2O,,,50.1,,N/A,NO,YES,Cylindrical,25.4,63.5,N/A,N/A,N/A,-15,-14.5,-15.5,,D,1500,1000,2000,N/A,No,,N/A,N/A,N/A,N/A,N/A,A,N/A,A,T,3.50E-04,N/A,N/A,N/A,N/A,N/A,N/A,N/A,N/A,N/A,N/A,N/A,N/A,N/A,N/A,N/A,N/A,A,6.9,N/A,N/A,N/A,A,T,3.50E-04,N/A,N/A,N/A,N/A,N/A,N/A,N/A,N/A,N/A,N/A,N/A,N/A
,70-5,H2O,,,50,,N/A,NO,YES,Cylindrical,25.4,63.5,N/A,N/A,N/A,-15,-14.5,-15.5,,D,1500,1000,2000,N/A,No,,N/A,N/A,N/A,N/A,N/A,A,N/A,A,T,3.50E-04,N/A,N/A,N/A,N/A,N/A,N/A,N/A,N/A,N/A,N/A,N/A,N/A,N/A,N/A,N/A,N/A,A,5.8,N/A,N/A,N/A,A,T,3.50E-04,N/A,N/A,N/A,N/A,N/A,N/A,N/A,N/A,N/A,N/A,N/A,N/A
Jacka (1984a),N/A,H2O,Constant stress,Uniaxial compression ,0,Full creep curves 9Fig. 2). Summary data in a table (Table 2).,N/A,NO,NO, Cylindrical,25.4±0.2,63.2±4,N/A,N/A,N/A,-5,-4.7,-5.3,Table 1,D,1700,1500,1900,Lineat intercept method.,N/A,Page 261,N/A,N/A,O,E,0.05,O,Stress maintained constant by adding load over time?,O,E,N/A,N/A,N/A,N/A,N/A,N/A,N/A,N/A,N/A,N/A,N/A,N/A,N/A,N/A,N/A,N/A,N/A,N/A,N/A,N/A,N/A,N/A,N/A,N/A,N/A,N/A,N/A,N/A,N/A,N/A,N/A,N/A,N/A,N/A,N/A,N/A,N/A
,N/A,H2O,,,0,,N/A,NO,NO, Cylindrical,25.4±0.2,63.2±4,N/A,N/A,N/A,-5,-4.7,-5.3,,D,1700,1500,1900,,N/A,,N/A,N/A,O,E,0.07,O,,O,E,N/A,N/A,N/A,N/A,N/A,N/A,N/A,N/A,N/A,N/A,N/A,N/A,N/A,N/A,N/A,N/A,N/A,N/A,N/A,N/A,N/A,N/A,N/A,N/A,N/A,N/A,N/A,N/A,N/A,N/A,N/A,N/A,N/A,N/A,N/A,N/A,N/A
,N/A,H2O,,,0,,N/A,YES,NO, Cylindrical,25.4±0.2,63.2±4,N/A,N/A,N/A,-5,-4.7,-5.3,,D,1700,1500,1900,,N/A,,N/A,0.009,O,E,0.1,O,,O,E,9.30E-10,N/A,N/A,N/A,N/A,N/A,N/A,N/A,N/A,N/A,N/A,N/A,N/A,N/A,N/A,N/A,N/A,N/A,N/A,N/A,N/A,N/A,N/A,N/A,N/A,N/A,N/A,N/A,N/A,N/A,N/A,N/A,N/A,N/A,N/A,N/A,N/A
,N/A,H2O,,,0,,N/A,YES,NO, Cylindrical,25.4±0.2,63.2±4,N/A,N/A,N/A,-5,-4.7,-5.3,,D,1700,1500,1900,,N/A,,N/A,0.0075,O,E,0.13,O,,O,E,2.00E-09,N/A,N/A,N/A,N/A,N/A,N/A,N/A,N/A,N/A,N/A,N/A,N/A,N/A,N/A,N/A,N/A,N/A,N/A,N/A,N/A,N/A,N/A,N/A,N/A,N/A,N/A,N/A,N/A,N/A,N/A,N/A,N/A,N/A,N/A,N/A,N/A
,N/A,H2O,,,0,,N/A,YES,NO, Cylindrical,25.4±0.2,63.2±4,N/A,N/A,N/A,-5,-4.7,-5.3,,D,1700,1500,1900,,N/A,,N/A,0.0055,O,E,0.2,O,,O,E,8.70E-09,N/A,N/A,N/A,N/A,N/A,N/A,N/A,N/A,N/A,N/A,N/A,N/A,N/A,N/A,N/A,N/A,N/A,N/A,N/A,N/A,N/A,N/A,N/A,N/A,N/A,N/A,N/A,N/A,N/A,N/A,N/A,N/A,N/A,N/A,N/A,N/A
,N/A,H2O,,,0,,N/A,YES,NO, Cylindrical,25.4±0.2,63.2±4,N/A,N/A,N/A,-5,-4.7,-5.3,,D,1700,1500,1900,,N/A,,N/A,0.0048,O,E,0.3,O,,O,E,3.90E-08,N/A,N/A,N/A,N/A,N/A,N/A,N/A,N/A,N/A,N/A,N/A,N/A,N/A,N/A,N/A,N/A,N/A,N/A,N/A,N/A,N/A,N/A,N/A,N/A,N/A,N/A,N/A,N/A,N/A,N/A,N/A,N/A,N/A,N/A,N/A,N/A
,N/A,H2O,,,0,,N/A,YES,NO, Cylindrical,25.4±0.2,63.2±4,N/A,N/A,N/A,-5,-4.7,-5.3,,D,1700,1500,1900,,N/A,,N/A,0.0049,O,E,0.6,O,,O,E,1.90E-07,N/A,N/A,N/A,N/A,N/A,N/A,N/A,N/A,N/A,N/A,N/A,N/A,N/A,N/A,N/A,N/A,N/A,N/A,N/A,N/A,N/A,N/A,N/A,N/A,N/A,N/A,N/A,N/A,N/A,N/A,N/A,N/A,N/A,N/A,N/A,N/A
,N/A,H2O,,,0,,N/A,YES,NO, Cylindrical,25.4±0.2,63.2±4,N/A,N/A,N/A,-5,-4.7,-5.3,,D,1700,1500,1900,,N/A,,N/A,0.004,O,E,0.8,O,,O,E,7.00E-07,N/A,N/A,N/A,N/A,N/A,N/A,N/A,N/A,N/A,N/A,N/A,N/A,N/A,N/A,N/A,N/A,N/A,N/A,N/A,N/A,N/A,N/A,N/A,N/A,N/A,N/A,N/A,N/A,N/A,N/A,N/A,N/A,N/A,N/A,N/A,N/A
,N/A,H2O,,,0,,N/A,NO,NO, Cylindrical,25.4±0.2,63.2±4,N/A,N/A,N/A,-10.6,-10.4,-11,,D,1700,1500,1900,,N/A,,N/A,N/A,O,E,0.05,O,,O,E,N/A,N/A,N/A,N/A,N/A,N/A,N/A,N/A,N/A,N/A,N/A,N/A,N/A,N/A,N/A,N/A,N/A,N/A,N/A,N/A,N/A,N/A,N/A,N/A,N/A,N/A,N/A,N/A,N/A,N/A,N/A,N/A,N/A,N/A,N/A,N/A,N/A
,N/A,H2O,,,0,,N/A,NO,NO, Cylindrical,25.4±0.2,63.2±4,N/A,N/A,N/A,-10.6,-10.4,-11,,D,1700,1500,1900,,N/A,,N/A,N/A,O,E,0.1,O,,O,E,N/A,N/A,N/A,N/A,N/A,N/A,N/A,N/A,N/A,N/A,N/A,N/A,N/A,N/A,N/A,N/A,N/A,N/A,N/A,N/A,N/A,N/A,N/A,N/A,N/A,N/A,N/A,N/A,N/A,N/A,N/A,N/A,N/A,N/A,N/A,N/A,N/A
,N/A,H2O,,,0,,N/A,YES,NO, Cylindrical,25.4±0.2,63.2±4,N/A,N/A,N/A,-10.6,-10.4,-11,,D,1700,1500,1900,,N/A,,N/A,0.0062,O,E,0.2,O,,O,E,3.50E-09,N/A,N/A,N/A,N/A,N/A,N/A,N/A,N/A,N/A,N/A,N/A,N/A,N/A,N/A,N/A,N/A,N/A,N/A,N/A,N/A,N/A,N/A,N/A,N/A,N/A,N/A,N/A,N/A,N/A,N/A,N/A,N/A,N/A,N/A,N/A,N/A
,N/A,H2O,,,0,,N/A,YES,NO, Cylindrical,25.4±0.2,63.2±4,N/A,N/A,N/A,-10.6,-10.4,-11,,D,1700,1500,1900,,N/A,,N/A,0.0058,O,E,0.3,O,,O,E,1.20E-08,N/A,N/A,N/A,N/A,N/A,N/A,N/A,N/A,N/A,N/A,N/A,N/A,N/A,N/A,N/A,N/A,N/A,N/A,N/A,N/A,N/A,N/A,N/A,N/A,N/A,N/A,N/A,N/A,N/A,N/A,N/A,N/A,N/A,N/A,N/A,N/A
,N/A,H2O,,,0,,N/A,YES,NO, Cylindrical,25.4±0.2,63.2±4,N/A,N/A,N/A,-10.6,-10.4,-11,,D,1700,1500,1900,,N/A,,N/A,0.0067,O,E,0.4,O,,O,E,2.90E-08,N/A,N/A,N/A,N/A,N/A,N/A,N/A,N/A,N/A,N/A,N/A,N/A,N/A,N/A,N/A,N/A,N/A,N/A,N/A,N/A,N/A,N/A,N/A,N/A,N/A,N/A,N/A,N/A,N/A,N/A,N/A,N/A,N/A,N/A,N/A,N/A
,N/A,H2O,,,0,,N/A,YES,NO, Cylindrical,25.4±0.2,63.2±4,N/A,N/A,N/A,-10.6,-10.4,-11,,D,1700,1500,1900,,N/A,,N/A,0.0063,O,E,0.6,O,,O,E,1.00E-07,N/A,N/A,N/A,N/A,N/A,N/A,N/A,N/A,N/A,N/A,N/A,N/A,N/A,N/A,N/A,N/A,N/A,N/A,N/A,N/A,N/A,N/A,N/A,N/A,N/A,N/A,N/A,N/A,N/A,N/A,N/A,N/A,N/A,N/A,N/A,N/A
,N/A,H2O,,,0,,N/A,YES,NO, Cylindrical,25.4±0.2,63.2±4,N/A,N/A,N/A,-10.6,-10.4,-11,,D,1700,1500,1900,,N/A,,N/A,0.0066,O,E,0.8,O,,O,E,2.60E-07,N/A,N/A,N/A,N/A,N/A,N/A,N/A,N/A,N/A,N/A,N/A,N/A,N/A,N/A,N/A,N/A,N/A,N/A,N/A,N/A,N/A,N/A,N/A,N/A,N/A,N/A,N/A,N/A,N/A,N/A,N/A,N/A,N/A,N/A,N/A,N/A
,N/A,H2O,,,0,,N/A,YES,NO, Cylindrical,25.4±0.2,63.2±4,N/A,N/A,N/A,-10.6,-10.4,-11,,D,1700,1500,1900,,N/A,,N/A,0.0075,O,E,1,O,,O,E,4.00E-07,N/A,N/A,N/A,N/A,N/A,N/A,N/A,N/A,N/A,N/A,N/A,N/A,N/A,N/A,N/A,N/A,N/A,N/A,N/A,N/A,N/A,N/A,N/A,N/A,N/A,N/A,N/A,N/A,N/A,N/A,N/A,N/A,N/A,N/A,N/A,N/A
,N/A,H2O,,,0,,N/A,YES,NO, Cylindrical,25.4±0.2,63.2±4,N/A,N/A,N/A,-17.8,-16.8,-18.8,,D,1700,1500,1900,,N/A,,N/A,0.0055,O,E,0.13,O,,O,E,3.30E-10,N/A,N/A,N/A,N/A,N/A,N/A,N/A,N/A,N/A,N/A,N/A,N/A,N/A,N/A,N/A,N/A,N/A,N/A,N/A,N/A,N/A,N/A,N/A,N/A,N/A,N/A,N/A,N/A,N/A,N/A,N/A,N/A,N/A,N/A,N/A,N/A
,N/A,H2O,,,0,,N/A,YES,NO, Cylindrical,25.4±0.2,63.2±4,N/A,N/A,N/A,-17.8,-16.8,-18.8,,D,1700,1500,1900,,N/A,,N/A,0.0062,O,E,0.3,O,,O,E,3.30E-09,N/A,N/A,N/A,N/A,N/A,N/A,N/A,N/A,N/A,N/A,N/A,N/A,N/A,N/A,N/A,N/A,N/A,N/A,N/A,N/A,N/A,N/A,N/A,N/A,N/A,N/A,N/A,N/A,N/A,N/A,N/A,N/A,N/A,N/A,N/A,N/A
,N/A,H2O,,,0,,N/A,YES,NO, Cylindrical,25.4±0.2,63.2±4,N/A,N/A,N/A,-17.8,-16.8,-18.8,,D,1700,1500,1900,,N/A,,N/A,0.006,O,E,0.4,O,,O,E,7.20E-09,N/A,N/A,N/A,N/A,N/A,N/A,N/A,N/A,N/A,N/A,N/A,N/A,N/A,N/A,N/A,N/A,N/A,N/A,N/A,N/A,N/A,N/A,N/A,N/A,N/A,N/A,N/A,N/A,N/A,N/A,N/A,N/A,N/A,N/A,N/A,N/A
,N/A,H2O,,,0,,N/A,YES,NO, Cylindrical,25.4±0.2,63.2±4,N/A,N/A,N/A,-17.8,-16.8,-18.8,,D,1700,1500,1900,,N/A,,N/A,0.008,O,E,0.6,O,,O,E,2.60E-08,N/A,N/A,N/A,N/A,N/A,N/A,N/A,N/A,N/A,N/A,N/A,N/A,N/A,N/A,N/A,N/A,N/A,N/A,N/A,N/A,N/A,N/A,N/A,N/A,N/A,N/A,N/A,N/A,N/A,N/A,N/A,N/A,N/A,N/A,N/A,N/A
,N/A,H2O,,,0,,N/A,YES,NO, Cylindrical,25.4±0.2,63.2±4,N/A,N/A,N/A,-17.8,-16.8,-18.8,,D,1700,1500,1900,,N/A,,N/A,0.0068,O,E,0.8,O,,O,E,5.80E-08,N/A,N/A,N/A,N/A,N/A,N/A,N/A,N/A,N/A,N/A,N/A,N/A,N/A,N/A,N/A,N/A,N/A,N/A,N/A,N/A,N/A,N/A,N/A,N/A,N/A,N/A,N/A,N/A,N/A,N/A,N/A,N/A,N/A,N/A,N/A,N/A
,N/A,H2O,,,0,,N/A,YES,NO, Cylindrical,25.4±0.2,63.2±4,N/A,N/A,N/A,-17.8,-16.8,-18.8,,D,1700,1500,1900,,N/A,,N/A,0.0076,O,E,1.2,O,,O,E,2.10E-07,N/A,N/A,N/A,N/A,N/A,N/A,N/A,N/A,N/A,N/A,N/A,N/A,N/A,N/A,N/A,N/A,N/A,N/A,N/A,N/A,N/A,N/A,N/A,N/A,N/A,N/A,N/A,N/A,N/A,N/A,N/A,N/A,N/A,N/A,N/A,N/A
,N/A,H2O,,,0,,N/A,YES,NO, Cylindrical,25.4±0.2,63.2±4,N/A,N/A,N/A,-32.5,-30.9,-33.9,,D,1700,1500,1900,,N/A,,N/A,0.0058,O,E,0.07,O,,O,E,5.00E-11,N/A,N/A,N/A,N/A,N/A,N/A,N/A,N/A,N/A,N/A,N/A,N/A,N/A,N/A,N/A,N/A,N/A,N/A,N/A,N/A,N/A,N/A,N/A,N/A,N/A,N/A,N/A,N/A,N/A,N/A,N/A,N/A,N/A,N/A,N/A,N/A
,N/A,H2O,,,0,,N/A,YES,NO, Cylindrical,25.4±0.2,63.2±4,N/A,N/A,N/A,-32.5,-30.9,-33.9,,D,1700,1500,1900,,N/A,,N/A,0.006,O,E,0.1,O,,O,E,1.10E-10,N/A,N/A,N/A,N/A,N/A,N/A,N/A,N/A,N/A,N/A,N/A,N/A,N/A,N/A,N/A,N/A,N/A,N/A,N/A,N/A,N/A,N/A,N/A,N/A,N/A,N/A,N/A,N/A,N/A,N/A,N/A,N/A,N/A,N/A,N/A,N/A
,N/A,H2O,,,0,,N/A,YES,NO, Cylindrical,25.4±0.2,63.2±4,N/A,N/A,N/A,-32.5,-30.9,-33.9,,D,1700,1500,1900,,N/A,,N/A,0.006,O,E,0.13,O,,O,E,1.50E-10,N/A,N/A,N/A,N/A,N/A,N/A,N/A,N/A,N/A,N/A,N/A,N/A,N/A,N/A,N/A,N/A,N/A,N/A,N/A,N/A,N/A,N/A,N/A,N/A,N/A,N/A,N/A,N/A,N/A,N/A,N/A,N/A,N/A,N/A,N/A,N/A
,N/A,H2O,,,0,,N/A,YES,NO, Cylindrical,25.4±0.2,63.2±4,N/A,N/A,N/A,-32.5,-30.9,-33.9,,D,1700,1500,1900,,N/A,,N/A,0.0071,O,E,0.2,O,,O,E,3.20E-10,N/A,N/A,N/A,N/A,N/A,N/A,N/A,N/A,N/A,N/A,N/A,N/A,N/A,N/A,N/A,N/A,N/A,N/A,N/A,N/A,N/A,N/A,N/A,N/A,N/A,N/A,N/A,N/A,N/A,N/A,N/A,N/A,N/A,N/A,N/A,N/A
,N/A,H2O,,,0,,N/A,YES,NO, Cylindrical,25.4±0.2,63.2±4,N/A,N/A,N/A,-32.5,-30.9,-33.9,,D,1700,1500,1900,,N/A,,N/A,0.0059,O,E,0.36,O,,O,E,1.30E-09,N/A,N/A,N/A,N/A,N/A,N/A,N/A,N/A,N/A,N/A,N/A,N/A,N/A,N/A,N/A,N/A,N/A,N/A,N/A,N/A,N/A,N/A,N/A,N/A,N/A,N/A,N/A,N/A,N/A,N/A,N/A,N/A,N/A,N/A,N/A,N/A
,N/A,H2O,,,0,,N/A,YES,NO, Cylindrical,25.4±0.2,63.2±4,N/A,N/A,N/A,-32.5,-30.9,-33.9,,D,1700,1500,1900,,N/A,,N/A,0.0051,O,E,0.5,O,,O,E,3.30E-09,N/A,N/A,N/A,N/A,N/A,N/A,N/A,N/A,N/A,N/A,N/A,N/A,N/A,N/A,N/A,N/A,N/A,N/A,N/A,N/A,N/A,N/A,N/A,N/A,N/A,N/A,N/A,N/A,N/A,N/A,N/A,N/A,N/A,N/A,N/A,N/A
,N/A,H2O,,,0,,N/A,YES,NO, Cylindrical,25.4±0.2,63.2±4,N/A,N/A,N/A,-32.5,-30.9,-33.9,,D,1700,1500,1900,,N/A,,N/A,0.005,O,E,0.6,O,,O,E,5.50E-09,N/A,N/A,N/A,N/A,N/A,N/A,N/A,N/A,N/A,N/A,N/A,N/A,N/A,N/A,N/A,N/A,N/A,N/A,N/A,N/A,N/A,N/A,N/A,N/A,N/A,N/A,N/A,N/A,N/A,N/A,N/A,N/A,N/A,N/A,N/A,N/A
,N/A,H2O,,,0,,N/A,YES,NO, Cylindrical,25.4±0.2,63.2±4,N/A,N/A,N/A,-32.5,-30.9,-33.9,,D,1700,1500,1900,,N/A,,N/A,0.007,O,E,0.8,O,,O,E,1.00E-08,N/A,N/A,N/A,N/A,N/A,N/A,N/A,N/A,N/A,N/A,N/A,N/A,N/A,N/A,N/A,N/A,N/A,N/A,N/A,N/A,N/A,N/A,N/A,N/A,N/A,N/A,N/A,N/A,N/A,N/A,N/A,N/A,N/A,N/A,N/A,N/A
,N/A,H2O,,,0,,N/A,YES,NO, Cylindrical,25.4±0.2,63.2±4,N/A,N/A,N/A,-32.5,-30.9,-33.9,,D,1700,1500,1900,,N/A,,N/A,0.0078,O,E,1,O,,O,E,2.10E-08,N/A,N/A,N/A,N/A,N/A,N/A,N/A,N/A,N/A,N/A,N/A,N/A,N/A,N/A,N/A,N/A,N/A,N/A,N/A,N/A,N/A,N/A,N/A,N/A,N/A,N/A,N/A,N/A,N/A,N/A,N/A,N/A,N/A,N/A,N/A,N/A
Jacka (1984b),N/A,H2O,Constant load,Uniaxial compression ,0,Full creep curves (Fig. 3). Summary data in a table (Table 2).,N/A,YES,YES, Cylindrical,25.4,73.2,N/A,N/A,N/A,-7,-6.9,-7.1,"Short time (10s) of 0.01K. Long time <0.1K. (Morgan, 1979; Jacka, 1984b)",D,4500,N/A,N/A,Lineat intercept method.,N/A,Crossed polaroids?,N/A,0.012,O,E,0.3,O,N/A,O,E,3.40E-08,N/A,N/A,N/A,N/A,N/A,N/A,N/A,N/A,N/A,N/A,N/A,N/A,N/A,0.078,O,E,O,0.3,N/A,N/A,N/A,O,E,7.10E-08,N/A,N/A,N/A,N/A,N/A,N/A,N/A,N/A,N/A,N/A,N/A,N/A
,N/A,H2O,,,0,,N/A,YES,YES, Cylindrical,25.4,72,N/A,N/A,N/A,-7,-6.9,-7.1,,D,4000,N/A,N/A,,N/A,,N/A,0.008,O,E,0.3,O,N/A,O,E,3.20E-08,N/A,N/A,N/A,N/A,N/A,N/A,N/A,N/A,N/A,N/A,N/A,N/A,N/A,0.063,O,E,O,0.3,N/A,N/A,N/A,O,E,8.30E-08,N/A,N/A,N/A,N/A,N/A,N/A,N/A,N/A,N/A,N/A,N/A,N/A
,N/A,H2O,,,0,,N/A,YES,YES, Cylindrical,25.4,72,N/A,N/A,N/A,-7,-6.9,-7.1,,D,2500,N/A,N/A,,N/A,,N/A,0.008,O,E,0.3,O,N/A,O,E,5.00E-08,N/A,N/A,N/A,N/A,N/A,N/A,N/A,N/A,N/A,N/A,N/A,N/A,N/A,0.09,O,E,O,0.3,N/A,N/A,N/A,O,E,1.40E-07,N/A,N/A,N/A,N/A,N/A,N/A,N/A,N/A,N/A,N/A,N/A,N/A
,N/A,H2O,,,0,,N/A,YES,YES, Cylindrical,25.4,71.5,N/A,N/A,N/A,-7,-6.9,-7.1,,D,2200,N/A,N/A,,N/A,,N/A,0.01,O,E,0.3,O,N/A,O,E,3.20E-08,N/A,N/A,N/A,N/A,N/A,N/A,N/A,N/A,N/A,N/A,N/A,N/A,N/A,0.1,O,E,O,0.3,N/A,N/A,N/A,O,E,7.90E-08,N/A,N/A,N/A,N/A,N/A,N/A,N/A,N/A,N/A,N/A,N/A,N/A
,N/A,H2O,,,0,,N/A,YES,YES, Cylindrical,25.4,72,N/A,N/A,N/A,-7,-6.9,-7.1,,D,1500,N/A,N/A,,N/A,,N/A,0.009,O,E,0.3,O,N/A,O,E,2.50E-08,N/A,N/A,N/A,N/A,N/A,N/A,N/A,N/A,N/A,N/A,N/A,N/A,N/A,0.079,O,E,O,0.3,N/A,N/A,N/A,O,E,7.10E-08,N/A,N/A,N/A,N/A,N/A,N/A,N/A,N/A,N/A,N/A,N/A,N/A
,N/A,H2O,,,0,,N/A,YES,NO, Cylindrical,25.4,63,N/A,N/A,N/A,-10,-9.9,-10.1,,D,4500,N/A,N/A,,N/A,,N/A,0.008,O,E,0.26,O,N/A,O,E,1.20E-08,N/A,N/A,N/A,N/A,N/A,N/A,N/A,N/A,N/A,N/A,N/A,N/A,N/A,N/A,O,E,O,N/A,N/A,N/A,N/A,O,E,N/A,N/A,N/A,N/A,N/A,N/A,N/A,N/A,N/A,N/A,N/A,N/A,N/A
,N/A,H2O,,,0,,N/A,YES,YES, Cylindrical,25.4,76,N/A,N/A,N/A,-10,-9.9,-10.1,,D,4500,N/A,N/A,,N/A,,N/A,0.008,O,E,0.26,O,N/A,O,E,1.10E-08,N/A,N/A,N/A,N/A,N/A,N/A,N/A,N/A,N/A,N/A,N/A,N/A,N/A,0.079,O,E,O,0.26,N/A,N/A,N/A,O,E,2.20E-08,N/A,N/A,N/A,N/A,N/A,N/A,N/A,N/A,N/A,N/A,N/A,N/A
,N/A,H2O,,,0,,N/A,YES,YES, Cylindrical,25.4,77,N/A,N/A,N/A,-10,-9.9,-10.1,,D,4000,N/A,N/A,,N/A,,N/A,0.018,O,E,0.26,O,N/A,O,E,1.20E-08,N/A,N/A,N/A,N/A,N/A,N/A,N/A,N/A,N/A,N/A,N/A,N/A,N/A,0.074,O,E,O,0.26,N/A,N/A,N/A,O,E,2.20E-08,N/A,N/A,N/A,N/A,N/A,N/A,N/A,N/A,N/A,N/A,N/A,N/A
,N/A,H2O,,,0,,N/A,YES,NO, Cylindrical,25.4,76,N/A,N/A,N/A,-10,-9.9,-10.1,,D,2500,N/A,N/A,,N/A,,N/A,0.02,O,E,0.26,O,N/A,O,E,1.10E-08,N/A,N/A,N/A,N/A,N/A,N/A,N/A,N/A,N/A,N/A,N/A,N/A,N/A,N/A,O,E,O,N/A,N/A,N/A,N/A,O,E,N/A,N/A,N/A,N/A,N/A,N/A,N/A,N/A,N/A,N/A,N/A,N/A,N/A
,N/A,H2O,,,0,,N/A,YES,YES, Cylindrical,25.4,75,N/A,N/A,N/A,-10,-9.9,-10.1,,D,2200,N/A,N/A,,N/A,,N/A,0.02,O,E,0.26,O,N/A,O,E,1.00E-08,N/A,N/A,N/A,N/A,N/A,N/A,N/A,N/A,N/A,N/A,N/A,N/A,N/A,0.1,O,E,O,0.26,N/A,N/A,N/A,O,E,1.60E-08,N/A,N/A,N/A,N/A,N/A,N/A,N/A,N/A,N/A,N/A,N/A,N/A
,N/A,H2O,,,0,,N/A,YES,YES, Cylindrical,25.4,74,N/A,N/A,N/A,-10,-9.9,-10.1,,D,1500,N/A,N/A,,N/A,,N/A,0.02,O,E,0.26,O,N/A,O,E,9.30E-09,N/A,N/A,N/A,N/A,N/A,N/A,N/A,N/A,N/A,N/A,N/A,N/A,N/A,0.1,O,E,O,0.26,N/A,N/A,N/A,O,E,1.50E-08,N/A,N/A,N/A,N/A,N/A,N/A,N/A,N/A,N/A,N/A,N/A,N/A
,N/A,H2O,,,0,,N/A,YES,YES, Cylindrical,25.4,80.2,N/A,N/A,N/A,-9,-8.9,-9.1,,D,4500,N/A,N/A,,N/A,,N/A,0.011,O,E,0.5,O,N/A,O,E,1.30E-07,N/A,N/A,N/A,N/A,N/A,N/A,N/A,N/A,N/A,N/A,N/A,N/A,N/A,0.09,O,E,O,0.5,N/A,N/A,N/A,O,E,3.70E-07,N/A,N/A,N/A,N/A,N/A,N/A,N/A,N/A,N/A,N/A,N/A,N/A
,N/A,H2O,,,0,,N/A,YES,YES, Cylindrical,25.4,80.8,N/A,N/A,N/A,-9,-8.9,-9.1,,D,2500,N/A,N/A,,N/A,,N/A,0.011,O,E,0.5,O,N/A,O,E,9.00E-08,N/A,N/A,N/A,N/A,N/A,N/A,N/A,N/A,N/A,N/A,N/A,N/A,N/A,0.1,O,E,O,0.5,N/A,N/A,N/A,O,E,2.50E-07,N/A,N/A,N/A,N/A,N/A,N/A,N/A,N/A,N/A,N/A,N/A,N/A
,N/A,H2O,,,0,,N/A,YES,YES, Cylindrical,25.4,81.2,N/A,N/A,N/A,-9,-8.9,-9.1,,D,2200,N/A,N/A,,N/A,,N/A,0.008,O,E,0.5,O,N/A,O,E,8.10E-08,N/A,N/A,N/A,N/A,N/A,N/A,N/A,N/A,N/A,N/A,N/A,N/A,N/A,0.09,O,E,O,0.5,N/A,N/A,N/A,O,E,2.40E-07,N/A,N/A,N/A,N/A,N/A,N/A,N/A,N/A,N/A,N/A,N/A,N/A
,N/A,H2O,,,0,,N/A,YES,YES, Cylindrical,25.4,67.3,N/A,N/A,N/A,-9,-8.9,-9.1,,D,1500,N/A,N/A,,N/A,,N/A,0.007,O,E,0.5,O,N/A,O,E,1.30E-07,N/A,N/A,N/A,N/A,N/A,N/A,N/A,N/A,N/A,N/A,N/A,N/A,N/A,0.09,O,E,O,0.5,N/A,N/A,N/A,O,E,4.00E-07,N/A,N/A,N/A,N/A,N/A,N/A,N/A,N/A,N/A,N/A,N/A,N/A
Jacka & Maccagnan (1984),A1,H2O,Constant stress,Uniaxial compression,0,"Mean creep curve, i.e., an envelope of creep curve that summarises A1-A7 (Fig. 2). Summary data in figures (Fig. 3).",N/A,YES,NO, Cylindrical,25.4,60,N/A,N/A,N/A,-3,-2.9,-3.1,"Short time (10s) of 0.01K. Long time <0.1K. (Morgan, 1979; Jacka, 1984b)",D,2200,N/A,N/A,Mean linear intercept,N/A,Crossed polaroids,N/A,0.008,O,E,0.2,O,N/A,O,E,2.00E-08,1.52E-08,3.23E-08,N/A,N/A,N/A,N/A,N/A,N/A,N/A,N/A,0.275913,Fan et al. (2021a),N/A,N/A,N/A,N/A,N/A,N/A,N/A,N/A,N/A,N/A,N/A,N/A,N/A,N/A,N/A,N/A,N/A,N/A,N/A,N/A,N/A,N/A,N/A,N/A
,A2,H2O,,,0,,N/A,NO,NO, Cylindrical,25.4,60,N/A,N/A,N/A,-3,-2.9,-3.1,,D,2200,N/A,N/A,,N/A,,N/A,0.008,O,E,0.2,O,N/A,O,E,2.00E-08,1.52E-08,3.23E-08,N/A,N/A,N/A,N/A,N/A,N/A,N/A,N/A,N/A,N/A,N/A,N/A,N/A,N/A,N/A,N/A,N/A,N/A,N/A,N/A,N/A,N/A,N/A,N/A,N/A,N/A,N/A,N/A,N/A,N/A,N/A,N/A,N/A,N/A
,A3,H2O,,,0,,N/A,NO,NO, Cylindrical,25.4,60,N/A,N/A,N/A,-3,-2.9,-3.1,,D,2200,N/A,N/A,,N/A,,N/A,0.008,O,E,0.2,O,N/A,O,E,2.00E-08,1.52E-08,3.23E-08,N/A,N/A,N/A,N/A,N/A,N/A,N/A,N/A,N/A,N/A,N/A,N/A,N/A,N/A,N/A,N/A,N/A,N/A,N/A,N/A,N/A,N/A,N/A,N/A,N/A,N/A,N/A,N/A,N/A,N/A,N/A,N/A,N/A,N/A
,A4,H2O,,,0,,N/A,NO,NO, Cylindrical,25.4,60,N/A,N/A,N/A,-3,-2.9,-3.1,,D,2200,N/A,N/A,,N/A,,N/A,0.008,O,E,0.2,O,N/A,O,E,2.00E-08,1.52E-08,3.23E-08,N/A,N/A,N/A,N/A,N/A,N/A,N/A,N/A,N/A,N/A,N/A,N/A,N/A,N/A,N/A,N/A,N/A,N/A,N/A,N/A,N/A,N/A,N/A,N/A,N/A,N/A,N/A,N/A,N/A,N/A,N/A,N/A,N/A,N/A
,A5,H2O,,,0,,N/A,NO,NO, Cylindrical,25.4,60,N/A,N/A,N/A,-3,-2.9,-3.1,,D,2200,N/A,N/A,,N/A,,N/A,0.008,O,E,0.2,O,N/A,O,E,2.00E-08,1.52E-08,3.23E-08,N/A,N/A,N/A,N/A,N/A,N/A,N/A,N/A,N/A,N/A,N/A,N/A,N/A,N/A,N/A,N/A,N/A,N/A,N/A,N/A,N/A,N/A,N/A,N/A,N/A,N/A,N/A,N/A,N/A,N/A,N/A,N/A,N/A,N/A
,A6,H2O,,,0,,N/A,NO,NO, Cylindrical,25.4,60,N/A,N/A,N/A,-3,-2.9,-3.1,,D,2200,N/A,N/A,,N/A,,N/A,0.008,O,E,0.2,O,N/A,O,E,2.00E-08,1.52E-08,3.23E-08,N/A,N/A,N/A,N/A,N/A,N/A,N/A,N/A,N/A,N/A,N/A,N/A,N/A,N/A,N/A,N/A,N/A,N/A,N/A,N/A,N/A,N/A,N/A,N/A,N/A,N/A,N/A,N/A,N/A,N/A,N/A,N/A,N/A,N/A
,A7,H2O,,,0,,N/A,NO,YES, Cylindrical,25.4,60,N/A,N/A,N/A,-3,-2.9,-3.1,,D,2200,N/A,N/A,,N/A,,N/A,0.008,O,E,0.2,O,N/A,O,E,2.00E-08,1.52E-08,3.23E-08,N/A,N/A,N/A,N/A,N/A,N/A,N/A,N/A,N/A,N/A,N/A,0.33,O,E,O,0.2,N/A,N/A,N/A,N/A,N/A,5.97E-08,5.47E-08,6.56E-08,N/A,"Grain size, CPO",D,4.60E+03,N/A,N/A,N/A,N/A,3.96E-01,Fan et al. (2021a)
,N/A,H2O,,Extension,0,Creep curve (Fig. 7),N/A,YES,NO, Cylindrical,25.4,60,N/A,N/A,N/A,-3,-2.9,-3.1,,D,2200,N/A,N/A,,N/A,,N/A,0.012,O,E,0.2,O,N/A,O,E,1.94E-08,N/A,N/A,N/A,N/A,N/A,N/A,N/A,N/A,N/A,N/A,N/A,N/A,N/A,N/A,N/A,N/A,N/A,N/A,N/A,N/A,N/A,N/A,N/A,N/A,N/A,N/A,N/A,N/A,N/A,N/A,N/A,N/A,N/A,N/A,N/A,N/A
Gao & Jacka (1987),L,H2O,Constant stress,uniaxial compression ,0,Full creep curves. ,N/A,YES,YES, Cylindrical,25.4,65,N/A,N/A,N/A,-3.3,-3.2,-3.4,"Short time (10s) of 0.01K. Long time <0.1K. (Morgan, 1979; Jacka, 1984b)",D,700,N/A,N/A,Mean grain size calculated from total grain area and number of grains.,N/A, CPO: Rigsby stage?,N/A,0.007,O,E,0.2,O,Stress maintained constant by adding load over time?,O,E,1.58E-08,N/A,N/A,Creep curved digitized from Fig. 2.,N/A,N/A,N/A,N/A,N/A,N/A,N/A,N/A,N/A,N/A,0.101,O,E,O,0.2,N/A,N/A,Stress maintained constant by adding load over time?,O,E,3.38E-08,N/A,N/A,N/A,"Grain size, CPO",D,1800,N/A,N/A,N/A,Mean grain size calculated from total grain area and number of grains.,0.3246,"c-axes digitised from published stereonets, which have low resolution."
Jacka (1994),N/A,H2O,Constant stress,Uniaxial compression ,0,"No creep curve, Summary data in a table (Table 1). No detailed strain data.",N/A,YES,NO,Cylindrical,25.6,39.3 to 58.7,N/A,N/A,N/A,-3.3,-3.2,-3.4,"Short time (10s) of 0.01K. Long time <0.1K. (Morgan, 1979; Jacka, 1984b)",D,1700,1500,1900,Number of grain per unit area (page 151),N/A,Jacka & Lile (1984) (page 147),N/A,0.0071,O,E,0.2,O,N/A,O,E,1.10E-08,N/A,N/A,N/A,N/A,N/A,N/A,N/A,N/A,N/A,N/A,N/A,N/A,N/A,N/A,N/A,N/A,N/A,N/A,N/A,N/A,N/A,N/A,N/A,N/A,N/A,N/A,N/A,N/A,N/A,N/A,N/A,N/A,N/A,N/A,N/A,N/A
,N/A,H20,,,0,,N/A,YES,NO,Cylindrical,25.6,39.3 to 58.7,N/A,N/A,N/A,-3.3,-3.2,-3.4,,D,1700,1500,1900,,N/A,,N/A,0.0072,O,E,0.2,O,N/A,O,E,1.40E-08,N/A,N/A,N/A,N/A,N/A,N/A,N/A,N/A,N/A,N/A,N/A,N/A,N/A,N/A,N/A,N/A,N/A,N/A,N/A,N/A,N/A,N/A,N/A,N/A,N/A,N/A,N/A,N/A,N/A,N/A,N/A,N/A,N/A,N/A,N/A,N/A
,N/A,H2O,,,0,,N/A,YES,NO,Cylindrical,25.6,39.3 to 58.7,N/A,N/A,N/A,-3.3,-3.2,-3.4,,D,1700,1500,1900,,N/A,,N/A,0.0093,O,E,0.2,O,N/A,O,E,2.00E-08,N/A,N/A,N/A,N/A,N/A,N/A,N/A,N/A,N/A,N/A,N/A,N/A,N/A,N/A,N/A,N/A,N/A,N/A,N/A,N/A,N/A,N/A,N/A,N/A,N/A,N/A,N/A,N/A,N/A,N/A,N/A,N/A,N/A,N/A,N/A,N/A
,N/A,H2O,,,0,,N/A,YES,NO,Cylindrical,25.6,39.3 to 58.7,N/A,N/A,N/A,-3.3,-3.2,-3.4,,D,1700,1500,1900,,N/A,,N/A,0.0068,O,E,0.2,O,N/A,O,E,1.10E-08,N/A,N/A,N/A,N/A,N/A,N/A,N/A,N/A,N/A,N/A,N/A,N/A,N/A,N/A,N/A,N/A,N/A,N/A,N/A,N/A,N/A,N/A,N/A,N/A,N/A,N/A,N/A,N/A,N/A,N/A,N/A,N/A,N/A,N/A,N/A,N/A
,N/A,H2O,,,0,"No creep curve, Summary data in a table (Table 2). No detailed strain data.",N/A,YES,NO,Cylindrical,64.9,68.1,N/A,N/A,N/A,-5,-4.9,-5.1,,D,1400,N/A,N/A,,N/A,Page 151,N/A,N/A,O,E,0.25,O,N/A,O,E,1.45E-08,N/A,N/A,N/A,N/A,N/A,N/A,N/A,N/A,N/A,N/A,N/A,N/A,N/A,N/A,N/A,N/A,N/A,N/A,N/A,N/A,N/A,N/A,N/A,N/A,N/A,N/A,N/A,N/A,N/A,N/A,N/A,N/A,N/A,N/A,N/A,N/A
,N/A,H2O,,,0,,N/A,YES,NO,Cylindrical,53.3,66,N/A,N/A,N/A,-5,-4.9,-5.1,,D,1400,N/A,N/A,,N/A,,N/A,N/A,O,E,0.25,O,N/A,O,E,1.55E-08,N/A,N/A,N/A,N/A,N/A,N/A,N/A,N/A,N/A,N/A,N/A,N/A,N/A,N/A,N/A,N/A,N/A,N/A,N/A,N/A,N/A,N/A,N/A,N/A,N/A,N/A,N/A,N/A,N/A,N/A,N/A,N/A,N/A,N/A,N/A,N/A
,N/A,H2O,,,0,,N/A,YES,NO,Cylindrical,40.8,62,N/A,N/A,N/A,-5,-4.9,-5.1,,D,1400,N/A,N/A,,N/A,,N/A,N/A,O,E,0.25,O,N/A,O,E,1.70E-08,N/A,N/A,N/A,N/A,N/A,N/A,N/A,N/A,N/A,N/A,N/A,N/A,N/A,N/A,N/A,N/A,N/A,N/A,N/A,N/A,N/A,N/A,N/A,N/A,N/A,N/A,N/A,N/A,N/A,N/A,N/A,N/A,N/A,N/A,N/A,N/A
,N/A,H2O,,,0,,N/A,YES,NO,Cylindrical,25.4,64.1,N/A,N/A,N/A,-5,-4.9,-5.1,,D,1400,N/A,N/A,,N/A,,N/A,N/A,O,E,0.25,O,N/A,O,E,2.95E-08,N/A,N/A,N/A,N/A,N/A,N/A,N/A,N/A,N/A,N/A,N/A,N/A,N/A,N/A,N/A,N/A,N/A,N/A,N/A,N/A,N/A,N/A,N/A,N/A,N/A,N/A,N/A,N/A,N/A,N/A,N/A,N/A,N/A,N/A,N/A,N/A
,N/A,H2O,,,0,,N/A,YES,NO,Cylindrical,17,70,N/A,N/A,N/A,-5,-4.9,-5.1,,D,1400,N/A,N/A,,N/A,,N/A,N/A,O,E,0.25,O,N/A,O,E,3.40E-08,N/A,N/A,N/A,N/A,N/A,N/A,N/A,N/A,N/A,N/A,N/A,N/A,N/A,N/A,N/A,N/A,N/A,N/A,N/A,N/A,N/A,N/A,N/A,N/A,N/A,N/A,N/A,N/A,N/A,N/A,N/A,N/A,N/A,N/A,N/A,N/A
,N/A,H2O,,,0,,N/A,YES,NO,Cylindrical,64.6,67.7,N/A,N/A,N/A,-5,-4.9,-5.1,,D,2900,N/A,N/A,,N/A,,N/A,N/A,O,E,0.25,O,N/A,O,E,1.30E-08,N/A,N/A,N/A,N/A,N/A,N/A,N/A,N/A,N/A,N/A,N/A,N/A,N/A,N/A,N/A,N/A,N/A,N/A,N/A,N/A,N/A,N/A,N/A,N/A,N/A,N/A,N/A,N/A,N/A,N/A,N/A,N/A,N/A,N/A,N/A,N/A
,N/A,H2O,,,0,,N/A,YES,NO,Cylindrical,52.5,66.3,N/A,N/A,N/A,-5,-4.9,-5.1,,D,2900,N/A,N/A,,N/A,,N/A,N/A,O,E,0.25,O,N/A,O,E,1.50E-08,N/A,N/A,N/A,N/A,N/A,N/A,N/A,N/A,N/A,N/A,N/A,N/A,N/A,N/A,N/A,N/A,N/A,N/A,N/A,N/A,N/A,N/A,N/A,N/A,N/A,N/A,N/A,N/A,N/A,N/A,N/A,N/A,N/A,N/A,N/A,N/A
,N/A,H2O,,,0,,N/A,YES,NO,Cylindrical,41.1,67.6,N/A,N/A,N/A,-5,-4.9,-5.1,,D,2900,N/A,N/A,,N/A,,N/A,N/A,O,E,0.25,O,N/A,O,E,1.40E-08,N/A,N/A,N/A,N/A,N/A,N/A,N/A,N/A,N/A,N/A,N/A,N/A,N/A,N/A,N/A,N/A,N/A,N/A,N/A,N/A,N/A,N/A,N/A,N/A,N/A,N/A,N/A,N/A,N/A,N/A,N/A,N/A,N/A,N/A,N/A,N/A
,N/A,H2O,,,0,,N/A,YES,NO,Cylindrical,24.8,60.4,N/A,N/A,N/A,-5,-4.9,-5.1,,D,2900,N/A,N/A,,N/A,,N/A,N/A,O,E,0.25,O,N/A,O,E,3.30E-08,N/A,N/A,N/A,N/A,N/A,N/A,N/A,N/A,N/A,N/A,N/A,N/A,N/A,N/A,N/A,N/A,N/A,N/A,N/A,N/A,N/A,N/A,N/A,N/A,N/A,N/A,N/A,N/A,N/A,N/A,N/A,N/A,N/A,N/A,N/A,N/A
,N/A,H2O,,,0,,N/A,YES,NO,Cylindrical,16.2,62.3,N/A,N/A,N/A,-5,-4.9,-5.1,,D,2900,N/A,N/A,,N/A,,N/A,N/A,O,E,0.25,O,N/A,O,E,4.15E-08,N/A,N/A,N/A,N/A,N/A,N/A,N/A,N/A,N/A,N/A,N/A,N/A,N/A,N/A,N/A,N/A,N/A,N/A,N/A,N/A,N/A,N/A,N/A,N/A,N/A,N/A,N/A,N/A,N/A,N/A,N/A,N/A,N/A,N/A,N/A,N/A
,N/A,H2O,,,0,,N/A,YES,NO,Cylindrical,53.2,65.8,N/A,N/A,N/A,-5,-4.9,-5.1,,D,1400,N/A,N/A,,N/A,,N/A,N/A,O,E,0.25,O,N/A,O,E,1.70E-08,N/A,N/A,N/A,N/A,N/A,N/A,N/A,N/A,N/A,N/A,N/A,N/A,N/A,N/A,N/A,N/A,N/A,N/A,N/A,N/A,N/A,N/A,N/A,N/A,N/A,N/A,N/A,N/A,N/A,N/A,N/A,N/A,N/A,N/A,N/A,N/A
,N/A,H2O,,,0,,N/A,YES,NO,Cylindrical,41.3,65.4,N/A,N/A,N/A,-5,-4.9,-5.1,,D,1400,N/A,N/A,,N/A,,N/A,N/A,O,E,0.25,O,N/A,O,E,1.75E-08,N/A,N/A,N/A,N/A,N/A,N/A,N/A,N/A,N/A,N/A,N/A,N/A,N/A,N/A,N/A,N/A,N/A,N/A,N/A,N/A,N/A,N/A,N/A,N/A,N/A,N/A,N/A,N/A,N/A,N/A,N/A,N/A,N/A,N/A,N/A,N/A
,N/A,H2O,,,0,,N/A,YES,NO,Cylindrical,33.8,65.2,N/A,N/A,N/A,-5,-4.9,-5.1,,D,1400,N/A,N/A,,N/A,,N/A,N/A,O,E,0.25,O,N/A,O,E,2.55E-08,N/A,N/A,N/A,N/A,N/A,N/A,N/A,N/A,N/A,N/A,N/A,N/A,N/A,N/A,N/A,N/A,N/A,N/A,N/A,N/A,N/A,N/A,N/A,N/A,N/A,N/A,N/A,N/A,N/A,N/A,N/A,N/A,N/A,N/A,N/A,N/A
,N/A,H2O,,,0,,N/A,YES,NO,Cylindrical,25.4,63.5,N/A,N/A,N/A,-5,-4.9,-5.1,,D,1400,N/A,N/A,,N/A,,N/A,N/A,O,E,0.25,O,N/A,O,E,2.35E-08,N/A,N/A,N/A,N/A,N/A,N/A,N/A,N/A,N/A,N/A,N/A,N/A,N/A,N/A,N/A,N/A,N/A,N/A,N/A,N/A,N/A,N/A,N/A,N/A,N/A,N/A,N/A,N/A,N/A,N/A,N/A,N/A,N/A,N/A,N/A,N/A
,N/A,H2O,,,0,,N/A,YES,NO,Cylindrical,16.3,61.5,N/A,N/A,N/A,-5,-4.9,-5.1,,D,1400,N/A,N/A,,N/A,,N/A,N/A,O,E,0.25,O,N/A,O,E,2.70E-08,N/A,N/A,N/A,N/A,N/A,N/A,N/A,N/A,N/A,N/A,N/A,N/A,N/A,N/A,N/A,N/A,N/A,N/A,N/A,N/A,N/A,N/A,N/A,N/A,N/A,N/A,N/A,N/A,N/A,N/A,N/A,N/A,N/A,N/A,N/A,N/A
,N/A,H2O,,,0,,N/A,YES,NO,Cylindrical,25.4,17.4,N/A,N/A,N/A,-5,-4.9,-5.1,,D,1400,N/A,N/A,,N/A,,N/A,N/A,O,E,0.25,O,N/A,O,E,2.30E-08,N/A,N/A,N/A,N/A,N/A,N/A,N/A,N/A,N/A,N/A,N/A,N/A,N/A,N/A,N/A,N/A,N/A,N/A,N/A,N/A,N/A,N/A,N/A,N/A,N/A,N/A,N/A,N/A,N/A,N/A,N/A,N/A,N/A,N/A,N/A,N/A
,N/A,H2O,,,0,,N/A,YES,NO,Cylindrical,25.4,28.7,N/A,N/A,N/A,-5,-4.9,-5.1,,D,1400,N/A,N/A,,N/A,,N/A,N/A,O,E,0.25,O,N/A,O,E,2.70E-08,N/A,N/A,N/A,N/A,N/A,N/A,N/A,N/A,N/A,N/A,N/A,N/A,N/A,N/A,N/A,N/A,N/A,N/A,N/A,N/A,N/A,N/A,N/A,N/A,N/A,N/A,N/A,N/A,N/A,N/A,N/A,N/A,N/A,N/A,N/A,N/A
,N/A,H2O,,,0,,N/A,YES,NO,Cylindrical,25.4,28.7,N/A,N/A,N/A,-5,-4.9,-5.1,,D,1400,N/A,N/A,,N/A,,N/A,N/A,O,E,0.25,O,N/A,O,E,2.70E-08,N/A,N/A,N/A,N/A,N/A,N/A,N/A,N/A,N/A,N/A,N/A,N/A,N/A,N/A,N/A,N/A,N/A,N/A,N/A,N/A,N/A,N/A,N/A,N/A,N/A,N/A,N/A,N/A,N/A,N/A,N/A,N/A,N/A,N/A,N/A,N/A
,N/A,H2O,,,0,,N/A,YES,NO,Cylindrical,25.4,96.5,N/A,N/A,N/A,-5,-4.9,-5.1,,D,1400,N/A,N/A,,N/A,,N/A,N/A,O,E,0.25,O,N/A,O,E,1.95E-08,N/A,N/A,N/A,N/A,N/A,N/A,N/A,N/A,N/A,N/A,N/A,N/A,N/A,N/A,N/A,N/A,N/A,N/A,N/A,N/A,N/A,N/A,N/A,N/A,N/A,N/A,N/A,N/A,N/A,N/A,N/A,N/A,N/A,N/A,N/A,N/A
,N/A,H2O,,,0,,N/A,YES,NO,Cylindrical,25.4,132.3,N/A,N/A,N/A,-5,-4.9,-5.1,,D,1400,N/A,N/A,,N/A,,N/A,N/A,O,E,0.25,O,N/A,O,E,2.25E-08,N/A,N/A,N/A,N/A,N/A,N/A,N/A,N/A,N/A,N/A,N/A,N/A,N/A,N/A,N/A,N/A,N/A,N/A,N/A,N/A,N/A,N/A,N/A,N/A,N/A,N/A,N/A,N/A,N/A,N/A,N/A,N/A,N/A,N/A,N/A,N/A
,N/A,H2O,,,0,,N/A,YES,NO,Cylindrical,25.4,22.1,N/A,N/A,N/A,-5,-4.9,-5.1,,D,1400,N/A,N/A,,N/A,,N/A,N/A,O,E,0.25,O,N/A,O,E,2.55E-08,N/A,N/A,N/A,N/A,N/A,N/A,N/A,N/A,N/A,N/A,N/A,N/A,N/A,N/A,N/A,N/A,N/A,N/A,N/A,N/A,N/A,N/A,N/A,N/A,N/A,N/A,N/A,N/A,N/A,N/A,N/A,N/A,N/A,N/A,N/A,N/A
,N/A,H2O,,,0,,N/A,YES,NO,Cylindrical,25.4,36.9,N/A,N/A,N/A,-5,-4.9,-5.1,,D,1400,N/A,N/A,,N/A,,N/A,N/A,O,E,0.25,O,N/A,O,E,2.20E-08,N/A,N/A,N/A,N/A,N/A,N/A,N/A,N/A,N/A,N/A,N/A,N/A,N/A,N/A,N/A,N/A,N/A,N/A,N/A,N/A,N/A,N/A,N/A,N/A,N/A,N/A,N/A,N/A,N/A,N/A,N/A,N/A,N/A,N/A,N/A,N/A
,N/A,H2O,,,0,,N/A,YES,NO,Cylindrical,25.4,50.1,N/A,N/A,N/A,-5,-4.9,-5.1,,D,1400,N/A,N/A,,N/A,,N/A,N/A,O,E,0.25,O,N/A,O,E,2.15E-08,N/A,N/A,N/A,N/A,N/A,N/A,N/A,N/A,N/A,N/A,N/A,N/A,N/A,N/A,N/A,N/A,N/A,N/A,N/A,N/A,N/A,N/A,N/A,N/A,N/A,N/A,N/A,N/A,N/A,N/A,N/A,N/A,N/A,N/A,N/A,N/A
,N/A,H2O,,,0,,N/A,YES,NO,Cylindrical,25.4,78.2,N/A,N/A,N/A,-5,-4.9,-5.1,,D,1400,N/A,N/A,,N/A,,N/A,N/A,O,E,0.25,O,N/A,O,E,2.10E-08,N/A,N/A,N/A,N/A,N/A,N/A,N/A,N/A,N/A,N/A,N/A,N/A,N/A,N/A,N/A,N/A,N/A,N/A,N/A,N/A,N/A,N/A,N/A,N/A,N/A,N/A,N/A,N/A,N/A,N/A,N/A,N/A,N/A,N/A,N/A,N/A
,N/A,H2O,,,0,,N/A,YES,NO,Cylindrical,25.4,115.8,N/A,N/A,N/A,-5,-4.9,-5.1,,D,1400,N/A,N/A,,N/A,,N/A,N/A,O,E,0.25,O,N/A,O,E,2.30E-08,N/A,N/A,N/A,N/A,N/A,N/A,N/A,N/A,N/A,N/A,N/A,N/A,N/A,N/A,N/A,N/A,N/A,N/A,N/A,N/A,N/A,N/A,N/A,N/A,N/A,N/A,N/A,N/A,N/A,N/A,N/A,N/A,N/A,N/A,N/A,N/A
,N/A,H2O,,,0,,N/A,YES,NO,Cylindrical,90,80,N/A,N/A,N/A,-5,-4.9,-5.1,,D,1400,N/A,N/A,,N/A,,N/A,N/A,O,E,0.25,O,N/A,O,E,1.10E-08,N/A,N/A,N/A,N/A,N/A,N/A,N/A,N/A,N/A,N/A,N/A,N/A,N/A,N/A,N/A,N/A,N/A,N/A,N/A,N/A,N/A,N/A,N/A,N/A,N/A,N/A,N/A,N/A,N/A,N/A,N/A,N/A,N/A,N/A,N/A,N/A
,N/A,H2O,,,0,,N/A,YES,NO,Cylindrical,90,65,N/A,N/A,N/A,-5,-4.9,-5.1,,D,1400,N/A,N/A,,N/A,,N/A,N/A,O,E,0.25,O,N/A,O,E,1.05E-08,N/A,N/A,N/A,N/A,N/A,N/A,N/A,N/A,N/A,N/A,N/A,N/A,N/A,N/A,N/A,N/A,N/A,N/A,N/A,N/A,N/A,N/A,N/A,N/A,N/A,N/A,N/A,N/A,N/A,N/A,N/A,N/A,N/A,N/A,N/A,N/A
,N/A,H2O,,,0,,N/A,YES,NO,Cylindrical,90,20,N/A,N/A,N/A,-5,-4.9,-5.1,,D,1400,N/A,N/A,,N/A,,N/A,N/A,O,E,0.25,O,N/A,O,E,1.00E-08,N/A,N/A,N/A,N/A,N/A,N/A,N/A,N/A,N/A,N/A,N/A,N/A,N/A,N/A,N/A,N/A,N/A,N/A,N/A,N/A,N/A,N/A,N/A,N/A,N/A,N/A,N/A,N/A,N/A,N/A,N/A,N/A,N/A,N/A,N/A,N/A
,N/A,H2O,,Simple shear,0,"No creep curve, Summary data in a table (Table 3). No detailed strain data.",N/A,YES,NO,Rectangular prism,N/A,N/A,42.5,10.04,19.94,-2,-1.9,-2.1,,D,1700,1500,1900,,N/A,Jacka & Lile (1984) (page 151),N/A,N/A,O,E,0.2,O,N/A,O,E,2.30E-07,N/A,N/A,N/A,N/A,N/A,N/A,N/A,N/A,N/A,N/A,N/A,N/A,N/A,N/A,N/A,N/A,N/A,N/A,N/A,N/A,N/A,N/A,N/A,N/A,N/A,N/A,N/A,N/A,N/A,N/A,N/A,N/A,N/A,N/A,N/A,N/A
,N/A,H2O,,,0,,N/A,YES,NO,Rectangular prism,N/A,N/A,63.6,9.42,15.98,-2,-1.9,-2.1,,D,1700,1500,1900,,N/A,,N/A,N/A,O,E,0.2,O,N/A,O,E,2.00E-07,N/A,N/A,N/A,N/A,N/A,N/A,N/A,N/A,N/A,N/A,N/A,N/A,N/A,N/A,N/A,N/A,N/A,N/A,N/A,N/A,N/A,N/A,N/A,N/A,N/A,N/A,N/A,N/A,N/A,N/A,N/A,N/A,N/A,N/A,N/A,N/A
,N/A,H2O,,,0,,N/A,YES,NO,Rectangular prism,N/A,N/A,81.25,9.48,20.52,-2,-1.9,-2.1,,D,1700,1500,1900,,N/A,,N/A,N/A,O,E,0.2,O,N/A,O,E,1.30E-07,N/A,N/A,N/A,N/A,N/A,N/A,N/A,N/A,N/A,N/A,N/A,N/A,N/A,N/A,N/A,N/A,N/A,N/A,N/A,N/A,N/A,N/A,N/A,N/A,N/A,N/A,N/A,N/A,N/A,N/A,N/A,N/A,N/A,N/A,N/A,N/A
,N/A,H2O,,,0,,N/A,YES,NO,Rectangular prism,N/A,N/A,98.7,10.1,21.55,-2,-1.9,-2.1,,D,1700,1500,1900,,N/A,,N/A,N/A,O,E,0.2,O,N/A,O,E,2.50E-07,N/A,N/A,N/A,N/A,N/A,N/A,N/A,N/A,N/A,N/A,N/A,N/A,N/A,N/A,N/A,N/A,N/A,N/A,N/A,N/A,N/A,N/A,N/A,N/A,N/A,N/A,N/A,N/A,N/A,N/A,N/A,N/A,N/A,N/A,N/A,N/A
,N/A,H2O,,,0,,N/A,YES,NO,Rectangular prism,N/A,N/A,123.18,9.21,20.87,-2,-1.9,-2.1,,D,1700,1500,1900,,N/A,,N/A,N/A,O,E,0.2,O,N/A,O,E,1.40E-07,N/A,N/A,N/A,N/A,N/A,N/A,N/A,N/A,N/A,N/A,N/A,N/A,N/A,N/A,N/A,N/A,N/A,N/A,N/A,N/A,N/A,N/A,N/A,N/A,N/A,N/A,N/A,N/A,N/A,N/A,N/A,N/A,N/A,N/A,N/A,N/A
,N/A,H2O,,,0,,N/A,YES,NO,Rectangular prism,N/A,N/A,136.76,7.44,20.3,-2,-1.9,-2.1,,D,1700,1500,1900,,N/A,,N/A,N/A,O,E,0.2,O,N/A,O,E,1.10E-07,N/A,N/A,N/A,N/A,N/A,N/A,N/A,N/A,N/A,N/A,N/A,N/A,N/A,N/A,N/A,N/A,N/A,N/A,N/A,N/A,N/A,N/A,N/A,N/A,N/A,N/A,N/A,N/A,N/A,N/A,N/A,N/A,N/A,N/A,N/A,N/A
,N/A,H2O,,,0,,N/A,YES,NO,Rectangular prism,N/A,N/A,146.02,10.09,20.96,-2,-1.9,-2.1,,D,1700,1500,1900,,N/A,,N/A,N/A,O,E,0.2,O,N/A,O,E,1.50E-07,N/A,N/A,N/A,N/A,N/A,N/A,N/A,N/A,N/A,N/A,N/A,N/A,N/A,N/A,N/A,N/A,N/A,N/A,N/A,N/A,N/A,N/A,N/A,N/A,N/A,N/A,N/A,N/A,N/A,N/A,N/A,N/A,N/A,N/A,N/A,N/A
,N/A,H2O,,,0,,N/A,YES,NO,Rectangular prism,N/A,N/A,146.77,8.5,20.5,-2,-1.9,-2.1,,D,1700,1500,1900,,N/A,,N/A,N/A,O,E,0.2,O,N/A,O,E,1.10E-07,N/A,N/A,N/A,N/A,N/A,N/A,N/A,N/A,N/A,N/A,N/A,N/A,N/A,N/A,N/A,N/A,N/A,N/A,N/A,N/A,N/A,N/A,N/A,N/A,N/A,N/A,N/A,N/A,N/A,N/A,N/A,N/A,N/A,N/A,N/A,N/A
,N/A,H2O,,,0,,N/A,YES,NO,Rectangular prism,N/A,N/A,39.75,19.75,9.85,-2,-1.9,-2.1,,D,1700,1500,1900,,N/A,,N/A,N/A,O,E,0.2,O,N/A,O,E,2.80E-07,N/A,N/A,N/A,N/A,N/A,N/A,N/A,N/A,N/A,N/A,N/A,N/A,N/A,N/A,N/A,N/A,N/A,N/A,N/A,N/A,N/A,N/A,N/A,N/A,N/A,N/A,N/A,N/A,N/A,N/A,N/A,N/A,N/A,N/A,N/A,N/A
,N/A,H2O,,,0,,N/A,YES,NO,Rectangular prism,N/A,N/A,37.94,20.92,16.5,-2,-1.9,-2.1,,D,1700,1500,1900,,N/A,,N/A,N/A,O,E,0.2,O,N/A,O,E,1.30E-07,N/A,N/A,N/A,N/A,N/A,N/A,N/A,N/A,N/A,N/A,N/A,N/A,N/A,N/A,N/A,N/A,N/A,N/A,N/A,N/A,N/A,N/A,N/A,N/A,N/A,N/A,N/A,N/A,N/A,N/A,N/A,N/A,N/A,N/A,N/A,N/A
,N/A,H2O,,,0,,N/A,YES,NO,Rectangular prism,N/A,N/A,40.2,19,26.65,-2,-1.9,-2.1,,D,1700,1500,1900,,N/A,,N/A,N/A,O,E,0.2,O,N/A,O,E,2.50E-07,N/A,N/A,N/A,N/A,N/A,N/A,N/A,N/A,N/A,N/A,N/A,N/A,N/A,N/A,N/A,N/A,N/A,N/A,N/A,N/A,N/A,N/A,N/A,N/A,N/A,N/A,N/A,N/A,N/A,N/A,N/A,N/A,N/A,N/A,N/A,N/A
,N/A,H2O,,,0,,N/A,YES,NO,Rectangular prism,N/A,N/A,40.69,21.1,32.67,-2,-1.9,-2.1,,D,1700,1500,1900,,N/A,,N/A,N/A,O,E,0.2,O,N/A,O,E,1.80E-07,N/A,N/A,N/A,N/A,N/A,N/A,N/A,N/A,N/A,N/A,N/A,N/A,N/A,N/A,N/A,N/A,N/A,N/A,N/A,N/A,N/A,N/A,N/A,N/A,N/A,N/A,N/A,N/A,N/A,N/A,N/A,N/A,N/A,N/A,N/A,N/A
,N/A,H2O,,,0,,N/A,YES,NO,Rectangular prism,N/A,N/A,39.8,19.85,38.76,-2,-1.9,-2.1,,D,1700,1500,1900,,N/A,,N/A,N/A,O,E,0.2,O,N/A,O,E,1.80E-07,N/A,N/A,N/A,N/A,N/A,N/A,N/A,N/A,N/A,N/A,N/A,N/A,N/A,N/A,N/A,N/A,N/A,N/A,N/A,N/A,N/A,N/A,N/A,N/A,N/A,N/A,N/A,N/A,N/A,N/A,N/A,N/A,N/A,N/A,N/A,N/A
,N/A,H2O,,,0,,N/A,YES,NO,Rectangular prism,N/A,N/A,42.4,20.42,45.4,-2,-1.9,-2.1,,D,1700,1500,1900,,N/A,,N/A,N/A,O,E,0.2,O,N/A,O,E,1.80E-07,N/A,N/A,N/A,N/A,N/A,N/A,N/A,N/A,N/A,N/A,N/A,N/A,N/A,N/A,N/A,N/A,N/A,N/A,N/A,N/A,N/A,N/A,N/A,N/A,N/A,N/A,N/A,N/A,N/A,N/A,N/A,N/A,N/A,N/A,N/A,N/A
,N/A,H2O,,,0,,N/A,YES,NO,Rectangular prism,N/A,N/A,38.01,18.81,20.7,-2,-1.9,-2.1,,D,1700,1500,1900,,N/A,,N/A,N/A,O,E,0.2,O,N/A,O,E,1.80E-07,N/A,N/A,N/A,N/A,N/A,N/A,N/A,N/A,N/A,N/A,N/A,N/A,N/A,N/A,N/A,N/A,N/A,N/A,N/A,N/A,N/A,N/A,N/A,N/A,N/A,N/A,N/A,N/A,N/A,N/A,N/A,N/A,N/A,N/A,N/A,N/A
,N/A,H2O,,,0,,N/A,YES,NO,Rectangular prism,N/A,N/A,41.08,23.8,20.54,-2,-1.9,-2.1,,D,1700,1500,1900,,N/A,,N/A,N/A,O,E,0.2,O,N/A,O,E,1.30E-07,N/A,N/A,N/A,N/A,N/A,N/A,N/A,N/A,N/A,N/A,N/A,N/A,N/A,N/A,N/A,N/A,N/A,N/A,N/A,N/A,N/A,N/A,N/A,N/A,N/A,N/A,N/A,N/A,N/A,N/A,N/A,N/A,N/A,N/A,N/A,N/A
,N/A,H2O,,,0,,N/A,YES,NO,Rectangular prism,N/A,N/A,41.15,29.63,20.35,-2,-1.9,-2.1,,D,1700,1500,1900,,N/A,,N/A,N/A,O,E,0.2,O,N/A,O,E,1.80E-07,N/A,N/A,N/A,N/A,N/A,N/A,N/A,N/A,N/A,N/A,N/A,N/A,N/A,N/A,N/A,N/A,N/A,N/A,N/A,N/A,N/A,N/A,N/A,N/A,N/A,N/A,N/A,N/A,N/A,N/A,N/A,N/A,N/A,N/A,N/A,N/A
,N/A,H2O,,,0,,N/A,YES,NO,Rectangular prism,N/A,N/A,40.99,33.87,20.74,-2,-1.9,-2.1,,D,1700,1500,1900,,N/A,,N/A,N/A,O,E,0.2,O,N/A,O,E,1.60E-07,N/A,N/A,N/A,N/A,N/A,N/A,N/A,N/A,N/A,N/A,N/A,N/A,N/A,N/A,N/A,N/A,N/A,N/A,N/A,N/A,N/A,N/A,N/A,N/A,N/A,N/A,N/A,N/A,N/A,N/A,N/A,N/A,N/A,N/A,N/A,N/A
,N/A,H2O,,,0,,N/A,YES,NO,Rectangular prism,N/A,N/A,40.15,38.48,20.75,-2,-1.9,-2.1,,D,1700,1500,1900,,N/A,,N/A,N/A,O,E,0.2,O,N/A,O,E,1.20E-07,N/A,N/A,N/A,N/A,N/A,N/A,N/A,N/A,N/A,N/A,N/A,N/A,N/A,N/A,N/A,N/A,N/A,N/A,N/A,N/A,N/A,N/A,N/A,N/A,N/A,N/A,N/A,N/A,N/A,N/A,N/A,N/A,N/A,N/A,N/A,N/A
Jacka & Li (1994),N/A,H2O,Constant stress,Uniaxial compression ,0,"No creep curve, Summary data in a table (Table 3). No detailed strain data.",N/A,NO,YES,Cylindrical?,N/A,N/A,N/A,N/A,N/A,-10,-9.9,-10.1,"Short time (10s) of 0.01K. Long time <0.1K. (Morgan, 1979; Jacka, 1984b)",A,1.20E+06,N/A,N/A,Mean grain area,N/A,N/A,N/A,N/A,N/A,N/A,N/A,N/A,N/A,N/A,N/A,N/A,N/A,N/A,N/A,N/A,N/A,N/A,N/A,N/A,N/A,N/A,N/A,N/A,N/A,> 0.15,O,E,O,0.2,N/A,N/A,N/A,N/A,N/A,7.00E-09,N/A,N/A,N/A,N/A,A,1.70E+06,N/A,N/A,N/A,N/A,N/A,N/A
,N/A,H2O,,,0,,N/A,NO,YES,Cylindrical?,N/A,N/A,N/A,N/A,N/A,-10,-9.9,-10.1,,A,1.20E+06,N/A,N/A,,N/A,N/A,N/A,N/A,N/A,N/A,N/A,N/A,N/A,N/A,N/A,N/A,N/A,N/A,N/A,N/A,N/A,N/A,N/A,N/A,N/A,N/A,N/A,N/A,N/A,> 0.15,O,E,O,0.3,N/A,N/A,N/A,N/A,N/A,4.80E-08,N/A,N/A,N/A,N/A,A,2.10E+06,N/A,N/A,N/A,N/A,N/A,N/A
,N/A,H2O,,,0,,N/A,NO,YES,Cylindrical?,N/A,N/A,N/A,N/A,N/A,-10,-9.9,-10.1,,A,1.20E+06,N/A,N/A,,N/A,N/A,N/A,N/A,N/A,N/A,N/A,N/A,N/A,N/A,N/A,N/A,N/A,N/A,N/A,N/A,N/A,N/A,N/A,N/A,N/A,N/A,N/A,N/A,N/A,> 0.15,O,E,O,0.4,N/A,N/A,N/A,N/A,N/A,9.80E-08,N/A,N/A,N/A,N/A,A,1.10E+06,N/A,N/A,N/A,N/A,N/A,N/A
,N/A,H2O,,,0,,N/A,NO,YES,Cylindrical?,N/A,N/A,N/A,N/A,N/A,-10,-9.9,-10.1,,A,1.20E+06,N/A,N/A,,N/A,N/A,N/A,N/A,N/A,N/A,N/A,N/A,N/A,N/A,N/A,N/A,N/A,N/A,N/A,N/A,N/A,N/A,N/A,N/A,N/A,N/A,N/A,N/A,N/A,> 0.15,O,E,O,0.5,N/A,N/A,N/A,N/A,N/A,2.00E-07,N/A,N/A,N/A,N/A,A,1.00E+06,N/A,N/A,N/A,N/A,N/A,N/A
,N/A,H2O,,,0,,N/A,NO,YES,Cylindrical?,N/A,N/A,N/A,N/A,N/A,-10,-9.9,-10.1,,A,1.20E+06,N/A,N/A,,N/A,N/A,N/A,N/A,N/A,N/A,N/A,N/A,N/A,N/A,N/A,N/A,N/A,N/A,N/A,N/A,N/A,N/A,N/A,N/A,N/A,N/A,N/A,N/A,N/A,> 0.15,O,E,O,0.6,N/A,N/A,N/A,N/A,N/A,3.80E-07,N/A,N/A,N/A,N/A,A,9.00E+05,N/A,N/A,N/A,N/A,N/A,N/A
,N/A,H2O,,,0,,N/A,NO,YES,Cylindrical?,N/A,N/A,N/A,N/A,N/A,-10,-9.9,-10.1,,A,5.80E+06,N/A,N/A,,N/A,N/A,N/A,N/A,N/A,N/A,N/A,N/A,N/A,N/A,N/A,N/A,N/A,N/A,N/A,N/A,N/A,N/A,N/A,N/A,N/A,N/A,N/A,N/A,N/A,> 0.15,O,E,O,0.3,N/A,N/A,N/A,N/A,N/A,2.90E-08,N/A,N/A,N/A,N/A,A,1.60E+06,N/A,N/A,N/A,N/A,N/A,N/A
,N/A,H2O,,,0,,N/A,NO,YES,Cylindrical?,N/A,N/A,N/A,N/A,N/A,-10,-9.9,-10.1,,A,5.80E+06,N/A,N/A,,N/A,N/A,N/A,N/A,N/A,N/A,N/A,N/A,N/A,N/A,N/A,N/A,N/A,N/A,N/A,N/A,N/A,N/A,N/A,N/A,N/A,N/A,N/A,N/A,N/A,> 0.15,O,E,O,0.4,N/A,N/A,N/A,N/A,N/A,7.20E-08,N/A,N/A,N/A,N/A,A,9.00E+05,N/A,N/A,N/A,N/A,N/A,N/A
,N/A,H2O,,,0,,N/A,NO,YES,Cylindrical?,N/A,N/A,N/A,N/A,N/A,-10,-9.9,-10.1,,A,5.80E+06,N/A,N/A,,N/A,N/A,N/A,N/A,N/A,N/A,N/A,N/A,N/A,N/A,N/A,N/A,N/A,N/A,N/A,N/A,N/A,N/A,N/A,N/A,N/A,N/A,N/A,N/A,N/A,> 0.15,O,E,O,0.6,N/A,N/A,N/A,N/A,N/A,3.50E-08,N/A,N/A,N/A,N/A,A,7.00E+05,N/A,N/A,N/A,N/A,N/A,N/A
,N/A,H2O,,,0,,N/A,NO,YES,Cylindrical?,N/A,N/A,N/A,N/A,N/A,-10,-9.9,-10.1,,A,5.80E+06,N/A,N/A,,N/A,N/A,N/A,N/A,N/A,N/A,N/A,N/A,N/A,N/A,N/A,N/A,N/A,N/A,N/A,N/A,N/A,N/A,N/A,N/A,N/A,N/A,N/A,N/A,N/A,> 0.15,O,E,O,0.8,N/A,N/A,N/A,N/A,N/A,1.10E-08,N/A,N/A,N/A,N/A,A,5.00E+05,N/A,N/A,N/A,N/A,N/A,N/A
,N/A,H2O,,,0,,N/A,NO,YES,Cylindrical?,N/A,N/A,N/A,N/A,N/A,-10,-9.9,-10.1,,A,5.80E+06,N/A,N/A,,N/A,N/A,N/A,N/A,N/A,N/A,N/A,N/A,N/A,N/A,N/A,N/A,N/A,N/A,N/A,N/A,N/A,N/A,N/A,N/A,N/A,N/A,N/A,N/A,N/A,> 0.15,O,E,O,1,N/A,N/A,N/A,N/A,N/A,3.60E-08,N/A,N/A,N/A,N/A,A,3.00E+05,N/A,N/A,N/A,N/A,N/A,N/A
,N/A,H2O,,,0,,N/A,NO,YES,Cylindrical?,N/A,N/A,N/A,N/A,N/A,-5,-4.9,-5.1,,A,1.20E+06,N/A,N/A,,N/A,N/A,N/A,N/A,N/A,N/A,N/A,N/A,N/A,N/A,N/A,N/A,N/A,N/A,N/A,N/A,N/A,N/A,N/A,N/A,N/A,N/A,N/A,N/A,N/A,> 0.15,O,E,O,0.2,N/A,N/A,N/A,N/A,N/A,6.00E-08,N/A,N/A,N/A,N/A,A,2.70E+06,N/A,N/A,N/A,N/A,N/A,N/A
,N/A,H2O,,,0,,N/A,NO,YES,Cylindrical?,N/A,N/A,N/A,N/A,N/A,-5,-4.9,-5.1,,A,1.20E+06,N/A,N/A,,N/A,N/A,N/A,N/A,N/A,N/A,N/A,N/A,N/A,N/A,N/A,N/A,N/A,N/A,N/A,N/A,N/A,N/A,N/A,N/A,N/A,N/A,N/A,N/A,N/A,> 0.15,O,E,O,0.4,N/A,N/A,N/A,N/A,N/A,3.30E-07,N/A,N/A,N/A,N/A,A,1.10E+06,N/A,N/A,N/A,N/A,N/A,N/A
,N/A,H2O,,,0,,N/A,NO,YES,Cylindrical?,N/A,N/A,N/A,N/A,N/A,-5,-4.9,-5.1,,A,1.20E+06,N/A,N/A,,N/A,N/A,N/A,N/A,N/A,N/A,N/A,N/A,N/A,N/A,N/A,N/A,N/A,N/A,N/A,N/A,N/A,N/A,N/A,N/A,N/A,N/A,N/A,N/A,N/A,> 0.15,O,E,O,0.6,N/A,N/A,N/A,N/A,N/A,1.40E-06,N/A,N/A,N/A,N/A,A,7.00E+05,N/A,N/A,N/A,N/A,N/A,N/A
,N/A,H2O,,,0,,N/A,NO,YES,Cylindrical?,N/A,N/A,N/A,N/A,N/A,-5,-4.9,-5.1,,A,1.20E+06,N/A,N/A,,N/A,N/A,N/A,N/A,N/A,N/A,N/A,N/A,N/A,N/A,N/A,N/A,N/A,N/A,N/A,N/A,N/A,N/A,N/A,N/A,N/A,N/A,N/A,N/A,N/A,> 0.15,O,E,O,0.8,N/A,N/A,N/A,N/A,N/A,5.60E-06,N/A,N/A,N/A,N/A,A,6.00E+05,N/A,N/A,N/A,N/A,N/A,N/A
,N/A,H2O,,,0,,N/A,NO,YES,Cylindrical?,N/A,N/A,N/A,N/A,N/A,-5,-4.9,-5.1,,A,1.20E+06,N/A,N/A,,N/A,N/A,N/A,N/A,N/A,N/A,N/A,N/A,N/A,N/A,N/A,N/A,N/A,N/A,N/A,N/A,N/A,N/A,N/A,N/A,N/A,N/A,N/A,N/A,N/A,> 0.15,O,E,O,1,N/A,N/A,N/A,N/A,N/A,1.30E-05,N/A,N/A,N/A,N/A,A,2.00E+05,N/A,N/A,N/A,N/A,N/A,N/A
,N/A,H2O,,,0,,N/A,NO,YES,Cylindrical?,N/A,N/A,N/A,N/A,N/A,-5,-4.9,-5.1,,A,2.00E+06,N/A,N/A,,N/A,N/A,N/A,N/A,N/A,N/A,N/A,N/A,N/A,N/A,N/A,N/A,N/A,N/A,N/A,N/A,N/A,N/A,N/A,N/A,N/A,N/A,N/A,N/A,N/A,> 0.15,O,E,O,0.25,N/A,N/A,N/A,N/A,N/A,6.67E-08,N/A,N/A,N/A,N/A,A,1.70E+06,N/A,N/A,N/A,N/A,N/A,N/A
,N/A,H2O,,,0,,N/A,NO,YES,Cylindrical?,N/A,N/A,N/A,N/A,N/A,-5,-4.9,-5.1,,A,2.00E+06,N/A,N/A,,N/A,N/A,N/A,N/A,N/A,N/A,N/A,N/A,N/A,N/A,N/A,N/A,N/A,N/A,N/A,N/A,N/A,N/A,N/A,N/A,N/A,N/A,N/A,N/A,N/A,> 0.15,O,E,O,0.25,N/A,N/A,N/A,N/A,N/A,6.42E-08,N/A,N/A,N/A,N/A,A,2.30E+06,N/A,N/A,N/A,N/A,N/A,N/A
,N/A,H2O,,,0,,N/A,NO,YES,Cylindrical?,N/A,N/A,N/A,N/A,N/A,-5,-4.9,-5.1,,A,2.00E+06,N/A,N/A,,N/A,N/A,N/A,N/A,N/A,N/A,N/A,N/A,N/A,N/A,N/A,N/A,N/A,N/A,N/A,N/A,N/A,N/A,N/A,N/A,N/A,N/A,N/A,N/A,N/A,> 0.15,O,E,O,0.25,N/A,N/A,N/A,N/A,N/A,6.79E-08,N/A,N/A,N/A,N/A,A,2.00E+06,N/A,N/A,N/A,N/A,N/A,N/A
,N/A,H2O,,,0,,N/A,NO,YES,Cylindrical?,N/A,N/A,N/A,N/A,N/A,-3,-2.9,-3.1,,A,1.20E+06,N/A,N/A,,N/A,N/A,N/A,N/A,N/A,N/A,N/A,N/A,N/A,N/A,N/A,N/A,N/A,N/A,N/A,N/A,N/A,N/A,N/A,N/A,N/A,N/A,N/A,N/A,N/A,> 0.15,O,E,O,0.2,N/A,N/A,N/A,N/A,N/A,1.10E-07,N/A,N/A,N/A,N/A,A,2.00E+06,N/A,N/A,N/A,N/A,N/A,N/A
,N/A,H2O,,,0,,N/A,NO,YES,Cylindrical?,N/A,N/A,N/A,N/A,N/A,-3,-2.9,-3.1,,A,1.20E+06,N/A,N/A,,N/A,N/A,N/A,N/A,N/A,N/A,N/A,N/A,N/A,N/A,N/A,N/A,N/A,N/A,N/A,N/A,N/A,N/A,N/A,N/A,N/A,N/A,N/A,N/A,N/A,> 0.15,O,E,O,0.3,N/A,N/A,N/A,N/A,N/A,2.20E-07,N/A,N/A,N/A,N/A,A,1.80E+06,N/A,N/A,N/A,N/A,N/A,N/A
,N/A,H2O,,,0,,N/A,NO,YES,Cylindrical?,N/A,N/A,N/A,N/A,N/A,-3,-2.9,-3.1,,A,1.20E+06,N/A,N/A,,N/A,N/A,N/A,N/A,N/A,N/A,N/A,N/A,N/A,N/A,N/A,N/A,N/A,N/A,N/A,N/A,N/A,N/A,N/A,N/A,N/A,N/A,N/A,N/A,N/A,> 0.15,O,E,O,0.4,N/A,N/A,N/A,N/A,N/A,6.40E-07,N/A,N/A,N/A,N/A,A,1.50E+06,N/A,N/A,N/A,N/A,N/A,N/A
,N/A,H2O,,,0,,N/A,NO,YES,Cylindrical?,N/A,N/A,N/A,N/A,N/A,-3,-2.9,-3.1,,A,1.20E+06,N/A,N/A,,N/A,N/A,N/A,N/A,N/A,N/A,N/A,N/A,N/A,N/A,N/A,N/A,N/A,N/A,N/A,N/A,N/A,N/A,N/A,N/A,N/A,N/A,N/A,N/A,N/A,> 0.15,O,E,O,0.5,N/A,N/A,N/A,N/A,N/A,1.10E-06,N/A,N/A,N/A,N/A,A,6.00E+05,N/A,N/A,N/A,N/A,N/A,N/A
,N/A,H2O,,,0,,N/A,NO,YES,Cylindrical?,N/A,N/A,N/A,N/A,N/A,-3,-2.9,-3.1,,A,1.20E+06,N/A,N/A,,N/A,N/A,N/A,N/A,N/A,N/A,N/A,N/A,N/A,N/A,N/A,N/A,N/A,N/A,N/A,N/A,N/A,N/A,N/A,N/A,N/A,N/A,N/A,N/A,N/A,> 0.15,O,E,O,0.6,N/A,N/A,N/A,N/A,N/A,2.60E-06,N/A,N/A,N/A,N/A,A,6.00E+05,N/A,N/A,N/A,N/A,N/A,N/A
,N/A,H2O,,,0,,N/A,NO,YES,Cylindrical?,N/A,N/A,N/A,N/A,N/A,-3,-2.9,-3.1,,A,1.20E+06,N/A,N/A,,N/A,N/A,N/A,N/A,N/A,N/A,N/A,N/A,N/A,N/A,N/A,N/A,N/A,N/A,N/A,N/A,N/A,N/A,N/A,N/A,N/A,N/A,N/A,N/A,N/A,> 0.15,O,E,O,0.8,N/A,N/A,N/A,N/A,N/A,8.80E-06,N/A,N/A,N/A,N/A,A,2.00E+05,N/A,N/A,N/A,N/A,N/A,N/A
,N/A,H2O,,,0,,N/A,NO,YES,Cylindrical?,N/A,N/A,N/A,N/A,N/A,-2,-1.9,-2.1,,A,1.00E+06,N/A,N/A,,N/A,N/A,N/A,N/A,N/A,N/A,N/A,N/A,N/A,N/A,N/A,N/A,N/A,N/A,N/A,N/A,N/A,N/A,N/A,N/A,N/A,N/A,N/A,N/A,N/A,> 0.15,O,E,O,0.2,N/A,N/A,N/A,N/A,N/A,8.53E-08,N/A,N/A,N/A,N/A,A,4.00E+06,N/A,N/A,N/A,N/A,N/A,N/A
,N/A,H2O,,,0,,N/A,NO,YES,Cylindrical?,N/A,N/A,N/A,N/A,N/A,-2,-1.9,-2.1,,A,1.00E+06,N/A,N/A,,N/A,N/A,N/A,N/A,N/A,N/A,N/A,N/A,N/A,N/A,N/A,N/A,N/A,N/A,N/A,N/A,N/A,N/A,N/A,N/A,N/A,N/A,N/A,N/A,N/A,> 0.15,O,E,O,0.6,N/A,N/A,N/A,N/A,N/A,1.26E-06,N/A,N/A,N/A,N/A,A,1.00E+05,N/A,N/A,N/A,N/A,N/A,N/A
,N/A,H2O,,,0,,N/A,NO,YES,Cylindrical?,N/A,N/A,N/A,N/A,N/A,-0.1,0,-0.2,,A,1.20E+06,N/A,N/A,,N/A,N/A,N/A,N/A,N/A,N/A,N/A,N/A,N/A,N/A,N/A,N/A,N/A,N/A,N/A,N/A,N/A,N/A,N/A,N/A,N/A,N/A,N/A,N/A,N/A,> 0.15,O,E,O,0.1,N/A,N/A,N/A,N/A,N/A,5.00E-08,N/A,N/A,N/A,N/A,A,1.40E+07,N/A,N/A,N/A,N/A,N/A,N/A
,N/A,H2O,,,0,,N/A,NO,YES,Cylindrical?,N/A,N/A,N/A,N/A,N/A,-0.1,0,-0.2,,A,1.20E+06,N/A,N/A,,N/A,N/A,N/A,N/A,N/A,N/A,N/A,N/A,N/A,N/A,N/A,N/A,N/A,N/A,N/A,N/A,N/A,N/A,N/A,N/A,N/A,N/A,N/A,N/A,N/A,> 0.15,O,E,O,0.2,N/A,N/A,N/A,N/A,N/A,2.10E-07,N/A,N/A,N/A,N/A,A,6.30E+06,N/A,N/A,N/A,N/A,N/A,N/A
,N/A,H2O,,,0,,N/A,NO,YES,Cylindrical?,N/A,N/A,N/A,N/A,N/A,-0.1,0,-0.2,,A,1.20E+06,N/A,N/A,,N/A,N/A,N/A,N/A,N/A,N/A,N/A,N/A,N/A,N/A,N/A,N/A,N/A,N/A,N/A,N/A,N/A,N/A,N/A,N/A,N/A,N/A,N/A,N/A,N/A,> 0.15,O,E,O,0.3,N/A,N/A,N/A,N/A,N/A,1.30E-07,N/A,N/A,N/A,N/A,A,7.30E+06,N/A,N/A,N/A,N/A,N/A,N/A
Goldsby & Kohlstedt (1997),N/A,H2O,Constant load,Uniaxial compression,0,No detailed mechanical data.,N/A,YES,NO,Cylindrical,25.4?,N/A,N/A,N/A,N/A,-37,-36.5,-37.5,T is piston temperature. T variation in sample should be much lower.,D,8,N/A,N/A,N/A,N/A,N/A,N/A,N/A,N/A,N/A,1E-0.6090,A,N/A,A,T,1E-7.4268,N/A,N/A,N/A,N/A,N/A,N/A,N/A,N/A,N/A,N/A,N/A,N/A,N/A,N/A,N/A,N/A,N/A,N/A,N/A,N/A,N/A,N/A,N/A,N/A,N/A,N/A,N/A,N/A,N/A,N/A,N/A,N/A,N/A,N/A,N/A,N/A
,N/A,H2O,,,0,,N/A,YES,NO,Cylindrical,25.4?,N/A,N/A,N/A,N/A,-37,-36.5,-37.5,,D,8,N/A,N/A,N/A,N/A,N/A,N/A,N/A,N/A,N/A,1E-0.5031,A,N/A,A,T,1E-7.1462,N/A,N/A,N/A,N/A,N/A,N/A,N/A,N/A,N/A,N/A,N/A,N/A,N/A,N/A,N/A,N/A,N/A,N/A,N/A,N/A,N/A,N/A,N/A,N/A,N/A,N/A,N/A,N/A,N/A,N/A,N/A,N/A,N/A,N/A,N/A,N/A
,N/A,H2O,,,0,,N/A,YES,NO,Cylindrical,25.4?,N/A,N/A,N/A,N/A,-37,-36.5,-37.5,,D,8,N/A,N/A,N/A,N/A,N/A,N/A,N/A,N/A,N/A,1E-0.2171,A,N/A,A,T,1E-6.5427,N/A,N/A,N/A,N/A,N/A,N/A,N/A,N/A,N/A,N/A,N/A,N/A,N/A,N/A,N/A,N/A,N/A,N/A,N/A,N/A,N/A,N/A,N/A,N/A,N/A,N/A,N/A,N/A,N/A,N/A,N/A,N/A,N/A,N/A,N/A,N/A
,N/A,H2O,,,0,,N/A,YES,NO,Cylindrical,25.4?,N/A,N/A,N/A,N/A,-37,-36.5,-37.5,,D,8,N/A,N/A,N/A,N/A,N/A,N/A,N/A,N/A,N/A,1E0.1823,A,N/A,A,T,1E-5.9264,N/A,N/A,N/A,N/A,N/A,N/A,N/A,N/A,N/A,N/A,N/A,N/A,N/A,N/A,N/A,N/A,N/A,N/A,N/A,N/A,N/A,N/A,N/A,N/A,N/A,N/A,N/A,N/A,N/A,N/A,N/A,N/A,N/A,N/A,N/A,N/A
,N/A,H2O,,,0,,N/A,YES,NO,Cylindrical,25.4?,N/A,N/A,N/A,N/A,-37,-36.5,-37.5,,D,8,N/A,N/A,N/A,N/A,N/A,N/A,N/A,N/A,N/A,1E0.2077,A,N/A,A,T,1E-5.8328,N/A,N/A,N/A,N/A,N/A,N/A,N/A,N/A,N/A,N/A,N/A,N/A,N/A,N/A,N/A,N/A,N/A,N/A,N/A,N/A,N/A,N/A,N/A,N/A,N/A,N/A,N/A,N/A,N/A,N/A,N/A,N/A,N/A,N/A,N/A,N/A
,N/A,H2O,,,0,,N/A,YES,NO,Cylindrical,25.4?,N/A,N/A,N/A,N/A,-37,-36.5,-37.5,,D,8,N/A,N/A,N/A,N/A,N/A,N/A,N/A,N/A,N/A,1E0.3225,A,N/A,A,T,1E-5.6681,N/A,N/A,N/A,N/A,N/A,N/A,N/A,N/A,N/A,N/A,N/A,N/A,N/A,N/A,N/A,N/A,N/A,N/A,N/A,N/A,N/A,N/A,N/A,N/A,N/A,N/A,N/A,N/A,N/A,N/A,N/A,N/A,N/A,N/A,N/A,N/A
,N/A,H2O,,,0,,N/A,YES,NO,Cylindrical,25.4?,N/A,N/A,N/A,N/A,-37,-36.5,-37.5,,D,8,N/A,N/A,N/A,N/A,N/A,N/A,N/A,N/A,N/A,1E0.4122,A,N/A,A,T,1E-5.5464,N/A,N/A,N/A,N/A,N/A,N/A,N/A,N/A,N/A,N/A,N/A,N/A,N/A,N/A,N/A,N/A,N/A,N/A,N/A,N/A,N/A,N/A,N/A,N/A,N/A,N/A,N/A,N/A,N/A,N/A,N/A,N/A,N/A,N/A,N/A,N/A
,N/A,H2O,,,0,,N/A,YES,NO,Cylindrical,25.4?,N/A,N/A,N/A,N/A,-37,-36.5,-37.5,,D,8,N/A,N/A,N/A,N/A,N/A,N/A,N/A,N/A,N/A,1E0.5576,A,N/A,A,T,1E-5.2519,N/A,N/A,N/A,N/A,N/A,N/A,N/A,N/A,N/A,N/A,N/A,N/A,N/A,N/A,N/A,N/A,N/A,N/A,N/A,N/A,N/A,N/A,N/A,N/A,N/A,N/A,N/A,N/A,N/A,N/A,N/A,N/A,N/A,N/A,N/A,N/A
,N/A,H2O,,,0,,N/A,YES,NO,Cylindrical,25.4?,N/A,N/A,N/A,N/A,-37,-36.5,-37.5,,D,8,N/A,N/A,N/A,N/A,N/A,N/A,N/A,N/A,N/A,1E0.5727,A,N/A,A,T,1E-5.2088,N/A,N/A,N/A,N/A,N/A,N/A,N/A,N/A,N/A,N/A,N/A,N/A,N/A,N/A,N/A,N/A,N/A,N/A,N/A,N/A,N/A,N/A,N/A,N/A,N/A,N/A,N/A,N/A,N/A,N/A,N/A,N/A,N/A,N/A,N/A,N/A
,N/A,H2O,,,0,,N/A,YES,NO,Cylindrical,25.4?,N/A,N/A,N/A,N/A,-37,-36.5,-37.5,,D,8,N/A,N/A,N/A,N/A,N/A,N/A,N/A,N/A,N/A,1E0.7629,A,N/A,A,T,1E-4.8643,N/A,N/A,N/A,N/A,N/A,N/A,N/A,N/A,N/A,N/A,N/A,N/A,N/A,N/A,N/A,N/A,N/A,N/A,N/A,N/A,N/A,N/A,N/A,N/A,N/A,N/A,N/A,N/A,N/A,N/A,N/A,N/A,N/A,N/A,N/A,N/A
,N/A,H2O,,,0,,N/A,YES,NO,Cylindrical,25.4?,N/A,N/A,N/A,N/A,-37,-36.5,-37.5,,D,8,N/A,N/A,N/A,N/A,N/A,N/A,N/A,N/A,N/A,1E0.8886,A,N/A,A,T,1E-4.5696,N/A,N/A,N/A,N/A,N/A,N/A,N/A,N/A,N/A,N/A,N/A,N/A,N/A,N/A,N/A,N/A,N/A,N/A,N/A,N/A,N/A,N/A,N/A,N/A,N/A,N/A,N/A,N/A,N/A,N/A,N/A,N/A,N/A,N/A,N/A,N/A
,N/A,H2O,,,0,,N/A,YES,NO,Cylindrical,25.4?,N/A,N/A,N/A,N/A,-37,-36.5,-37.5,,D,26,N/A,N/A,N/A,N/A,N/A,N/A,N/A,N/A,N/A,1E0.0567,A,N/A,A,T,1E-6.6425,N/A,N/A,N/A,N/A,N/A,N/A,N/A,N/A,N/A,N/A,N/A,N/A,N/A,N/A,N/A,N/A,N/A,N/A,N/A,N/A,N/A,N/A,N/A,N/A,N/A,N/A,N/A,N/A,N/A,N/A,N/A,N/A,N/A,N/A,N/A,N/A
,N/A,H2O,,,0,,N/A,YES,NO,Cylindrical,25.4?,N/A,N/A,N/A,N/A,-37,-36.5,-37.5,,D,26,N/A,N/A,N/A,N/A,N/A,N/A,N/A,N/A,N/A,1E0.0865,A,N/A,A,T,1E-6.6068,N/A,N/A,N/A,N/A,N/A,N/A,N/A,N/A,N/A,N/A,N/A,N/A,N/A,N/A,N/A,N/A,N/A,N/A,N/A,N/A,N/A,N/A,N/A,N/A,N/A,N/A,N/A,N/A,N/A,N/A,N/A,N/A,N/A,N/A,N/A,N/A
,N/A,H2O,,,0,,N/A,YES,NO,Cylindrical,25.4?,N/A,N/A,N/A,N/A,-37,-36.5,-37.5,,D,26,N/A,N/A,N/A,N/A,N/A,N/A,N/A,N/A,N/A,1E0.2861,A,N/A,A,T,1E-6.3167,N/A,N/A,N/A,N/A,N/A,N/A,N/A,N/A,N/A,N/A,N/A,N/A,N/A,N/A,N/A,N/A,N/A,N/A,N/A,N/A,N/A,N/A,N/A,N/A,N/A,N/A,N/A,N/A,N/A,N/A,N/A,N/A,N/A,N/A,N/A,N/A
,N/A,H2O,,,0,,N/A,YES,NO,Cylindrical,25.4?,N/A,N/A,N/A,N/A,-37,-36.5,-37.5,,D,26,N/A,N/A,N/A,N/A,N/A,N/A,N/A,N/A,N/A,1E0.3328,A,N/A,A,T,1E-6.0425,N/A,N/A,N/A,N/A,N/A,N/A,N/A,N/A,N/A,N/A,N/A,N/A,N/A,N/A,N/A,N/A,N/A,N/A,N/A,N/A,N/A,N/A,N/A,N/A,N/A,N/A,N/A,N/A,N/A,N/A,N/A,N/A,N/A,N/A,N/A,N/A
,N/A,H2O,,,0,,N/A,YES,NO,Cylindrical,25.4?,N/A,N/A,N/A,N/A,-37,-36.5,-37.5,,D,26,N/A,N/A,N/A,N/A,N/A,N/A,N/A,N/A,N/A,1E0.4168,A,N/A,A,T,1E-6.0425,N/A,N/A,N/A,N/A,N/A,N/A,N/A,N/A,N/A,N/A,N/A,N/A,N/A,N/A,N/A,N/A,N/A,N/A,N/A,N/A,N/A,N/A,N/A,N/A,N/A,N/A,N/A,N/A,N/A,N/A,N/A,N/A,N/A,N/A,N/A,N/A
,N/A,H2O,,,0,,N/A,YES,NO,Cylindrical,25.4?,N/A,N/A,N/A,N/A,-37,-36.5,-37.5,,D,26,N/A,N/A,N/A,N/A,N/A,N/A,N/A,N/A,N/A,1E0.5217,A,N/A,A,T,1E-6.0112,N/A,N/A,N/A,N/A,N/A,N/A,N/A,N/A,N/A,N/A,N/A,N/A,N/A,N/A,N/A,N/A,N/A,N/A,N/A,N/A,N/A,N/A,N/A,N/A,N/A,N/A,N/A,N/A,N/A,N/A,N/A,N/A,N/A,N/A,N/A,N/A
,N/A,H2O,,,0,,N/A,YES,NO,Cylindrical,25.4?,N/A,N/A,N/A,N/A,-37,-36.5,-37.5,,D,26,N/A,N/A,N/A,N/A,N/A,N/A,N/A,N/A,N/A,1E0.6294,A,N/A,A,T,1E-5.8427,N/A,N/A,N/A,N/A,N/A,N/A,N/A,N/A,N/A,N/A,N/A,N/A,N/A,N/A,N/A,N/A,N/A,N/A,N/A,N/A,N/A,N/A,N/A,N/A,N/A,N/A,N/A,N/A,N/A,N/A,N/A,N/A,N/A,N/A,N/A,N/A
,N/A,H2O,,,0,,N/A,YES,NO,Cylindrical,25.4?,N/A,N/A,N/A,N/A,-37,-36.5,-37.5,,D,26,N/A,N/A,N/A,N/A,N/A,N/A,N/A,N/A,N/A,1E0.7149,A,N/A,A,T,1E-5.6382,N/A,N/A,N/A,N/A,N/A,N/A,N/A,N/A,N/A,N/A,N/A,N/A,N/A,N/A,N/A,N/A,N/A,N/A,N/A,N/A,N/A,N/A,N/A,N/A,N/A,N/A,N/A,N/A,N/A,N/A,N/A,N/A,N/A,N/A,N/A,N/A
,N/A,H2O,,,0,,N/A,YES,NO,Cylindrical,25.4?,N/A,N/A,N/A,N/A,-37,-36.5,-37.5,,D,26,N/A,N/A,N/A,N/A,N/A,N/A,N/A,N/A,N/A,1E0.7830,A,N/A,A,T,1E-5.4296,N/A,N/A,N/A,N/A,N/A,N/A,N/A,N/A,N/A,N/A,N/A,N/A,N/A,N/A,N/A,N/A,N/A,N/A,N/A,N/A,N/A,N/A,N/A,N/A,N/A,N/A,N/A,N/A,N/A,N/A,N/A,N/A,N/A,N/A,N/A,N/A
,N/A,H2O,,,0,,N/A,YES,NO,Cylindrical,25.4?,N/A,N/A,N/A,N/A,-37,-36.5,-37.5,,D,26,N/A,N/A,N/A,N/A,N/A,N/A,N/A,N/A,N/A,1E0.8367,A,N/A,A,T,1E-5.0191,N/A,N/A,N/A,N/A,N/A,N/A,N/A,N/A,N/A,N/A,N/A,N/A,N/A,N/A,N/A,N/A,N/A,N/A,N/A,N/A,N/A,N/A,N/A,N/A,N/A,N/A,N/A,N/A,N/A,N/A,N/A,N/A,N/A,N/A,N/A,N/A
,N/A,H2O,,,0,,N/A,YES,NO,Cylindrical,25.4?,N/A,N/A,N/A,N/A,-37,-36.5,-37.5,,D,26,N/A,N/A,N/A,N/A,N/A,N/A,N/A,N/A,N/A,1E0.8670,A,N/A,A,T,1E-4.9291,N/A,N/A,N/A,N/A,N/A,N/A,N/A,N/A,N/A,N/A,N/A,N/A,N/A,N/A,N/A,N/A,N/A,N/A,N/A,N/A,N/A,N/A,N/A,N/A,N/A,N/A,N/A,N/A,N/A,N/A,N/A,N/A,N/A,N/A,N/A,N/A
,N/A,H2O,,,0,,N/A,YES,NO,Cylindrical,25.4?,N/A,N/A,N/A,N/A,-37,-36.5,-37.5,,D,26,N/A,N/A,N/A,N/A,N/A,N/A,N/A,N/A,N/A,1E0.8951,A,N/A,A,T,1E-4.8102,N/A,N/A,N/A,N/A,N/A,N/A,N/A,N/A,N/A,N/A,N/A,N/A,N/A,N/A,N/A,N/A,N/A,N/A,N/A,N/A,N/A,N/A,N/A,N/A,N/A,N/A,N/A,N/A,N/A,N/A,N/A,N/A,N/A,N/A,N/A,N/A
,N/A,H2O,,,0,,N/A,YES,NO,Cylindrical,25.4?,N/A,N/A,N/A,N/A,-37,-36.5,-37.5,,D,26,N/A,N/A,N/A,N/A,N/A,N/A,N/A,N/A,N/A,1E0.9203,A,N/A,A,T,1E-4.7491,N/A,N/A,N/A,N/A,N/A,N/A,N/A,N/A,N/A,N/A,N/A,N/A,N/A,N/A,N/A,N/A,N/A,N/A,N/A,N/A,N/A,N/A,N/A,N/A,N/A,N/A,N/A,N/A,N/A,N/A,N/A,N/A,N/A,N/A,N/A,N/A
,N/A,H2O,,,0,,N/A,YES,NO,Cylindrical,25.4?,N/A,N/A,N/A,N/A,-37,-36.5,-37.5,,D,26,N/A,N/A,N/A,N/A,N/A,N/A,N/A,N/A,N/A,1E0.9314,A,N/A,A,T,1E-4.6009,N/A,N/A,N/A,N/A,N/A,N/A,N/A,N/A,N/A,N/A,N/A,N/A,N/A,N/A,N/A,N/A,N/A,N/A,N/A,N/A,N/A,N/A,N/A,N/A,N/A,N/A,N/A,N/A,N/A,N/A,N/A,N/A,N/A,N/A,N/A,N/A
,N/A,H2O,,,0,,N/A,YES,NO,Cylindrical,25.4?,N/A,N/A,N/A,N/A,-37,-36.5,-37.5,,D,26,N/A,N/A,N/A,N/A,N/A,N/A,N/A,N/A,N/A,1E0.9773,A,N/A,A,T,1E-4.4208,N/A,N/A,N/A,N/A,N/A,N/A,N/A,N/A,N/A,N/A,N/A,N/A,N/A,N/A,N/A,N/A,N/A,N/A,N/A,N/A,N/A,N/A,N/A,N/A,N/A,N/A,N/A,N/A,N/A,N/A,N/A,N/A,N/A,N/A,N/A,N/A
,N/A,H2O,,,0,,N/A,YES,NO,Cylindrical,25.4?,N/A,N/A,N/A,N/A,-37,-36.5,-37.5,,D,26,N/A,N/A,N/A,N/A,N/A,N/A,N/A,N/A,N/A,1E1.0183,A,N/A,A,T,1E-4.2333,N/A,N/A,N/A,N/A,N/A,N/A,N/A,N/A,N/A,N/A,N/A,N/A,N/A,N/A,N/A,N/A,N/A,N/A,N/A,N/A,N/A,N/A,N/A,N/A,N/A,N/A,N/A,N/A,N/A,N/A,N/A,N/A,N/A,N/A,N/A,N/A
,N/A,H2O,,,0,,N/A,YES,NO,Cylindrical,25.4?,N/A,N/A,N/A,N/A,-37,-36.5,-37.5,,D,40,N/A,N/A,N/A,N/A,N/A,N/A,N/A,N/A,N/A,1E-0.2702,A,N/A,A,T,1E-7.4118,N/A,N/A,N/A,N/A,N/A,N/A,N/A,N/A,N/A,N/A,N/A,N/A,N/A,N/A,N/A,N/A,N/A,N/A,N/A,N/A,N/A,N/A,N/A,N/A,N/A,N/A,N/A,N/A,N/A,N/A,N/A,N/A,N/A,N/A,N/A,N/A
,N/A,H2O,,,0,,N/A,YES,NO,Cylindrical,25.4?,N/A,N/A,N/A,N/A,-37,-36.5,-37.5,,D,40,N/A,N/A,N/A,N/A,N/A,N/A,N/A,N/A,N/A,1E-0.2057,A,N/A,A,T,1E-7.3693,N/A,N/A,N/A,N/A,N/A,N/A,N/A,N/A,N/A,N/A,N/A,N/A,N/A,N/A,N/A,N/A,N/A,N/A,N/A,N/A,N/A,N/A,N/A,N/A,N/A,N/A,N/A,N/A,N/A,N/A,N/A,N/A,N/A,N/A,N/A,N/A
,N/A,H2O,,,0,,N/A,YES,NO,Cylindrical,25.4?,N/A,N/A,N/A,N/A,-37,-36.5,-37.5,,D,40,N/A,N/A,N/A,N/A,N/A,N/A,N/A,N/A,N/A,1E0.0145,A,N/A,A,T,1E-6.9602,N/A,N/A,N/A,N/A,N/A,N/A,N/A,N/A,N/A,N/A,N/A,N/A,N/A,N/A,N/A,N/A,N/A,N/A,N/A,N/A,N/A,N/A,N/A,N/A,N/A,N/A,N/A,N/A,N/A,N/A,N/A,N/A,N/A,N/A,N/A,N/A
,N/A,H2O,,,0,,N/A,YES,NO,Cylindrical,25.4?,N/A,N/A,N/A,N/A,-37,-36.5,-37.5,,D,40,N/A,N/A,N/A,N/A,N/A,N/A,N/A,N/A,N/A,1E0.1176,A,N/A,A,T,1E-6.7230,N/A,N/A,N/A,N/A,N/A,N/A,N/A,N/A,N/A,N/A,N/A,N/A,N/A,N/A,N/A,N/A,N/A,N/A,N/A,N/A,N/A,N/A,N/A,N/A,N/A,N/A,N/A,N/A,N/A,N/A,N/A,N/A,N/A,N/A,N/A,N/A
,N/A,H2O,,,0,,N/A,YES,NO,Cylindrical,25.4?,N/A,N/A,N/A,N/A,-37,-36.5,-37.5,,D,40,N/A,N/A,N/A,N/A,N/A,N/A,N/A,N/A,N/A,1E0.2043,A,N/A,A,T,1E-6.6628,N/A,N/A,N/A,N/A,N/A,N/A,N/A,N/A,N/A,N/A,N/A,N/A,N/A,N/A,N/A,N/A,N/A,N/A,N/A,N/A,N/A,N/A,N/A,N/A,N/A,N/A,N/A,N/A,N/A,N/A,N/A,N/A,N/A,N/A,N/A,N/A
,N/A,H2O,,,0,,N/A,YES,NO,Cylindrical,25.4?,N/A,N/A,N/A,N/A,-37,-36.5,-37.5,,D,40,N/A,N/A,N/A,N/A,N/A,N/A,N/A,N/A,N/A,1E0.4226,A,N/A,A,T,1E-6.1921,N/A,N/A,N/A,N/A,N/A,N/A,N/A,N/A,N/A,N/A,N/A,N/A,N/A,N/A,N/A,N/A,N/A,N/A,N/A,N/A,N/A,N/A,N/A,N/A,N/A,N/A,N/A,N/A,N/A,N/A,N/A,N/A,N/A,N/A,N/A,N/A
,N/A,H2O,,,0,,N/A,YES,NO,Cylindrical,25.4?,N/A,N/A,N/A,N/A,-37,-36.5,-37.5,,D,40,N/A,N/A,N/A,N/A,N/A,N/A,N/A,N/A,N/A,1E0.5579,A,N/A,A,T,1E-5.9337,N/A,N/A,N/A,N/A,N/A,N/A,N/A,N/A,N/A,N/A,N/A,N/A,N/A,N/A,N/A,N/A,N/A,N/A,N/A,N/A,N/A,N/A,N/A,N/A,N/A,N/A,N/A,N/A,N/A,N/A,N/A,N/A,N/A,N/A,N/A,N/A
,N/A,H2O,,,0,,N/A,YES,NO,Cylindrical,25.4?,N/A,N/A,N/A,N/A,-37,-36.5,-37.5,,D,40,N/A,N/A,N/A,N/A,N/A,N/A,N/A,N/A,N/A,1E0.6607,A,N/A,A,T,1E-5.7146,N/A,N/A,N/A,N/A,N/A,N/A,N/A,N/A,N/A,N/A,N/A,N/A,N/A,N/A,N/A,N/A,N/A,N/A,N/A,N/A,N/A,N/A,N/A,N/A,N/A,N/A,N/A,N/A,N/A,N/A,N/A,N/A,N/A,N/A,N/A,N/A
,N/A,H2O,,,0,,N/A,YES,NO,Cylindrical,25.4?,N/A,N/A,N/A,N/A,-37,-36.5,-37.5,,D,40,N/A,N/A,N/A,N/A,N/A,N/A,N/A,N/A,N/A,1E0.7412,A,N/A,A,T,1E-5.5240,N/A,N/A,N/A,N/A,N/A,N/A,N/A,N/A,N/A,N/A,N/A,N/A,N/A,N/A,N/A,N/A,N/A,N/A,N/A,N/A,N/A,N/A,N/A,N/A,N/A,N/A,N/A,N/A,N/A,N/A,N/A,N/A,N/A,N/A,N/A,N/A
,N/A,H2O,,,0,,N/A,YES,NO,Cylindrical,25.4?,N/A,N/A,N/A,N/A,-37,-36.5,-37.5,,D,40,N/A,N/A,N/A,N/A,N/A,N/A,N/A,N/A,N/A,1E0.8147,A,N/A,A,T,1E-5.2864,N/A,N/A,N/A,N/A,N/A,N/A,N/A,N/A,N/A,N/A,N/A,N/A,N/A,N/A,N/A,N/A,N/A,N/A,N/A,N/A,N/A,N/A,N/A,N/A,N/A,N/A,N/A,N/A,N/A,N/A,N/A,N/A,N/A,N/A,N/A,N/A
,N/A,H2O,,,0,,N/A,YES,NO,Cylindrical,25.4?,N/A,N/A,N/A,N/A,-37,-36.5,-37.5,,D,89,N/A,N/A,N/A,N/A,N/A,N/A,N/A,N/A,N/A,1E0.1692,A,N/A,A,T,1E-7.2988,N/A,N/A,N/A,N/A,N/A,N/A,N/A,N/A,N/A,N/A,N/A,N/A,N/A,N/A,N/A,N/A,N/A,N/A,N/A,N/A,N/A,N/A,N/A,N/A,N/A,N/A,N/A,N/A,N/A,N/A,N/A,N/A,N/A,N/A,N/A,N/A
,N/A,H2O,,,0,,N/A,YES,NO,Cylindrical,25.4?,N/A,N/A,N/A,N/A,-37,-36.5,-37.5,,D,89,N/A,N/A,N/A,N/A,N/A,N/A,N/A,N/A,N/A,1E0.1875,A,N/A,A,T,1E-7.1797,N/A,N/A,N/A,N/A,N/A,N/A,N/A,N/A,N/A,N/A,N/A,N/A,N/A,N/A,N/A,N/A,N/A,N/A,N/A,N/A,N/A,N/A,N/A,N/A,N/A,N/A,N/A,N/A,N/A,N/A,N/A,N/A,N/A,N/A,N/A,N/A
,N/A,H2O,,,0,,N/A,YES,NO,Cylindrical,25.4?,N/A,N/A,N/A,N/A,-37,-36.5,-37.5,,D,89,N/A,N/A,N/A,N/A,N/A,N/A,N/A,N/A,N/A,1E0.3300,A,N/A,A,T,1E-6.9394,N/A,N/A,N/A,N/A,N/A,N/A,N/A,N/A,N/A,N/A,N/A,N/A,N/A,N/A,N/A,N/A,N/A,N/A,N/A,N/A,N/A,N/A,N/A,N/A,N/A,N/A,N/A,N/A,N/A,N/A,N/A,N/A,N/A,N/A,N/A,N/A
,N/A,H2O,,,0,,N/A,YES,NO,Cylindrical,25.4?,N/A,N/A,N/A,N/A,-37,-36.5,-37.5,,D,89,N/A,N/A,N/A,N/A,N/A,N/A,N/A,N/A,N/A,1E0.3803,A,N/A,A,T,1E-6.8208,N/A,N/A,N/A,N/A,N/A,N/A,N/A,N/A,N/A,N/A,N/A,N/A,N/A,N/A,N/A,N/A,N/A,N/A,N/A,N/A,N/A,N/A,N/A,N/A,N/A,N/A,N/A,N/A,N/A,N/A,N/A,N/A,N/A,N/A,N/A,N/A
,N/A,H2O,,,0,,N/A,YES,NO,Cylindrical,25.4?,N/A,N/A,N/A,N/A,-37,-36.5,-37.5,,D,89,N/A,N/A,N/A,N/A,N/A,N/A,N/A,N/A,N/A,1E0.5121,A,N/A,A,T,1E-6.3815,N/A,N/A,N/A,N/A,N/A,N/A,N/A,N/A,N/A,N/A,N/A,N/A,N/A,N/A,N/A,N/A,N/A,N/A,N/A,N/A,N/A,N/A,N/A,N/A,N/A,N/A,N/A,N/A,N/A,N/A,N/A,N/A,N/A,N/A,N/A,N/A
,N/A,H2O,,,0,,N/A,YES,NO,Cylindrical,25.4?,N/A,N/A,N/A,N/A,-37,-36.5,-37.5,,D,89,N/A,N/A,N/A,N/A,N/A,N/A,N/A,N/A,N/A,1E0.6162,A,N/A,A,T,1E-6.0213,N/A,N/A,N/A,N/A,N/A,N/A,N/A,N/A,N/A,N/A,N/A,N/A,N/A,N/A,N/A,N/A,N/A,N/A,N/A,N/A,N/A,N/A,N/A,N/A,N/A,N/A,N/A,N/A,N/A,N/A,N/A,N/A,N/A,N/A,N/A,N/A
,N/A,H2O,,,0,,N/A,YES,NO,Cylindrical,25.4?,N/A,N/A,N/A,N/A,-80,-79.5,-80.5,,D,4,3,5,N/A,N/A,N/A,N/A,N/A,N/A,N/A,1E0.6995,A,N/A,A,T,1E-7.2038,N/A,N/A,N/A,N/A,N/A,N/A,N/A,N/A,N/A,N/A,N/A,N/A,N/A,N/A,N/A,N/A,N/A,N/A,N/A,N/A,N/A,N/A,N/A,N/A,N/A,N/A,N/A,N/A,N/A,N/A,N/A,N/A,N/A,N/A,N/A,N/A
,N/A,H2O,,,0,,N/A,YES,NO,Cylindrical,25.4?,N/A,N/A,N/A,N/A,-80,-79.5,-80.5,,D,4,3,5,N/A,N/A,N/A,N/A,N/A,N/A,N/A,1E0.7706,A,N/A,A,T,1E-7.2045,N/A,N/A,N/A,N/A,N/A,N/A,N/A,N/A,N/A,N/A,N/A,N/A,N/A,N/A,N/A,N/A,N/A,N/A,N/A,N/A,N/A,N/A,N/A,N/A,N/A,N/A,N/A,N/A,N/A,N/A,N/A,N/A,N/A,N/A,N/A,N/A
,N/A,H2O,,,0,,N/A,YES,NO,Cylindrical,25.4?,N/A,N/A,N/A,N/A,-80,-79.5,-80.5,,D,4,3,5,N/A,N/A,N/A,N/A,N/A,N/A,N/A,1E0.8584,A,N/A,A,T,1E-6.8945,N/A,N/A,N/A,N/A,N/A,N/A,N/A,N/A,N/A,N/A,N/A,N/A,N/A,N/A,N/A,N/A,N/A,N/A,N/A,N/A,N/A,N/A,N/A,N/A,N/A,N/A,N/A,N/A,N/A,N/A,N/A,N/A,N/A,N/A,N/A,N/A
,N/A,H2O,,,0,,N/A,YES,NO,Cylindrical,25.4?,N/A,N/A,N/A,N/A,-80,-79.5,-80.5,,D,4,3,5,N/A,N/A,N/A,N/A,N/A,N/A,N/A,1E0.9497,A,N/A,A,T,1E-6.7276,N/A,N/A,N/A,N/A,N/A,N/A,N/A,N/A,N/A,N/A,N/A,N/A,N/A,N/A,N/A,N/A,N/A,N/A,N/A,N/A,N/A,N/A,N/A,N/A,N/A,N/A,N/A,N/A,N/A,N/A,N/A,N/A,N/A,N/A,N/A,N/A
,N/A,H2O,,,0,,N/A,YES,NO,Cylindrical,25.4?,N/A,N/A,N/A,N/A,-80,-79.5,-80.5,,D,4,3,5,N/A,N/A,N/A,N/A,N/A,N/A,N/A,1E1.0152,A,N/A,A,T,1E-6.5457,N/A,N/A,N/A,N/A,N/A,N/A,N/A,N/A,N/A,N/A,N/A,N/A,N/A,N/A,N/A,N/A,N/A,N/A,N/A,N/A,N/A,N/A,N/A,N/A,N/A,N/A,N/A,N/A,N/A,N/A,N/A,N/A,N/A,N/A,N/A,N/A
,N/A,H2O,,,0,,N/A,YES,NO,Cylindrical,25.4?,N/A,N/A,N/A,N/A,-80,-79.5,-80.5,,D,4,3,5,N/A,N/A,N/A,N/A,N/A,N/A,N/A,1E1.0873,A,N/A,A,T,1E-6.4083,N/A,N/A,N/A,N/A,N/A,N/A,N/A,N/A,N/A,N/A,N/A,N/A,N/A,N/A,N/A,N/A,N/A,N/A,N/A,N/A,N/A,N/A,N/A,N/A,N/A,N/A,N/A,N/A,N/A,N/A,N/A,N/A,N/A,N/A,N/A,N/A
,N/A,H2O,,,0,,N/A,YES,NO,Cylindrical,25.4?,N/A,N/A,N/A,N/A,-80,-79.5,-80.5,,D,4,3,5,N/A,N/A,N/A,N/A,N/A,N/A,N/A,1E1.1649,A,N/A,A,T,1E-6.1919,N/A,N/A,N/A,N/A,N/A,N/A,N/A,N/A,N/A,N/A,N/A,N/A,N/A,N/A,N/A,N/A,N/A,N/A,N/A,N/A,N/A,N/A,N/A,N/A,N/A,N/A,N/A,N/A,N/A,N/A,N/A,N/A,N/A,N/A,N/A,N/A
,N/A,H2O,,,0,,N/A,YES,NO,Cylindrical,25.4?,N/A,N/A,N/A,N/A,-80,-79.5,-80.5,,D,4,3,5,N/A,N/A,N/A,N/A,N/A,N/A,N/A,1E1.1981,A,N/A,A,T,1E-6.1849,N/A,N/A,N/A,N/A,N/A,N/A,N/A,N/A,N/A,N/A,N/A,N/A,N/A,N/A,N/A,N/A,N/A,N/A,N/A,N/A,N/A,N/A,N/A,N/A,N/A,N/A,N/A,N/A,N/A,N/A,N/A,N/A,N/A,N/A,N/A,N/A
,N/A,H2O,,,0,,N/A,YES,NO,Cylindrical,25.4?,N/A,N/A,N/A,N/A,-80,-79.5,-80.5,,D,4,3,5,N/A,N/A,N/A,N/A,N/A,N/A,N/A,1E1.2296,A,N/A,A,T,1E-6.1013,N/A,N/A,N/A,N/A,N/A,N/A,N/A,N/A,N/A,N/A,N/A,N/A,N/A,N/A,N/A,N/A,N/A,N/A,N/A,N/A,N/A,N/A,N/A,N/A,N/A,N/A,N/A,N/A,N/A,N/A,N/A,N/A,N/A,N/A,N/A,N/A
,N/A,H2O,,,0,,N/A,YES,NO,Cylindrical,25.4?,N/A,N/A,N/A,N/A,-80,-79.5,-80.5,,D,4,3,5,N/A,N/A,N/A,N/A,N/A,N/A,N/A,1E1.2637,A,N/A,A,T,1E-5.9758,N/A,N/A,N/A,N/A,N/A,N/A,N/A,N/A,N/A,N/A,N/A,N/A,N/A,N/A,N/A,N/A,N/A,N/A,N/A,N/A,N/A,N/A,N/A,N/A,N/A,N/A,N/A,N/A,N/A,N/A,N/A,N/A,N/A,N/A,N/A,N/A
,N/A,H2O,,,0,,N/A,YES,NO,Cylindrical,25.4?,N/A,N/A,N/A,N/A,-65,-64.5,-65.5,,D,4,3,5,N/A,N/A,N/A,N/A,N/A,N/A,N/A,1E0.1983,A,N/A,A,T,1E-7.0656,N/A,N/A,N/A,N/A,N/A,N/A,N/A,N/A,N/A,N/A,N/A,N/A,N/A,N/A,N/A,N/A,N/A,N/A,N/A,N/A,N/A,N/A,N/A,N/A,N/A,N/A,N/A,N/A,N/A,N/A,N/A,N/A,N/A,N/A,N/A,N/A
,N/A,H2O,,,0,,N/A,YES,NO,Cylindrical,25.4?,N/A,N/A,N/A,N/A,-65,-64.5,-65.5,,D,4,3,5,N/A,N/A,N/A,N/A,N/A,N/A,N/A,1E0.4181,A,N/A,A,T,1E-6.5349,N/A,N/A,N/A,N/A,N/A,N/A,N/A,N/A,N/A,N/A,N/A,N/A,N/A,N/A,N/A,N/A,N/A,N/A,N/A,N/A,N/A,N/A,N/A,N/A,N/A,N/A,N/A,N/A,N/A,N/A,N/A,N/A,N/A,N/A,N/A,N/A
,N/A,H2O,,,0,,N/A,YES,NO,Cylindrical,25.4?,N/A,N/A,N/A,N/A,-65,-64.5,-65.5,,D,4,3,5,N/A,N/A,N/A,N/A,N/A,N/A,N/A,1E0.5472,A,N/A,A,T,1E-6.0847,N/A,N/A,N/A,N/A,N/A,N/A,N/A,N/A,N/A,N/A,N/A,N/A,N/A,N/A,N/A,N/A,N/A,N/A,N/A,N/A,N/A,N/A,N/A,N/A,N/A,N/A,N/A,N/A,N/A,N/A,N/A,N/A,N/A,N/A,N/A,N/A
,N/A,H2O,,,0,,N/A,YES,NO,Cylindrical,25.4?,N/A,N/A,N/A,N/A,-65,-64.5,-65.5,,D,4,3,5,N/A,N/A,N/A,N/A,N/A,N/A,N/A,1E0.5949,A,N/A,A,T,1E-6.0556,N/A,N/A,N/A,N/A,N/A,N/A,N/A,N/A,N/A,N/A,N/A,N/A,N/A,N/A,N/A,N/A,N/A,N/A,N/A,N/A,N/A,N/A,N/A,N/A,N/A,N/A,N/A,N/A,N/A,N/A,N/A,N/A,N/A,N/A,N/A,N/A
,N/A,H2O,,,0,,N/A,YES,NO,Cylindrical,25.4?,N/A,N/A,N/A,N/A,-65,-64.5,-65.5,,D,4,3,5,N/A,N/A,N/A,N/A,N/A,N/A,N/A,1E0.7302,A,N/A,A,T,1E-5.7189,N/A,N/A,N/A,N/A,N/A,N/A,N/A,N/A,N/A,N/A,N/A,N/A,N/A,N/A,N/A,N/A,N/A,N/A,N/A,N/A,N/A,N/A,N/A,N/A,N/A,N/A,N/A,N/A,N/A,N/A,N/A,N/A,N/A,N/A,N/A,N/A
,N/A,H2O,,,0,,N/A,YES,NO,Cylindrical,25.4?,N/A,N/A,N/A,N/A,-65,-64.5,-65.5,,D,4,3,5,N/A,N/A,N/A,N/A,N/A,N/A,N/A,1E0.7736,A,N/A,A,T,1E-5.6305,N/A,N/A,N/A,N/A,N/A,N/A,N/A,N/A,N/A,N/A,N/A,N/A,N/A,N/A,N/A,N/A,N/A,N/A,N/A,N/A,N/A,N/A,N/A,N/A,N/A,N/A,N/A,N/A,N/A,N/A,N/A,N/A,N/A,N/A,N/A,N/A
,N/A,H2O,,,0,,N/A,YES,NO,Cylindrical,25.4?,N/A,N/A,N/A,N/A,-65,-64.5,-65.5,,D,4,3,5,N/A,N/A,N/A,N/A,N/A,N/A,N/A,1E0.8592,A,N/A,A,T,1E-5.5845,N/A,N/A,N/A,N/A,N/A,N/A,N/A,N/A,N/A,N/A,N/A,N/A,N/A,N/A,N/A,N/A,N/A,N/A,N/A,N/A,N/A,N/A,N/A,N/A,N/A,N/A,N/A,N/A,N/A,N/A,N/A,N/A,N/A,N/A,N/A,N/A
,N/A,H2O,,,0,,N/A,YES,NO,Cylindrical,25.4?,N/A,N/A,N/A,N/A,-65,-64.5,-65.5,,D,4,3,5,N/A,N/A,N/A,N/A,N/A,N/A,N/A,1E0.8965,A,N/A,A,T,1E-5.3677,N/A,N/A,N/A,N/A,N/A,N/A,N/A,N/A,N/A,N/A,N/A,N/A,N/A,N/A,N/A,N/A,N/A,N/A,N/A,N/A,N/A,N/A,N/A,N/A,N/A,N/A,N/A,N/A,N/A,N/A,N/A,N/A,N/A,N/A,N/A,N/A
Jacka & Li (2000),N/A,H2O,Constant stress,Uniaxial compression ,0,"Normalised Creep curve, i.e., strain rate normalised relative to the strain rate at 1% octahedral shear strain (Figs. 7-11). Measured minimum octahedral shear strain rates are provided in the Table 3. ",N/A,YES,YES, Cylindrical,25.4,60,N/A,N/A,N/A,-5,-4.9,-5.1,"Short time (10s) of 0.01K. Long time <0.1K. (Morgan, 1979; Jacka, 1984b)",D,1700,1500,1900,Initial grain size reported in Jacka & Lile (1984),N/A, CPO: Rigsby stage?,N/A,0.01,O,E,0.2,O,Stress maintained constant by adding load over time.,O,E,1.10E-08,N/A,N/A,N/A,N/A,N/A,N/A,N/A,N/A,N/A,N/A,N/A,N/A,N/A,0.1,O,E,O,0.2,N/A,N/A,Stress maintained constant by adding load over time.,O,E,3.40E-08,N/A,N/A,N/A,CPO: Rigsby stage?,N/A,N/A,N/A,N/A,N/A,N/A,0.4015,c-axes digitised from published stereonets.
,N/A,H2O,,,0,,N/A,YES,YES, Cylindrical,25.4,60,N/A,N/A,N/A,-10,-9.9,-10.1,,D,1700,1500,1900,,N/A,,N/A,0.01,O,E,0.2,O,,O,E,4.10E-09,N/A,N/A,N/A,N/A,N/A,N/A,N/A,N/A,N/A,N/A,N/A,N/A,N/A,0.1,O,E,O,0.2,N/A,N/A,,O,E,6.60E-09,N/A,N/A,N/A,,N/A,N/A,N/A,N/A,N/A,N/A,0.3889,
,N/A,H2O,,,0,,N/A,YES,NO, Cylindrical,25.4,60,N/A,N/A,N/A,-15,-14.9,-15.1,,D,1700,1500,1900,,N/A,,N/A,0.03,O,E,0.1,O,,O,E,7.00E-10,N/A,N/A,Imposed at 1% strain.,N/A,N/A,N/A,N/A,N/A,N/A,N/A,N/A,N/A,N/A,N/A,O,E,O,0.1,N/A,N/A,,O,E,N/A,N/A,N/A,N/A,,N/A,N/A,N/A,N/A,N/A,N/A,N/A,
,N/A,H2O,,,0,,N/A,YES,YES, Cylindrical,25.4,60,N/A,N/A,N/A,-15,-14.9,-15.1,,D,1700,1500,1900,,N/A,,N/A,0.01,O,E,0.2,O,,O,E,3.00E-09,N/A,N/A,N/A,N/A,N/A,N/A,N/A,N/A,N/A,N/A,N/A,N/A,N/A,0.11,O,E,O,0.2,N/A,N/A,,O,E,3.30E-09,N/A,N/A,N/A,,N/A,N/A,N/A,N/A,N/A,N/A,0.2887,
,N/A,H2O,,,0,,N/A,YES,YES, Cylindrical,25.4,60,N/A,N/A,N/A,-15,-14.9,-15.1,,D,1700,1500,1900,,N/A,,N/A,0.01,O,E,0.3,O,,O,E,7.20E-09,N/A,N/A,N/A,N/A,N/A,N/A,N/A,N/A,N/A,N/A,N/A,N/A,N/A,0.1,O,E,O,0.3,N/A,N/A,,O,E,1.40E-08,N/A,N/A,N/A,,N/A,N/A,N/A,N/A,N/A,N/A,0.3376,
,N/A,H2O,,,0,,N/A,YES,YES, Cylindrical,25.4,60,N/A,N/A,N/A,-15,-14.9,-15.1,,D,1700,1500,1900,,N/A,,N/A,0.01,O,E,0.4,O,,O,E,1.40E-08,N/A,N/A,N/A,N/A,N/A,N/A,N/A,N/A,N/A,N/A,N/A,N/A,N/A,0.11,O,E,O,0.4,N/A,N/A,,O,E,3.60E-08,N/A,N/A,N/A,,N/A,N/A,N/A,N/A,N/A,N/A,0.3733,
,N/A,H2O,,,0,,N/A,YES,YES, Cylindrical,25.4,60,N/A,N/A,N/A,-15,-14.9,-15.1,,D,1700,1500,1900,,N/A,,N/A,0.01,O,E,0.5,O,,O,E,3.40E-08,N/A,N/A,N/A,N/A,N/A,N/A,N/A,N/A,N/A,N/A,N/A,N/A,N/A,0.11,O,E,O,0.5,N/A,N/A,,O,E,7.50E-08,N/A,N/A,N/A,,N/A,N/A,N/A,N/A,N/A,N/A,0.3666,
,N/A,H2O,,,0,,N/A,YES,NO, Cylindrical,25.4,60,N/A,N/A,N/A,-19,-18.9,-19.1,,D,1700,1500,1900,,N/A,,N/A,0.03,O,E,0.1,O,,O,E,4.90E-10,N/A,N/A,Imposed at 1% strain.,N/A,N/A,N/A,N/A,N/A,N/A,N/A,N/A,N/A,N/A,N/A,O,E,O,0.2,N/A,N/A,,O,E,N/A,N/A,N/A,N/A,,N/A,N/A,N/A,N/A,N/A,N/A,N/A,
,N/A,H2O,,,0,,N/A,YES,YES, Cylindrical,25.4,60,N/A,N/A,N/A,-19,-18.9,-19.1,,D,1700,1500,1900,,N/A,,N/A,0.01,O,E,0.2,O,,O,E,1.10E-09,N/A,N/A,N/A,N/A,N/A,N/A,N/A,N/A,N/A,N/A,N/A,N/A,N/A,0.07,O,E,O,0.2,N/A,N/A,,O,E,1.30E-09,N/A,N/A,N/A,,N/A,N/A,N/A,N/A,N/A,N/A,0.2276,
,N/A,H2O,,,0,,N/A,YES,YES, Cylindrical,25.4,60,N/A,N/A,N/A,-19,-18.9,-19.1,,D,1700,1500,1900,,N/A,,N/A,0.01,O,E,0.3,O,,O,E,4.00E-09,N/A,N/A,N/A,N/A,N/A,N/A,N/A,N/A,N/A,N/A,N/A,N/A,N/A,0.103,O,E,O,0.3,N/A,N/A,,O,E,6.80E-09,N/A,N/A,N/A,,N/A,N/A,N/A,N/A,N/A,N/A,0.3277,
,N/A,H2O,,,0,,N/A,YES,YES, Cylindrical,25.4,60,N/A,N/A,N/A,-19,-18.9,-19.1,,D,1700,1500,1900,,N/A,,N/A,0.01,O,E,0.4,O,,O,E,8.90E-09,N/A,N/A,N/A,N/A,N/A,N/A,N/A,N/A,N/A,N/A,N/A,N/A,N/A,0.1,O,E,O,0.4,N/A,N/A,,O,E,1.80E-08,N/A,N/A,N/A,,N/A,N/A,N/A,N/A,N/A,N/A,0.3446,
,N/A,H2O,,,0,,N/A,YES,YES, Cylindrical,25.4,60,N/A,N/A,N/A,-19,-18.9,-19.1,,D,1700,1500,1900,,N/A,,N/A,0.01,O,E,0.8,O,,O,E,7.80E-08,N/A,N/A,N/A,N/A,N/A,N/A,N/A,N/A,N/A,N/A,N/A,N/A,N/A,0.105,O,E,O,0.5,N/A,N/A,,O,E,2.10E-07,N/A,N/A,N/A,,N/A,N/A,N/A,N/A,N/A,N/A,0.338,
,N/A,H2O,,,0,,N/A,YES,NO, Cylindrical,25.4,60,N/A,N/A,N/A,-21,-20.9,-21.1,,D,1700,1500,1900,,N/A,,N/A,0.03,O,E,0.2,O,,O,E,7.20E-10,N/A,N/A,Imposed at 1% strain.,N/A,N/A,N/A,N/A,N/A,N/A,N/A,N/A,N/A,N/A,N/A,O,E,O,0.2,N/A,N/A,,O,E,N/A,N/A,N/A,N/A,,N/A,N/A,N/A,N/A,N/A,N/A,N/A,
,N/A,H2O,,,0,,N/A,YES,YES, Cylindrical,25.4,60,N/A,N/A,N/A,-21,-20.9,-21.1,,D,1700,1500,1900,,N/A,,N/A,0.01,O,E,0.55,O,,O,E,1.10E-08,N/A,N/A,N/A,N/A,N/A,N/A,N/A,N/A,N/A,N/A,N/A,N/A,N/A,0.103,O,E,O,0.55,N/A,N/A,,O,E,2.30E-08,N/A,N/A,N/A,,N/A,N/A,N/A,N/A,N/A,N/A,0.2744,
,N/A,H2O,,,0,,N/A,YES,NO, Cylindrical,25.4,60,N/A,N/A,N/A,-45,-44.9,-45.1,,D,1700,1500,1900,,N/A,,N/A,0.01,O,E,0.55,O,,O,E,4.20E-10,N/A,N/A,N/A,N/A,N/A,N/A,N/A,N/A,N/A,N/A,N/A,N/A,N/A,0.1,O,E,O,0.55,N/A,N/A,,O,E,N/A,N/A,N/A,N/A,,N/A,N/A,N/A,N/A,N/A,N/A,N/A,
Piazolo et al. (2013),MD6,D2O,Constant displacement rate,Uniaxial compression ,0,Full creep curves (Fig. 1). Summary data in a table (Table 1).,N/A,YES,YES,Cylindrical,25,32 to 40,N/A,N/A,N/A,-7,N/A,N/A,N/A,D,495,475,515,N/A,Normal distribution,N/A,N/A,0.0176,A,E,1.22,A,N/A,A,E,6.00E-07,N/A,N/A,Stress digitised from published creep curve.,Neutron diffraction,D,386,N/A,366,406,N/A,N/A,N/A,N/A,0.1,A,E,A,0.99,N/A,N/A,N/A,A,E,6.00E-07,N/A,N/A,N/A,Neutron diffraction,D,369,N/A,349,389,N/A,N/A,N/A
,MD10,D2O,,,0,,N/A,NO,NO,Cylindrical,25,32 to 40,N/A,N/A,N/A,-7,N/A,N/A,N/A,D,495,475,515,N/A,,N/A,N/A,0.0188,A,E,2.07,A,N/A,A,E,2.50E-06,N/A,N/A,,,D,396,N/A,376,416,N/A,N/A,N/A,N/A,0.1,A,E,A,1.43,N/A,N/A,N/A,A,E,2.50E-06,N/A,N/A,N/A,Neutron diffraction,D,310,N/A,290,330,N/A,N/A,N/A
,MD4,D2O,,,0,,N/A,NO,NO,Cylindrical,25,32 to 40,N/A,N/A,N/A,-7,N/A,N/A,N/A,D,495,475,515,N/A,,N/A,N/A,0.0248,A,E,3.11,A,N/A,A,E,1.00E-05,N/A,N/A,,,D,385,N/A,365,405,N/A,N/A,N/A,N/A,0.2,A,E,A,1.9,N/A,N/A,N/A,A,E,1.00E-05,N/A,N/A,N/A,Neutron diffraction,D,275,N/A,255,295,N/A,N/A,N/A
Montagnat et al (2015),N/A,H2O,Constant load,Uniaxial compression ,0,Full creep curves. No summary data.,N/A,YES,NO,Cylindrical,40,80,N/A,N/A,N/A,-5,-4.9,-5.1,Page 3,A,8.67E+05,3.02E+05,2.12E+06,FA,Grain size is the number weighted mean area,Fabric analyzer and EBSD. But grain size is determined from FA data.,FA: 20 µm step size. EBSD: 50 µm step size,0.01,A,E,0.7,A,N/A,A,E,7.58E-08,N/A,N/A,Strain rate digitised from published creep curve.,FA,A,N/A,8.85E+05,2.45E+05,2.21E+06,N/A,N/A,N/A,N/A,N/A,N/A,N/A,N/A,N/A,N/A,N/A,N/A,N/A,N/A,N/A,N/A,N/A,N/A,N/A,N/A,N/A,N/A,N/A,N/A,N/A,N/A,N/A
,N/A,H2O,,,0,,N/A,YES,NO,Cylindrical,40,80,N/A,N/A,N/A,-5,-4.9,-5.1,,A,8.67E+05,3.02E+05,2.12E+06,FA,,,,0.01,A,E,0.8,A,N/A,A,E,9.75E-08,N/A,N/A,,N/A,N/A,N/A,N/A,N/A,N/A,N/A,N/A,N/A,N/A,N/A,N/A,N/A,N/A,N/A,N/A,N/A,N/A,N/A,N/A,N/A,N/A,N/A,N/A,N/A,N/A,N/A,N/A,N/A,N/A,N/A,N/A,N/A
,N/A,H2O,,,0,,N/A,YES,YES,Cylindrical,40,80,N/A,N/A,N/A,-5,-4.9,-5.1,,A,8.67E+05,3.02E+05,2.12E+06,FA,,,,0.0112,A,E,0.75,A,N/A,A,E,9.37E-08,N/A,N/A,,N/A,N/A,N/A,N/A,N/A,N/A,N/A,N/A,N/A,N/A,0.1048,A,E,A,0.75,N/A,N/A,N/A,A,E,3.95E-07,N/A,N/A,N/A,FA,A,N/A,268817,94666,839552,N/A,N/A,N/A
,N/A,H2O,,,0,,N/A,YES,YES,Cylindrical,40,80,N/A,N/A,N/A,-5,-4.9,-5.1,,A,8.67E+05,3.02E+05,2.12E+06,FA,,,,0.0093,A,E,0.7,A,N/A,A,E,8.14E-08,N/A,N/A,,N/A,N/A,N/A,N/A,N/A,N/A,N/A,N/A,N/A,N/A,0.1002,A,E,A,0.7,N/A,N/A,N/A,A,E,4.61E-07,N/A,N/A,N/A,FA,A,N/A,344086,119215,1108209,N/A,N/A,N/A
,N/A,H2O,,,0,,N/A,YES,YES,Cylindrical,40,80,N/A,N/A,N/A,-5,-4.9,-5.1,,A,8.67E+05,3.02E+05,2.12E+06,FA,,,,0.0075,A,E,0.8,A,N/A,A,E,1.61E-07,N/A,N/A,,N/A,N/A,N/A,N/A,N/A,N/A,N/A,N/A,N/A,N/A,0.1028,A,E,A,0.8,N/A,N/A,N/A,A,E,5.81E-07,N/A,N/A,N/A,FA,A,N/A,293907,101975,1119403,N/A,N/A,N/A
Vaughan et al. (2017),def014,H2O,Constant displacement rate,uniaxial compression ,0,Full creep curves (Fig. 4), Vaughan PhD thesis,YES,NO,Cylindrical,40,96.5,N/A,N/A,N/A,-4.6,-4.1,-5.1,Page 3,D,343,N/A,N/A,EBSD,N/A,EBSD,40 µm,0.01,A,E,1.12,A,Stress corrected for surface area expansion.,A,E,1.00E-06,N/A,N/A,N/A,EBSD,D,N/A,355,N/A,N/A,Small grains might not picked up uder large step size (40 µm),0.2345,N/A,N/A,N/A,N/A,N/A,N/A,N/A,N/A,N/A,N/A,N/A,N/A,N/A,N/A,N/A,N/A,N/A,N/A,N/A,N/A,N/A,N/A,N/A,N/A,N/A
,def013,H2O,,,0,,,YES,NO,Cylindrical,40.4,98,N/A,N/A,N/A,-4.6,-4.1,-5.1,,D,343,N/A,N/A,EBSD,N/A,EBSD,50 µm,0.008,A,E,1.13,A,,A,E,1.00E-06,N/A,N/A,N/A,EBSD,D,N/A,425,N/A,N/A,,0.2753,N/A,N/A,N/A,N/A,N/A,N/A,N/A,N/A,N/A,N/A,N/A,N/A,N/A,N/A,N/A,N/A,N/A,N/A,N/A,N/A,N/A,N/A,N/A,N/A,N/A
,def012,H2O,,,0,,,YES,NO,Cylindrical,40.9,96,N/A,N/A,N/A,-4.96,-4.46,-5.46,,D,343,N/A,N/A,EBSD,N/A,EBSD,40 µm,0.096,A,E,1.22,A,,A,E,1.00E-06,N/A,N/A,N/A,EBSD,D,N/A,N/A,N/A,N/A,,N/A,N/A,N/A,N/A,N/A,N/A,N/A,N/A,N/A,N/A,N/A,N/A,N/A,N/A,N/A,N/A,N/A,N/A,N/A,N/A,N/A,N/A,N/A,N/A,N/A,N/A
,def011,H2O,,,0,,,YES,NO,Cylindrical,41.2,94.2,N/A,N/A,N/A,-4.98,-4.48,-5.48,,D,343,N/A,N/A,EBSD,N/A,EBSD,40 µm,0.087,A,E,1.17,A,,A,E,1.00E-06,N/A,N/A,N/A,EBSD,D,N/A,N/A,N/A,N/A,,N/A,N/A,N/A,N/A,N/A,N/A,N/A,N/A,N/A,N/A,N/A,N/A,N/A,N/A,N/A,N/A,N/A,N/A,N/A,N/A,N/A,N/A,N/A,N/A,N/A,N/A
,def010,H2O,,,0,,,YES,NO,Cylindrical,42,96,N/A,N/A,N/A,-4.83,-4.33,-5.33,,D,343,N/A,N/A,EBSD,N/A,EBSD,40 µm,0.085,A,E,1.2,A,,A,E,1.00E-06,N/A,N/A,N/A,EBSD,D,N/A,N/A,N/A,N/A,,N/A,N/A,N/A,N/A,N/A,N/A,N/A,N/A,N/A,N/A,N/A,N/A,N/A,N/A,N/A,N/A,N/A,N/A,N/A,N/A,N/A,N/A,N/A,N/A,N/A,N/A
Qi et al. (2017),PIL032,H2O,Constant displacement rate,Uniaxial compression ,10,Full creep curves (Fig. 2). Summary data in a table (Table 1).,"Raw logging data (time, displacement, temperature).",YES,YES,Cylindrical,25.4,62,N/A,N/A,N/A,-9.3,-8.8,-9.8,T variation in the sample should be ~0.5K.,D,230,120,340,Area equivalent diameter,"Unimodal, log-normal distribution.",EBSD,30 µm,0.0223,A,T,1.85,A,Stress corrected for surface area expansion.,A,T,2.16E-06,N/A,N/A,N/A,N/A,N/A,N/A,N/A,N/A,N/A,N/A,N/A,N/A,Homogeneous,0.21,A,T,A,1.3,N/A,N/A,Stress corrected for surface area expansion.,A,T,2.31E-06,N/A,N/A,N/A,N/A,D,171,139,72,239,N/A,0.4053,N/A
,PIL033,H2O,,,10,,,YES,YES,Cylindrical,25.4,50,N/A,N/A,N/A,-9.7,-9.2,-10.2,,D,230,120,340,,,EBSD,30 µm,0.0258,A,T,8.09,A,,A,T,2.02E-04,N/A,N/A,N/A,N/A,N/A,N/A,N/A,N/A,N/A,N/A,N/A,N/A,,0.22,A,T,A,4.31,N/A,N/A,,A,T,2.42E-04,N/A,N/A,N/A,N/A,D,110,95,59,143,N/A,0.2986,N/A
,PIL035,H2O,,,10,,,YES,YES,Cylindrical,25.4,49,N/A,N/A,N/A,-9.7,-9.2,-10.2,,D,230,120,340,,,EBSD,30 µm,0.0208,A,T,3.3,A,,A,T,1.14E-05,N/A,N/A,N/A,N/A,N/A,N/A,N/A,N/A,N/A,N/A,N/A,N/A,,0.13,A,T,A,2.18,N/A,N/A,,A,T,1.35E-05,N/A,N/A,N/A,N/A,D,86,68,40,114,N/A,0.3521,N/A
,PIL036,H2O,,,10,,,YES,YES,Cylindrical,25.4,48,N/A,N/A,N/A,-9.8,-9.3,-10.3,,D,230,120,340,,,EBSD,30 µm,0.0229,A,T,5.42,A,,A,T,4.60E-05,N/A,N/A,N/A,N/A,N/A,N/A,N/A,N/A,N/A,N/A,N/A,N/A,,0.19,A,T,A,3.02,N/A,N/A,,A,T,5.02E-05,N/A,N/A,N/A,N/A,D,81,67,42,103,N/A,0.3424,N/A
,PIL018,H2O,,,10,,,YES,YES,Cylindrical,25.4,61,N/A,N/A,N/A,-9.5,-9,-10,,D,630,120,1140,,,EBSD,30 µm,0.0157,A,T,2.23,A,,A,T,1.20E-06,N/A,N/A,N/A,N/A,N/A,N/A,N/A,N/A,N/A,N/A,N/A,N/A,,0.18,A,T,A,1.17,N/A,N/A,,A,T,1.18E-06,N/A,N/A,N/A,N/A,D,265,194,105,364,N/A,0.3813,N/A
,PIL019,H2O,,,10,,,YES,YES,Cylindrical,25.4,56,N/A,N/A,N/A,-9.6,-9.1,-10.1,,D,630,120,1140,,,EBSD,30 µm,0.0146,A,T,6.17,A,,A,T,3.81E-05,N/A,N/A,N/A,N/A,N/A,N/A,N/A,N/A,N/A,N/A,N/A,N/A,,0.23,A,T,A,2.94,N/A,N/A,,A,T,4.40E-05,N/A,N/A,N/A,N/A,D,112,84,54,136,N/A,0.3158,N/A
,PIL020,H2O,,,10,,,YES,YES,Cylindrical,25.4,50,N/A,N/A,N/A,-9.3,-8.8,-9.8,,D,630,120,1140,,,EBSD,30 µm,0.0157,A,T,7.61,A,,A,T,8.24E-05,N/A,N/A,N/A,N/A,N/A,N/A,N/A,N/A,N/A,N/A,N/A,N/A,,0.23,A,T,A,3.49,N/A,N/A,,A,T,9.05E-05,N/A,N/A,N/A,N/A,D,146,106,61,185,N/A,0.3198,N/A
,PIL021,H2O,,,10,,,YES,YES,Cylindrical,25.4,44,N/A,N/A,N/A,-9.3,-8.8,-9.8,,D,630,120,1140,,,EBSD,30 µm,0.0174,A,T,4.01,A,,A,T,1.02E-05,N/A,N/A,N/A,N/A,N/A,N/A,N/A,N/A,N/A,N/A,N/A,N/A,,0.23,A,T,A,1.94,N/A,N/A,,A,T,1.13E-05,N/A,N/A,N/A,N/A,D,133,102,60,172,N/A,0.3654,N/A
Qi et al. (2019),PIL082,H2O,Constant displacement rate,Direct shear,20,Full creep curves. Summary data in a table.,"Raw logging data (time, displacement, temperature).",YES,NO,Eliptical,N/A,N/A,35.92,25.4,4 to 6,-5.4,-4.9,-5.9,T variation in the sample should be ~0.5K.,D,230,120,340,Area equivalent diameter,"Unimodal, log-normal distribution.",EBSD,CPO: 50 µm; grain size 5µm,0.07,S,E,0.87,S,N/A,S,E,7.98E-05,N/A,N/A,N/A,N/A,N/A,N/A,N/A,N/A,N/A,N/A,N/A,N/A,"Homogeneous, slight sample flattening",0.69,S,E,S,1.33,N/A,N/A,Stress corrected for the strength of indium. Stress measured from the stress va. strain curve (Fig. 3).,S,E,7.98E-05,N/A,N/A,N/A,EBSD,D,108,N/A,N/A,N/A,40 grains ,N/A,N/A
,PIL087,H2O,,,20,,,YES,NO,Eliptical,N/A,N/A,35.92,25.4,4 to 6,-5.6,-5.1,-6.1,,D,230,120,340,,,EBSD,,0.13,S,E,1.4,S,N/A,S,E,1.08E-04,N/A,N/A,N/A,N/A,N/A,N/A,N/A,N/A,N/A,N/A,N/A,N/A,,1.4,S,E,S,1.36,N/A,N/A,,S,E,1.08E-04,N/A,N/A,N/A,EBSD,D,171,N/A,N/A,N/A,162 grains,N/A,N/A
,PIL091,H2O,,,20,,,YES,NO,Eliptical,N/A,N/A,35.92,25.4,4 to 6,-5.6,-5.1,-6.1,,D,230,120,340,,,EBSD,,0.09,S,E,1.54,S,N/A,S,E,1.78E-04,N/A,N/A,N/A,N/A,N/A,N/A,N/A,N/A,N/A,N/A,N/A,N/A,,0.62,S,E,S,1.45,N/A,N/A,,S,E,1.78E-04,N/A,N/A,N/A,EBSD,D,83,N/A,N/A,N/A,144 grains,N/A,N/A
,PIL094,H2O,,,20,,,YES,YES,Eliptical,N/A,N/A,35.92,25.4,4 to 6,-5.2,-4.7,-5.7,,D,230,120,340,,,EBSD,,0.1,S,E,2.02,S,N/A,S,E,1.37E-04,N/A,N/A,N/A,N/A,N/A,N/A,N/A,N/A,N/A,N/A,N/A,N/A,,1.5,S,E,S,1.33,N/A,N/A,,S,E,1.37E-04,N/A,N/A,N/A,EBSD,D,120,N/A,N/A,N/A,N/A,N/A,N/A
,PIL135,H2O,,,20,,,YES,YES,Eliptical,N/A,N/A,35.92,25.4,4 to 6,-30.5,-30,-31,,D,230,120,340,,,EBSD,,0.16,S,E,7.03,S,N/A,S,E,1.25E-04,N/A,N/A,N/A,N/A,N/A,N/A,N/A,N/A,N/A,N/A,N/A,N/A,,2.6,S,E,S,5.5,N/A,N/A,,S,E,1.25E-04,N/A,N/A,N/A,EBSD,D,101,N/A,N/A,N/A,N/A,N/A,N/A
,PIL142,H2O,,,20,,,YES,YES,Eliptical,N/A,N/A,35.92,25.4,4 to 6,-29.9,-29.4,-30.4,,D,230,120,340,,,EBSD,,0.16,S,E,6.73,S,N/A,S,E,1.28E-04,N/A,N/A,N/A,N/A,N/A,N/A,N/A,N/A,N/A,N/A,N/A,N/A,,1.4,S,E,S,4.9,N/A,N/A,,S,E,1.28E-04,N/A,N/A,N/A,EBSD,D,78,N/A,N/A,N/A,N/A,N/A,N/A
,PIL143,H2O,,,20,,,YES,NO,Eliptical,N/A,N/A,35.92,25.4,4 to 6,-30.6,-30.1,-31.1,,D,230,120,340,,,EBSD,,0.1,S,E,6.81,S,N/A,S,E,1.46E-04,N/A,N/A,N/A,N/A,N/A,N/A,N/A,N/A,N/A,N/A,N/A,N/A,,0.65,S,E,S,4.79,N/A,N/A,,S,E,1.46E-04,N/A,N/A,N/A,EBSD,D,78,N/A,N/A,N/A,N/A,N/A,N/A
,PIL144,H2O,,,20,,,YES,YES,Eliptical,N/A,N/A,35.92,25.4,4 to 6,-20.4,-19.9,-20.9,,D,230,120,340,,,EBSD,,0.13,S,E,4.6,S,N/A,S,E,1.19E-04,N/A,N/A,N/A,N/A,N/A,N/A,N/A,N/A,N/A,N/A,N/A,N/A,,2.2,S,E,S,2.7,N/A,N/A,,S,E,1.19E-04,N/A,N/A,N/A,EBSD,D,99,N/A,N/A,N/A,N/A,N/A,N/A
,PIL145,H2O,,,20,,,YES,YES,Eliptical,N/A,N/A,35.92,25.4,4 to 6,-20.1,-19.6,-20.6,,D,230,120,340,,,EBSD,,0.05,S,E,4.8,S,N/A,S,E,9.49E-05,N/A,N/A,N/A,N/A,N/A,N/A,N/A,N/A,N/A,N/A,N/A,N/A,,1.1,S,E,S,2.58,N/A,N/A,,S,E,9.49E-05,N/A,N/A,N/A,EBSD,D,103,N/A,N/A,N/A,N/A,N/A,N/A
Fan et al. (2020),PIL176,H2O,Constant displacement rate,Uniaxial compression ,20,Full creep curves (Fig. 3). Summary data in a table (Table 3).,"Raw logging data (time, displacement, temperature).",YES,NO,Cylindrical,25.4,30.48,N/A,N/A,N/A,-10,-9.5,-10.5,T variation in the sample should be ~0.5K.,D,291,165,413,Area equivalent diameter,"Unimodal, log-normal distribution. Bounds are interquartile range.",EBSD,grain size: 5 µm; CPO: 30 µm,0.02,A,T,1.78,A,Stress corrected for surface area expansion.,A,T,1.03E-05,N/A,N/A,N/A,EBSD,D,156,117,48,250,Unimodal distribution,0.262,> 3.5E5 points,Homogeneous,N/A,A,T,A,N/A,N/A,N/A,Stress corrected for surface area expansion.,A,T,N/A,N/A,N/A,N/A,N/A,D,N/A,N/A,N/A,N/A,N/A,N/A,N/A
,PIL163,H2O,,,20,,,YES,NO,Cylindrical,25.4,48.77,N/A,N/A,N/A,-10,-9.5,-10.5,,D,291,165,413,,,EBSD,,0.01,A,T,2.92,A,,A,T,1.03E-05,N/A,N/A,N/A,N/A,N/A,N/A,N/A,N/A,N/A,N/A,N/A,N/A,,N/A,A,T,A,N/A,N/A,N/A,,A,T,N/A,N/A,N/A,N/A,N/A,D,N/A,N/A,N/A,N/A,N/A,N/A,N/A
,PIL178,H2O,,,20,,,YES,NO,Cylindrical,25.4,39.62,N/A,N/A,N/A,-10,-9.5,-10.5,,D,291,165,413,,,EBSD,,0.02,A,T,2.54,A,,A,T,1.11E-05,N/A,N/A,N/A,N/A,N/A,N/A,N/A,N/A,N/A,N/A,N/A,N/A,,N/A,A,T,A,N/A,N/A,N/A,,A,T,N/A,N/A,N/A,N/A,N/A,D,N/A,N/A,N/A,N/A,N/A,N/A,N/A
,PIL177,H2O,,,20,,,YES,NO,Cylindrical,25.4,40.64,N/A,N/A,N/A,-10,-9.5,-10.5,,D,291,165,413,,,EBSD,,0.03,A,T,2.85,A,,A,T,1.11E-05,N/A,N/A,N/A,N/A,N/A,N/A,N/A,N/A,N/A,N/A,N/A,N/A,,N/A,A,T,A,N/A,N/A,N/A,,A,T,N/A,N/A,N/A,N/A,N/A,D,N/A,N/A,N/A,N/A,N/A,N/A,N/A
,PIL007,H2O,,,20,,,YES,YES,Cylindrical,25.4,63.75,N/A,N/A,N/A,-10,-9.5,-10.5,,D,291,165,413,,,EBSD,,0.02,A,T,2.13,A,,A,T,1.03E-05,N/A,N/A,N/A,N/A,N/A,N/A,N/A,N/A,N/A,N/A,N/A,N/A,,0.19,A,T,a,1.33,N/A,N/A,,A,T,1.22E-05,N/A,N/A,N/A,EBSD,D,106,88,41,143,Left-skewed.,0.3898,> 9E4 points
,PIL254,H2O,,,20,,,YES,NO,Cylindrical,25.4,36.62,N/A,N/A,N/A,-20,-19.5,-20.5,,D,291,165,413,,,EBSD,,0.02,A,T,4.33,A,,A,T,1.03E-05,N/A,N/A,N/A,EBSD,D,114,62,36,174,Unimodal distribution,0.2481,> 1.6E5 points,,N/A,A,T,A,N/A,N/A,N/A,,A,T,N/A,N/A,N/A,N/A,N/A,D,N/A,N/A,N/A,N/A,N/A,N/A,N/A
,PIL182,H2O,,,20,,,YES,NO,Cylindrical,25.4,46.99,N/A,N/A,N/A,-20,-19.5,-20.5,,D,291,165,413,,,EBSD,,0.02,A,T,4.88,A,,A,T,8.09E-06,N/A,N/A,N/A,N/A,N/A,N/A,N/A,N/A,N/A,N/A,N/A,N/A,,N/A,A,T,A,N/A,N/A,N/A,,A,T,N/A,N/A,N/A,N/A,N/A,D,N/A,N/A,N/A,N/A,N/A,N/A,N/A
,PIL184,H2O,,,20,,,YES,NO,Cylindrical,25.4,31.24,N/A,N/A,N/A,-20,-19.5,-20.5,,D,291,165,413,,,EBSD,,0.04,A,T,3.64,A,,A,T,1.13E-05,N/A,N/A,N/A,N/A,N/A,N/A,N/A,N/A,N/A,N/A,N/A,N/A,,N/A,A,T,A,N/A,N/A,N/A,,A,T,N/A,N/A,N/A,N/A,N/A,D,N/A,N/A,N/A,N/A,N/A,N/A,N/A
,PIL185,H2O,,,20,,,YES,NO,Cylindrical,25.4,41.66,N/A,N/A,N/A,-20,-19.5,-20.5,,D,291,165,413,,,EBSD,,0.03,A,T,4.69,A,,A,T,1.09E-05,N/A,N/A,N/A,N/A,N/A,N/A,N/A,N/A,N/A,N/A,N/A,N/A,,N/A,A,T,A,N/A,N/A,N/A,,A,T,N/A,N/A,N/A,N/A,N/A,D,N/A,N/A,N/A,N/A,N/A,N/A,N/A
,PIL255,H2O,,,20,,,YES,YES,Cylindrical,25.4,49.53,N/A,N/A,N/A,-20,-19.5,-20.5,,D,291,165,413,,,EBSD,,0.03,A,T,4.66,A,,A,T,1.10E-05,N/A,N/A,N/A,N/A,N/A,N/A,N/A,N/A,N/A,N/A,N/A,N/A,,0.2,A,T,a,2.93,N/A,N/A,,A,T,1.28E-05,N/A,N/A,N/A,EBSD,D,64,53,36,81,Left-skewed.,0.3248,> 2E4 points
,PIL165,H2O,,,20,,,YES,NO,Cylindrical,25.4,37.85,N/A,N/A,N/A,-30,-29.5,-30.5,,D,291,165,413,,,EBSD,,0.03,A,T,8.24,A,,A,T,1.08E-05,N/A,N/A,N/A,EBSD,D,149,108,48,241,Unimodal distribution,0.2443,> 2.5E5 points,,N/A,A,T,A,N/A,N/A,N/A,,A,T,N/A,N/A,N/A,N/A,N/A,D,N/A,N/A,N/A,N/A,N/A,N/A,N/A
,PIL162,H2O,,,20,,,YES,NO,Cylindrical,25.4,50.55,N/A,N/A,N/A,-30,-29.5,-30.5,,D,291,165,413,,,EBSD,,0.03,A,T,8.71,A,,A,T,1.07E-05,N/A,N/A,N/A,N/A,N/A,N/A,N/A,N/A,N/A,N/A,N/A,N/A,,N/A,A,T,A,N/A,N/A,N/A,,A,T,N/A,N/A,N/A,N/A,N/A,D,N/A,N/A,N/A,N/A,N/A,N/A,N/A
,PIL164,H2O,,,20,,,YES,NO,Cylindrical,25.4,45.97,N/A,N/A,N/A,-30,-29.5,-30.5,,D,291,165,413,,,EBSD,,0.03,A,T,8.93,A,,A,T,1.03E-05,N/A,N/A,N/A,N/A,N/A,N/A,N/A,N/A,N/A,N/A,N/A,N/A,,N/A,A,T,A,N/A,N/A,N/A,,A,T,N/A,N/A,N/A,N/A,N/A,D,N/A,N/A,N/A,N/A,N/A,N/A,N/A
,PIL166,H2O,,,20,,,YES,NO,Cylindrical,25.4,45.47,N/A,N/A,N/A,-30,-29.5,-30.5,,D,291,165,413,,,EBSD,,0.03,A,T,7.6,A,,A,T,1.11E-05,N/A,N/A,N/A,N/A,N/A,N/A,N/A,N/A,N/A,N/A,N/A,N/A,,N/A,A,T,A,N/A,N/A,N/A,,A,T,N/A,N/A,N/A,N/A,N/A,D,N/A,N/A,N/A,N/A,N/A,N/A,N/A
,PIL268,H2O,,,20,,,YES,YES,Cylindrical,25.4,47.24,N/A,N/A,N/A,-30,-29.5,-30.5,,D,291,165,413,,,EBSD,,0.02,A,T,7.82,A,,A,T,1.10E-05,N/A,N/A,N/A,N/A,N/A,N/A,N/A,N/A,N/A,N/A,N/A,N/A,,0.21,A,T,a,5,N/A,N/A,,A,T,1.31E-05,N/A,N/A,N/A,EBSD,D,60,37,29,53,Left-skewed.,0.304,> 9E4 points
Fan et al. (2021a),OIL009,H2O,Constant load,Uniaxial compression ,0,Full creep curves (Fig. 2). Summary data in a table (Table 1).,"Raw logging data (time, displacement, temperature).",YES,NO, Cylindrical,27,61.41,N/A,N/A,N/A,-4,-3.8,-4.2,"T is silicon oil bath temperature, with a variation of 0.5K. T variation in sample should be much lower.",D,545,359,730,Area equivalent diameter,"Unimodal, log-normal distribution. Bounds are interquartile.",EBSD,30 µm step size,0.01,A,T ,1.02,A,Stress estimated from load and surface area,A,T,1.11E-06,N/A,N/A,N/A,EBSD Map,D,542,501,340,693,Unimodal distribution,0.2514,> 1E5 points,Homogeneous,N/A,A,T ,A,N/A,N/A,N/A,Stress estimated from load and surface area,A,T,N/A,N/A,N/A,N/A,N/A,D,N/A,N/A,N/A,N/A,N/A,N/A,N/A
,OIL008,H2O,,,0,,,NO,NO, Cylindrical,27,N/A,N/A,N/A,N/A,-4,-3.8,-4.2,,D,545,359,730,,,EBSD,,N/A,A,T ,1.01,A,,A,T,N/A,N/A,N/A,N/A,N/A,D,N/A,N/A,N/A,N/A,N/A,N/A,N/A,,N/A,A,T ,A,N/A,N/A,N/A,,A,T,N/A,N/A,N/A,N/A,N/A,D,N/A,N/A,N/A,N/A,N/A,N/A,N/A
,OIL007,H2O,,,0,,,YES,NO, Cylindrical,27,61.3,N/A,N/A,N/A,-4,-3.8,-4.2,,D,545,359,730,,,EBSD,,0.02,A,T ,1.01,A,,A,T,7.60E-07,N/A,N/A,N/A,N/A,D,N/A,N/A,N/A,N/A,N/A,N/A,N/A,,0.08,A,T ,A,0.95,N/A,N/A,,A,T,1.78E-06,N/A,N/A,N/A,EBSD,D,419,411,243,707,Left-skewed.,0.3295,> 1E5 points
,OIL006,H2O,,,0,,,YES,YES, Cylindrical,27,61.27,N/A,N/A,N/A,-4,-3.8,-4.2,,D,545,359,730,,,EBSD,,0.02,A,T ,1.01,A,,A,T,6.54E-07,N/A,N/A,N/A,N/A,D,N/A,N/A,N/A,N/A,N/A,N/A,N/A,,0.13,A,T ,A,0.9,N/A,N/A,,A,T,1.22E-06,N/A,N/A,N/A,EBSD,D,561,337,222,535,Left-skewed.,0.3766,> 1E5 points
,OIL041,H2O,,,0,,,YES,YES, Cylindrical,27,60.82,N/A,N/A,N/A,-4,-3.8,-4.2,,D,545,359,730,,,EBSD,,0.02,A,T ,1.01,A,,A,T,9.74E-07,N/A,N/A,N/A,N/A,D,N/A,N/A,N/A,N/A,N/A,N/A,N/A,,0.13,A,T ,A,0.9,N/A,N/A,,A,T,1.58E-06,N/A,N/A,N/A,EBSD,D,N/A,N/A,N/A,N/A,N/A,N/A,N/A
,OIL042,H2O,,,0,,,YES,YES, Cylindrical,27,61.12,N/A,N/A,N/A,-4,-3.8,-4.2,,D,545,359,730,,,EBSD,,0.02,A,T ,1.01,A,,A,T,9.43E-07,N/A,N/A,N/A,N/A,D,N/A,N/A,N/A,N/A,N/A,N/A,N/A,,0.13,A,T ,A,0.9,N/A,N/A,,A,T,1.67E-06,N/A,N/A,N/A,EBSD,D,N/A,N/A,N/A,N/A,N/A,N/A,N/A
,OIL044,H2O,,,0,,,YES,YES, Cylindrical,27,61.1,N/A,N/A,N/A,-4,-3.8,-4.2,,D,545,359,730,,,EBSD,,0.02,A,T ,1.01,A,,A,T,8.44E-07,N/A,N/A,N/A,N/A,D,N/A,N/A,N/A,N/A,N/A,N/A,N/A,,0.13,A,T ,A,0.9,N/A,N/A,,A,T,1.48E-06,N/A,N/A,N/A,EBSD,D,N/A,N/A,N/A,N/A,N/A,N/A,N/A
,OIL045,H2O,,,0,,,YES,YES, Cylindrical,27,61.21,N/A,N/A,N/A,-4,-3.8,-4.2,,D,545,359,730,,,EBSD,,0.02,A,T ,1.01,A,,A,T,8.41E-07,N/A,N/A,N/A,N/A,D,N/A,N/A,N/A,N/A,N/A,N/A,N/A,,0.13,A,T ,A,0.9,N/A,N/A,,A,T,1.57E-06,N/A,N/A,N/A,EBSD,D,N/A,N/A,N/A,N/A,N/A,N/A,N/A
Unpublished,PIL264,H2O,Constant displacement rate,Uniaxial compression ,20,N/A,"Raw logging data (time, displacement, temperature).",YES,NO,Cylindrical,25.4,43.56,N/A,N/A,N/A,-30,-29.5,-30.5,T variation in the sample should be ~0.5K.,D,291,165,413,Area equivalent diameter,"Unimodal, log-normal distribution. Bounds are interquartile.",EBSD,grain size: 5 µm; CPO: 30 µm,0.0246,A,T,8.44,A,Stress corrected for surface area expansion.,A,T,2.80E-05,N/A,N/A,N/A,N/A,N/A,N/A,N/A,N/A,N/A,N/A,N/A,N/A,Homogeneous,N/A,A,T,A,N/A,N/A,N/A,Stress corrected for surface area expansion.,A,T,N/A,N/A,N/A,N/A,N/A,D,N/A,N/A,N/A,N/A,N/A,N/A,N/A
,PIL263,H2O,,,20,N/A,,YES,NO,Cylindrical,25.4,41.91,N/A,N/A,N/A,-30,-29.5,-30.5,,D,291,165,413,,,EBSD,,0.0241,A,T,8.8,A,,A,T,2.80E-05,N/A,N/A,N/A,N/A,N/A,N/A,N/A,N/A,N/A,N/A,N/A,N/A,,N/A,A,T,A,N/A,N/A,N/A,,A,T,N/A,N/A,N/A,N/A,N/A,D,N/A,N/A,N/A,N/A,N/A,N/A,N/A
,PIL261,H2O,,,20,N/A,,YES,YES,Cylindrical,25.4,50.8,N/A,N/A,N/A,-30,-29.5,-30.5,,D,291,165,413,,,EBSD,,0.0266,A,T,9.09,A,,A,T,2.70E-05,N/A,N/A,N/A,N/A,N/A,N/A,N/A,N/A,N/A,N/A,N/A,N/A,,0.2298,A,T,A,5.42,N/A,N/A,,A,T,3.30E-05,N/A,N/A,N/A,N/A,D,N/A,N/A,N/A,N/A,N/A,N/A,N/A
,PIL252,H2O,,,20,N/A,,YES,NO,Cylindrical,25.4,43.94,N/A,N/A,N/A,-30,-29.5,-30.5,,D,291,165,413,,,EBSD,,0.0289,A,T,10.92,A,,A,T,5.60E-05,N/A,N/A,N/A,N/A,N/A,N/A,N/A,N/A,N/A,N/A,N/A,N/A,,N/A,A,T,A,N/A,N/A,N/A,,A,T,N/A,N/A,N/A,N/A,N/A,D,N/A,N/A,N/A,N/A,N/A,N/A,N/A
"Fan et al. (2021a, 2021b)",PIL266,H2O,,,20,Summary data in a table.,,YES,NO,Cylindrical,25.4,44.7,N/A,N/A,N/A,-30,-29.5,-30.5,,D,291,165,413,,,EBSD,,0.0274,A,T,11.29,A,,A,T,5.40E-05,N/A,N/A,N/A,EBSD,D,135,115,53,200,N/A,0.2586,N/A,,N/A,A,T,A,N/A,N/A,N/A,,A,T,N/A,N/A,N/A,N/A,N/A,D,N/A,N/A,N/A,N/A,N/A,N/A,N/A
,PIL243,H2O,,,20,,,YES,YES,Cylindrical,25.4,49.02,N/A,N/A,N/A,-30,-29.5,-30.5,,D,291,165,413,,,EBSD,,0.0298,A,T,10.63,A,,A,T,5.40E-05,N/A,N/A,N/A,N/A,N/A,N/A,N/A,N/A,N/A,N/A,N/A,N/A,,0.2403,A,T,A,7.35,N/A,N/A,,A,T,6.70E-05,N/A,N/A,N/A,EBSD,D,51,39,30,55,Left-skewed.,0.301,N/A
Fan et al. (2021c),PIL276,H2O,Constant displacement rate,Uniaxial compression ,20,Full creep curves (supplementary information). Summary data in a table (Table 1).,"Raw logging data (time, displacement, temperature).",YES,NO,Cylindrical,25.4,40.89,N/A,N/A,N/A,-30,-29.5,-30.5,T variation in the sample should be ~0.5K.,D,1293,768,1781,Area equivalent diameter,Log-normal distribution. Bounds are interquartile.,EBSD,5 µm,0.018,A,T,8.82,A,Stress corrected for surface area expansion.,A,T,1.00E-05,N/A,N/A,N/A,N/A,N/A,N/A,N/A,N/A,N/A,N/A,N/A,N/A,Homogeneous,N/A,A,T,A,N/A,N/A,N/A,Stress corrected for surface area expansion.,A,T,N/A,N/A,N/A,N/A,N/A,D,N/A,N/A,N/A,N/A,N/A,N/A,N/A
,PIL275,H2O,,,20,,,YES,YES,Cylindrical,25.4,44.45,N/A,N/A,N/A,-30,-29.5,-30.5,,D,1293,768,1781,,,EBSD,5 µm,0.0152,A,T,8.27,A,,A,T,1.10E-05,N/A,N/A,N/A,N/A,N/A,N/A,N/A,N/A,N/A,N/A,N/A,N/A,,0.1,A,T,A,5.13,N/A,N/A,,A,T,1.20E-05,N/A,N/A,N/A,EBSD,D,N/A,51,37,74,Left-skewed.,N/A,N/A
,PIL247,H2O,,,20,,,YES,YES,Cylindrical,25.4,41.66,N/A,N/A,N/A,-30,-29.5,-30.5,,D,1293,768,1781,,,EBSD,5 µm,0.0326,A,T,8.98,A,,A,T,1.10E-05,N/A,N/A,N/A,N/A,N/A,N/A,N/A,N/A,N/A,N/A,N/A,N/A,,0.2263,A,T,A,4.67,N/A,N/A,,A,T,1.30E-05,N/A,N/A,N/A,N/A,D,N/A,N/A,N/A,N/A,N/A,N/A,N/A
,PIL272,H2O,,,20,,,YES,NO,Cylindrical,25.4,48.77,N/A,N/A,N/A,-30,-29.5,-30.5,,D,1293,768,1781,,,EBSD,5 µm,0.0186,A,T,10.54,A,,A,T,2.80E-05,N/A,N/A,N/A,N/A,N/A,N/A,N/A,N/A,N/A,N/A,N/A,N/A,,N/A,A,T,A,N/A,N/A,N/A,,A,T,N/A,N/A,N/A,N/A,N/A,D,N/A,N/A,N/A,N/A,N/A,N/A,N/A
,PIL270,H2O,,,20,,,YES,YES,Cylindrical,25.4,41.91,N/A,N/A,N/A,-30,-29.5,-30.5,,D,1293,768,1781,,,EBSD,5 µm,0.0226,A,T,10.78,A,,A,T,2.80E-05,N/A,N/A,N/A,N/A,N/A,N/A,N/A,N/A,N/A,N/A,N/A,N/A,,0.1,A,T,A,6.27,N/A,N/A,,A,T,3.00E-05,N/A,N/A,N/A,EBSD,D,N/A,62,45,91,Left-skewed.,N/A,N/A
,PIL262,H2O,,,20,,,YES,YES,Cylindrical,25.4,50.8,N/A,N/A,N/A,-30,-29.5,-30.5,,D,1293,768,1781,,,EBSD,5 µm,0.0239,A,T,10.3,A,,A,T,2.60E-05,N/A,N/A,N/A,N/A,N/A,N/A,N/A,N/A,N/A,N/A,N/A,N/A,,0.2282,A,T,A,5.87,N/A,N/A,,A,T,3.20E-05,N/A,N/A,N/A,N/A,D,N/A,N/A,N/A,N/A,N/A,N/A,N/A
,PIL273,H2O,,,20,,,YES,NO,Cylindrical,25.4,46.48,N/A,N/A,N/A,-30,-29.5,-30.5,,D,1293,768,1781,,,EBSD,5 µm,0.0189,A,T,12.37,A,,A,T,5.40E-05,N/A,N/A,N/A,N/A,N/A,N/A,N/A,N/A,N/A,N/A,N/A,N/A,,N/A,A,T,A,N/A,N/A,N/A,,A,T,N/A,N/A,N/A,N/A,N/A,D,N/A,N/A,N/A,N/A,N/A,N/A,N/A
,PIL271,H2O,,,20,,,YES,YES,Cylindrical,25.4,42.42,N/A,N/A,N/A,-30,-29.5,-30.5,,D,1293,768,1781,,,EBSD,5 µm,0.0257,A,T,12.1,A,,A,T,5.60E-05,N/A,N/A,N/A,N/A,N/A,N/A,N/A,N/A,N/A,N/A,N/A,N/A,,0.1,A,T,A,7.03,N/A,N/A,,A,T,6.00E-05,N/A,N/A,N/A,EBSD,D,N/A,48,37,64,Left-skewed.,N/A,N/A
,PIL241,H2O,,,20,,,YES,YES,Cylindrical,25.4,51.56,N/A,N/A,N/A,-30,-29.5,-30.5,,D,1293,768,1781,,,EBSD,5 µm,0.0226,A,T,12.83,A,,A,T,5.40E-05,N/A,N/A,N/A,N/A,N/A,N/A,N/A,N/A,N/A,N/A,N/A,N/A,,0.2325,A,T,A,7.65,N/A,N/A,,A,T,6.60E-05,N/A,N/A,N/A,N/A,D,N/A,N/A,N/A,N/A,N/A,N/A,N/A
Qi & Goldsby (2021),PIL002,H2O,Constant displacement rate,Uniaxial compression,10,"Peak and flow stresses are plotted in Figure 6. Summary data in tables (Table 1, 2).","Raw logging data (time, displacement, temperature).",YES,YES,Cylindrical,25.4,57.15,N/A,N/A,N/A,-9.6,-9.1,-10.1,T variation in the sample should be ~0.5K.,D,230,120,340,Area equivalent diameter,"Unimodal, log-normal distribution.",EBSD,grain size: 5-7 µm ,0.02,A,T,4.95,A,Stress corrected for surface area expansion.,A,T,4.00E-05,N/A,N/A,N/A,N/A,N/A,N/A,N/A,N/A,N/A,N/A,N/A,N/A,Homogeneous,0.2,A,T,A,3.1,N/A,N/A,Stress corrected for surface area expansion.,A,T,4.03E-05,N/A,N/A,N/A,N/A,N/A,N/A,N/A,N/A,N/A,N/A,N/A,N/A
,PIL004,H2O,,,10,,,YES,YES,Cylindrical,25.4,53.34,N/A,N/A,N/A,-9.6,-9.1,-10.1,,D,230,120,340,,,EBSD,,0.02,A,T,8.96,A,,A,T,4.57E-04,N/A,N/A,N/A,N/A,N/A,N/A,N/A,N/A,N/A,N/A,N/A,N/A,,0.25,A,T,A,4.9,N/A,N/A,,A,T,4.71E-04,N/A,N/A,N/A,N/A,N/A,N/A,N/A,N/A,N/A,N/A,N/A,N/A
,PIL005,H2O,,,10,,,YES,YES,Cylindrical,25.4,66.04,N/A,N/A,N/A,-9.6,-9.1,-10.1,,D,230,120,340,,,EBSD,,0.02,A,T,6.84,A,,A,T,1.03E-04,N/A,N/A,N/A,N/A,N/A,N/A,N/A,N/A,N/A,N/A,N/A,N/A,,0.18,A,T,A,3.85,N/A,N/A,,A,T,1.05E-04,N/A,N/A,N/A,N/A,N/A,N/A,N/A,N/A,N/A,N/A,N/A,N/A
,PIL014,H2O,,,10,,,YES,YES,Cylindrical,25.4,43.94,N/A,N/A,N/A,-9.6,-9.1,-10.1,,D,230,120,340,,,EBSD,,0.02,A,T,7.19,A,,A,T,1.59E-04,N/A,N/A,N/A,N/A,N/A,N/A,N/A,N/A,N/A,N/A,N/A,N/A,,0.26,A,T,A,4.04,N/A,N/A,,A,T,1.76E-04,N/A,N/A,N/A,N/A,N/A,N/A,N/A,N/A,N/A,N/A,N/A,N/A
,PIL027,H2O,,,10,,,YES,YES,Cylindrical,25.4,57.15,N/A,N/A,N/A,-9.6,-9.1,-10.1,,D,230,120,340,,,EBSD,,0.02,A,T,4.94,A,,A,T,3.49E-05,N/A,N/A,N/A,N/A,N/A,N/A,N/A,N/A,N/A,N/A,N/A,N/A,,0.19,A,T,A,2.84,N/A,N/A,,A,T,4.54E-05,N/A,N/A,N/A,N/A,N/A,N/A,N/A,N/A,N/A,N/A,N/A,N/A
,PIL034,H2O,,,10,,,YES,YES,Cylindrical,25.4,57.4,N/A,N/A,N/A,-9.6,-9.1,-10.1,,D,230,120,340,,,EBSD,,0.02,A,T,9.12,A,,A,T,3.26E-04,N/A,N/A,N/A,N/A,N/A,N/A,N/A,N/A,N/A,N/A,N/A,N/A,,0.19,A,T,A,4.75,N/A,N/A,,A,T,3.28E-04,N/A,N/A,N/A,N/A,N/A,N/A,N/A,N/A,N/A,N/A,N/A,N/A
,PIL038,H2O,,,20,,,YES,YES,Cylindrical,25.4,48.26,N/A,N/A,N/A,-9.6,-9.1,-10.1,,D,230,120,340,,,EBSD,,0.02,A,T,6.25,A,,A,T,9.55E-05,N/A,N/A,N/A,N/A,N/A,N/A,N/A,N/A,N/A,N/A,N/A,N/A,,0.24,A,T,A,3.29,N/A,N/A,,A,T,1.07E-04,N/A,N/A,N/A,N/A,N/A,N/A,N/A,N/A,N/A,N/A,N/A,N/A
,PIL040,H2O,,,20,,,YES,YES,Cylindrical,25.4,54.36,N/A,N/A,N/A,-9.6,-9.1,-10.1,,D,230,120,340,,,EBSD,,0.02,A,T,8.03,A,,A,T,1.69E-04,N/A,N/A,N/A,N/A,N/A,N/A,N/A,N/A,N/A,N/A,N/A,N/A,,0.22,A,T,A,3.88,N/A,N/A,,A,T,1.76E-04,N/A,N/A,N/A,N/A,N/A,N/A,N/A,N/A,N/A,N/A,N/A,N/A
,PIL041,H2O,,,20,,,YES,YES,Cylindrical,25.4,57.66,N/A,N/A,N/A,-9.6,-9.1,-10.1,,D,230,120,340,,,EBSD,,0.02,A,T,9.83,A,,A,T,4.00E-04,N/A,N/A,N/A,N/A,N/A,N/A,N/A,N/A,N/A,N/A,N/A,N/A,,0.22,A,T,A,4.85,N/A,N/A,,A,T,4.27E-04,N/A,N/A,N/A,N/A,N/A,N/A,N/A,N/A,N/A,N/A,N/A,N/A
,PIL045,H2O,,,20,,,YES,YES,Cylindrical,25.4,74.63,N/A,N/A,N/A,-9.6,-9.1,-10.1,,D,230,120,340,,,EBSD,,0.02,A,T,7.11,A,,A,T,9.59E-05,N/A,N/A,N/A,N/A,N/A,N/A,N/A,N/A,N/A,N/A,N/A,N/A,,0.15,A,T,A,3.73,N/A,N/A,,A,T,9.17E-05,N/A,N/A,N/A,N/A,N/A,N/A,N/A,N/A,N/A,N/A,N/A,N/A
,PIL051,H2O,,,20,,,YES,YES,Cylindrical,25.4,55.37,N/A,N/A,N/A,-9.6,-9.1,-10.1,,D,230,120,340,,,EBSD,,0.02,A,T,9.44,A,,A,T,3.14E-04,N/A,N/A,N/A,N/A,N/A,N/A,N/A,N/A,N/A,N/A,N/A,N/A,,0.2,A,T,A,4.64,N/A,N/A,,A,T,3.27E-04,N/A,N/A,N/A,N/A,N/A,N/A,N/A,N/A,N/A,N/A,N/A,N/A
,PIL053,H2O,,,20,,,YES,YES,Cylindrical,25.4,67.56,N/A,N/A,N/A,-9.6,-9.1,-10.1,,D,230,120,340,,,EBSD,,0.02,A,T,10.45,A,,A,T,4.89E-04,N/A,N/A,N/A,N/A,N/A,N/A,N/A,N/A,N/A,N/A,N/A,N/A,,0.18,A,T,A,5.34,N/A,N/A,,A,T,4.84E-04,N/A,N/A,N/A,N/A,N/A,N/A,N/A,N/A,N/A,N/A,N/A,N/A
,PIL072,H2O,,,20,,,YES,YES,Cylindrical,25.4,71.63,N/A,N/A,N/A,-9.6,-9.1,-10.1,,D,230,120,340,,,EBSD,,0.02,A,T,6.32,A,,A,T,8.00E-05,N/A,N/A,N/A,N/A,N/A,N/A,N/A,N/A,N/A,N/A,N/A,N/A,,0.17,A,T,A,3.46,N/A,N/A,,A,T,8.33E-05,N/A,N/A,N/A,N/A,N/A,N/A,N/A,N/A,N/A,N/A,N/A,N/A
,PIL105,H2O,,,20,,,YES,YES,Cylindrical,25.4,69.34,N/A,N/A,N/A,-9.6,-9.1,-10.1,,D,230,120,340,,,EBSD,,0.02,A,T,4.49,A,,A,T,2.53E-05,N/A,N/A,N/A,N/A,N/A,N/A,N/A,N/A,N/A,N/A,N/A,N/A,,0.21,A,T,A,2.3,N/A,N/A,,A,T,2.51E-05,N/A,N/A,N/A,N/A,N/A,N/A,N/A,N/A,N/A,N/A,N/A,N/A
,PIL106,H2O,,,20,,,YES,YES,Cylindrical,25.4,63.75,N/A,N/A,N/A,-9.6,-9.1,-10.1,,D,230,120,340,,,EBSD,,0.02,A,T,4.87,A,,A,T,3.95E-05,N/A,N/A,N/A,N/A,N/A,N/A,N/A,N/A,N/A,N/A,N/A,N/A,,0.2,A,T,A,2.6,N/A,N/A,,A,T,4.22E-05,N/A,N/A,N/A,N/A,N/A,N/A,N/A,N/A,N/A,N/A,N/A,N/A
,PIL107,H2O,,,20,,,YES,YES,Cylindrical,25.4,50.04,N/A,N/A,N/A,-9.6,-9.1,-10.1,,D,230,120,340,,,EBSD,,0.02,A,T,6.36,A,,A,T,6.00E-05,N/A,N/A,N/A,N/A,N/A,N/A,N/A,N/A,N/A,N/A,N/A,N/A,,0.22,A,T,A,3.02,N/A,N/A,,A,T,7.66E-05,N/A,N/A,N/A,N/A,N/A,N/A,N/A,N/A,N/A,N/A,N/A,N/A
,PIL023,H2O,,,10,,,YES,YES,Cylindrical,25.4,48.77,N/A,N/A,N/A,-9.6,-9.1,-10.1,,D,630,120,1140,,,EBSD,,0.02,A,T,10.89,A,,A,T,3.52E-04,N/A,N/A,N/A,N/A,N/A,N/A,N/A,N/A,N/A,N/A,N/A,N/A,,0.27,A,T,A,5,N/A,N/A,,A,T,3.91E-04,N/A,N/A,N/A,N/A,N/A,N/A,N/A,N/A,N/A,N/A,N/A,N/A
,PIL026,H2O,,,10,,,YES,YES,Cylindrical,25.4,68.58,N/A,N/A,N/A,-9.6,-9.1,-10.1,,D,630,120,1140,,,EBSD,,0.02,A,T,5.57,A,,A,T,3.10E-05,N/A,N/A,N/A,N/A,N/A,N/A,N/A,N/A,N/A,N/A,N/A,N/A,,0.17,A,T,A,2.7,N/A,N/A,,A,T,3.37E-05,N/A,N/A,N/A,N/A,N/A,N/A,N/A,N/A,N/A,N/A,N/A,N/A
,,,,,,,,,,,,,,,,,,,,,,,,,,,,,,,,,,,,,,,,,,,,,,,,,,,,,,,,,,,,,,,,,,,,,,,,
,,,,,,,,,,,,,,,,,,,,,,,,,,,,,,,,,,,,,,,,,,,,,,,,,,,,,,,,,,,,,,,,,,,,,,,,
,,,,,,,,,,,,,,,,,,,,,,,,,,,,,,,,,,,,,,,,,,,,,,,,,,,,,,,,,,,,,,,,,,,,,,,,
,,,,,,,,,,,,,,,,,,,,,,,,,,,,,,,,,,,,,,,,,,,,,,,,,,,,,,,,,,,,,,,,,,,,,,,,
,,,,,,,,,,,,,,,,,,,,,,,,,,,,,,,,,,,,,,,,,,,,,,,,,,,,,,,,,,,,,,,,,,,,,,,,
,,,,,,,,,,,,,,,,,,,,,,,,,,,,,,,,,,,,,,,,,,,,,,,,,,,,,,,,,,,,,,,,,,,,,,,,
,,,,,,,,,,,,,,,,,,,,,,,,,,,,,,,,,,,,,,,,,,,,,,,,,,,,,,,,,,,,,,,,,,,,,,,,
,,,,,,,,,,,,,,,,,,,,,,,,,,,,,,,,,,,,,,,,,,,,,,,,,,,,,,,,,,,,,,,,,,,,,,,,
,,,,,,,,,,,,,,,,,,,,,,,,,,,,,,,,,,,,,,,,,,,,,,,,,,,,,,,,,,,,,,,,,,,,,,,,
,,,,,,,,,,,,,,,,,,,,,,,,,,,,,,,,,,,,,,,,,,,,,,,,,,,,,,,,,,,,,,,,,,,,,,,,
,,,,,,,,,,,,,,,,,,,,,,,,,,,,,,,,,,,,,,,,,,,,,,,,,,,,,,,,,,,,,,,,,,,,,,,,
,,,,,,,,,,,,,,,,,,,,,,,,,,,,,,,,,,,,,,,,,,,,,,,,,,,,,,,,,,,,,,,,,,,,,,,,
,,,,,,,,,,,,,,,,,,,,,,,,,,,,,,,,,,,,,,,,,,,,,,,,,,,,,,,,,,,,,,,,,,,,,,,,
,,,,,,,,,,,,,,,,,,,,,,,,,,,,,,,,,,,,,,,,,,,,,,,,,,,,,,,,,,,,,,,,,,,,,,,,
,,,,,,,,,,,,,,,,,,,,,,,,,,,,,,,,,,,,,,,,,,,,,,,,,,,,,,,,,,,,,,,,,,,,,,,,
,,,,,,,,,,,,,,,,,,,,,,,,,,,,,,,,,,,,,,,,,,,,,,,,,,,,,,,,,,,,,,,,,,,,,,,,
,,,,,,,,,,,,,,,,,,,,,,,,,,,,,,,,,,,,,,,,,,,,,,,,,,,,,,,,,,,,,,,,,,,,,,,,
,,,,,,,,,,,,,,,,,,,,,,,,,,,,,,,,,,,,,,,,,,,,,,,,,,,,,,,,,,,,,,,,,,,,,,,,
,,,,,,,,,,,,,,,,,,,,,,,,,,,,,,,,,,,,,,,,,,,,,,,,,,,,,,,,,,,,,,,,,,,,,,,,
,,,,,,,,,,,,,,,,,,,,,,,,,,,,,,,,,,,,,,,,,,,,,,,,,,,,,,,,,,,,,,,,,,,,,,,,
,,,,,,,,,,,,,,,,,,,,,,,,,,,,,,,,,,,,,,,,,,,,,,,,,,,,,,,,,,,,,,,,,,,,,,,,
,,,,,,,,,,,,,,,,,,,,,,,,,,,,,,,,,,,,,,,,,,,,,,,,,,,,,,,,,,,,,,,,,,,,,,,,
,,,,,,,,,,,,,,,,,,,,,,,,,,,,,,,,,,,,,,,,,,,,,,,,,,,,,,,,,,,,,,,,,,,,,,,,
,,,,,,,,,,,,,,,,,,,,,,,,,,,,,,,,,,,,,,,,,,,,,,,,,,,,,,,,,,,,,,,,,,,,,,,,
,,,,,,,,,,,,,,,,,,,,,,,,,,,,,,,,,,,,,,,,,,,,,,,,,,,,,,,,,,,,,,,,,,,,,,,,
,,,,,,,,,,,,,,,,,,,,,,,,,,,,,,,,,,,,,,,,,,,,,,,,,,,,,,,,,,,,,,,,,,,,,,,,
,,,,,,,,,,,,,,,,,,,,,,,,,,,,,,,,,,,,,,,,,,,,,,,,,,,,,,,,,,,,,,,,,,,,,,,,
,,,,,,,,,,,,,,,,,,,,,,,,,,,,,,,,,,,,,,,,,,,,,,,,,,,,,,,,,,,,,,,,,,,,,,,,
,,,,,,,,,,,,,,,,,,,,,,,,,,,,,,,,,,,,,,,,,,,,,,,,,,,,,,,,,,,,,,,,,,,,,,,,
,,,,,,,,,,,,,,,,,,,,,,,,,,,,,,,,,,,,,,,,,,,,,,,,,,,,,,,,,,,,,,,,,,,,,,,,
,,,,,,,,,,,,,,,,,,,,,,,,,,,,,,,,,,,,,,,,,,,,,,,,,,,,,,,,,,,,,,,,,,,,,,,,
,,,,,,,,,,,,,,,,,,,,,,,,,,,,,,,,,,,,,,,,,,,,,,,,,,,,,,,,,,,,,,,,,,,,,,,,
,,,,,,,,,,,,,,,,,,,,,,,,,,,,,,,,,,,,,,,,,,,,,,,,,,,,,,,,,,,,,,,,,,,,,,,,
,,,,,,,,,,,,,,,,,,,,,,,,,,,,,,,,,,,,,,,,,,,,,,,,,,,,,,,,,,,,,,,,,,,,,,,,
,,,,,,,,,,,,,,,,,,,,,,,,,,,,,,,,,,,,,,,,,,,,,,,,,,,,,,,,,,,,,,,,,,,,,,,,
,,,,,,,,,,,,,,,,,,,,,,,,,,,,,,,,,,,,,,,,,,,,,,,,,,,,,,,,,,,,,,,,,,,,,,,,
,,,,,,,,,,,,,,,,,,,,,,,,,,,,,,,,,,,,,,,,,,,,,,,,,,,,,,,,,,,,,,,,,,,,,,,,
,,,,,,,,,,,,,,,,,,,,,,,,,,,,,,,,,,,,,,,,,,,,,,,,,,,,,,,,,,,,,,,,,,,,,,,,
,,,,,,,,,,,,,,,,,,,,,,,,,,,,,,,,,,,,,,,,,,,,,,,,,,,,,,,,,,,,,,,,,,,,,,,,
,,,,,,,,,,,,,,,,,,,,,,,,,,,,,,,,,,0.00E+00,,,,,,,,,,,,,,,,,,,,,,,,,,,,,,,,,,,,,,
,,,,,,,,,,,,,,,,,,,,,,,,,,,,,,,,,,0.00E+00,,,,,,,,,,,,,,,,,,,,,,,,,,,,,,,,,,,,,,
,,,,,,,,,,,,,,,,,,,,,,,,,,,,,,,,,,0.00E+00,,,,,,,,,,,,,,,,,,,,,,,,,,,,,,,,,,,,,,
,,,,,,,,,,,,,,,,,,,,,,,,,,,,,,,,,,0.00E+00,,,,,,,,,,,,,,,,,,,,,,,,,,,,,,,,,,,,,,
,,,,,,,,,,,,,,,,,,,,,,,,,,,,,,,,,,0.00E+00,,,,,,,,,,,,,,,,,,,,,,,,,,,,,,,,,,,,,,
,,,,,,,,,,,,,,,,,,,,,,,,,,,,,,,,,,0.00E+00,,,,,,,,,,,,,,,,,,,,,,,,,,,,,,,,,,,,,,
,,,,,,,,,,,,,,,,,,,,,,,,,,,,,,,,,,0.00E+00,,,,,,,,,,,,,,,,,,,,,,,,,,,,,,,,,,,,,,
,,,,,,,,,,,,,,,,,,,,,,,,,,,,,,,,,,0.00E+00,,,,,,,,,,,,,,,,,,,,,,,,,,,,,,,,,,,,,,
,,,,,,,,,,,,,,,,,,,,,,,,,,,,,,,,,,0.00E+00,,,,,,,,,,,,,,,,,,,,,,,,,,,,,,,,,,,,,,
