,Source,Sample No.,Experiment type,Experiment kinematics,Confining pressure (MPa),Comment on published mechanical data,Comment on extra unpublished data ,Use strain-rate minimum or peak stress data?,Use tertiary creep or flow stress data?,Sample initial geometry,Sample initial diameter for compression (mm),Sample initial length for compression (mm),Sample length for shear (mm),sample width for shear (mm),sample height for shear (mm),T,T upper bound,T lower bound,Comment on T error,Grain size unit: diameter (D) or area (A),Initial median grain size D: (µm); A (µm^2),Initial grain size lower bound D: (µm); A (µm^2),Initial grain size upper bound D: (µm); A (µm^2),Method for grain size measurement,Grain size error comment,Technique used to collect microstructural data,Resolution,Strain at minimum rate/ peak stress as published,"Published strain type: Octahedral shear (O), Axial (A), Shear (S)?",True (T) or engineering (E) strain?,Stress (MPa) at minimum rate/ peak stress as published,"Published stress type: Octahedral shear (O), Axial (A), Shear (S)?",Strain and stress Error Comments,"Published strain rate type: Octahedral shear (O), Axial (A), Shear (S)?","If Axial, True (T) or engineering (E) strain rate?",Strain rate (/s) at minimum rate/ peak stress as published,Strain rate lower bound,Strain rate upper bound,Comment on rate error,Microstructural data at minimum rate/ peak stress,Grain size scale: diameter (D)? Area (A),Mean grain size  D: (µm); A (µm2) at minimum rate/ peak stress,Median grain size  D: (µm); A (µm2) at minimum rate/ peak stress,Grain size lower bound D: (µm); A (µm2) at minimum rate/ peak stress,Comment on measurement error of grain size,Bulk reduced Schmid factor at minimum rate/ peak stress,Comment on bulk reduced Schmid factor ,Comment on sample geometry,Strain at tertiary strain rate/ flow stress as published,"If Axial, True (T) or engineering (E) strain?",Stress (MPa) at tertiary strain rate/ flow stress as published,Stress lower bound,Stress upper bound,Comment on strain and stress error,True (T) or engineering (E) strain rate?,Strain rate (/s) at tertiary strain rate/ flow stress as published,Comment on strain rate error,Microstructural data at tertiary strain rate/ flow stress,Mean grain size  D: (µm); A (µm2) at tertiary strain rate/ flow stress,Median grain size  D: (µm); A (µm2) at tertiary strain rate/ flow stress,Grain size lower bound D: (µm); A (µm2) at tertiary strain rate/ flow stress,Bulk reduced Schmid factor at tertiary strain rate/ flow stress,Bulk reduced Schmid factor comment
0,Glen (1955),Beta,Constant load,Uniaxial compression,0,"Creep curves of strain as a function of time (Figs. 3-6). Temperature, sampe name, secondary minimum strain rate, and remarks summarized in a table 2.",N/A,YES,NO,Cylindrical,25.4 or 50.8,50.8 or 101.6,N/A,N/A,N/A,0,0.03,-0.03,"Samples immersed in a paraffin bath, which is immersed in a water-ice bath, the maximum variation of T in the paraffin bath is 0.03K (page 520).",D,1500,1000,2000,N/A,N/A,N/A,N/A,N/A,N/A,E,0.16,N/A,No correction for surface area expansion. But its effect should be low at seconday minimum.,N/A,E,8.75E-08,N/A,N/A,N/A,N/A,N/A,N/A,N/A,N/A,N/A,N/A,N/A,N/A,N/A,N/A,N/A,N/A,N/A,N/A,N/A,N/A,N/A,N/A,N/A,N/A,N/A,N/A,N/A
1,Glen (1955),Gamma,Constant load,Uniaxial compression,0,"Creep curves of strain as a function of time (Figs. 3-6). Temperature, sampe name, secondary minimum strain rate, and remarks summarized in a table 2.",N/A,YES,NO,Cylindrical,25.4 or 50.8,50.8 or 101.6,N/A,N/A,N/A,0,0.03,-0.03,"Samples immersed in a paraffin bath, which is immersed in a water-ice bath, the maximum variation of T in the paraffin bath is 0.03K (page 520).",D,1500,1000,2000,N/A,N/A,N/A,N/A,N/A,N/A,E,0.07,N/A,No correction for surface area expansion. But its effect should be low at seconday minimum.,N/A,E,5.61E-08,N/A,N/A,N/A,N/A,N/A,N/A,N/A,N/A,N/A,N/A,N/A,N/A,N/A,N/A,N/A,N/A,N/A,N/A,N/A,N/A,N/A,N/A,N/A,N/A,N/A,N/A,N/A
2,Glen (1955),Gamma',Constant load,Uniaxial compression,0,"Creep curves of strain as a function of time (Figs. 3-6). Temperature, sampe name, secondary minimum strain rate, and remarks summarized in a table 2.",N/A,YES,NO,Cylindrical,25.4 or 50.8,50.8 or 101.6,N/A,N/A,N/A,0,0.03,-0.03,"Samples immersed in a paraffin bath, which is immersed in a water-ice bath, the maximum variation of T in the paraffin bath is 0.03K (page 520).",D,1500,1000,2000,N/A,N/A,N/A,N/A,N/A,N/A,E,0.16,N/A,No correction for surface area expansion. But its effect should be low at seconday minimum.,N/A,E,5.90E-08,N/A,N/A,N/A,N/A,N/A,N/A,N/A,N/A,N/A,N/A,N/A,N/A,N/A,N/A,N/A,N/A,N/A,N/A,N/A,N/A,N/A,N/A,N/A,N/A,N/A,N/A,N/A
3,Glen (1955),Gamma'',Constant load,Uniaxial compression,0,"Creep curves of strain as a function of time (Figs. 3-6). Temperature, sampe name, secondary minimum strain rate, and remarks summarized in a table 2.",N/A,YES,NO,Cylindrical,25.4 or 50.8,50.8 or 101.6,N/A,N/A,N/A,0,0.03,-0.03,"Samples immersed in a paraffin bath, which is immersed in a water-ice bath, the maximum variation of T in the paraffin bath is 0.03K (page 520).",D,1500,1000,2000,N/A,N/A,N/A,N/A,N/A,N/A,E,0.24,N/A,No correction for surface area expansion. But its effect should be low at seconday minimum.,N/A,E,7.36E-08,N/A,N/A,N/A,N/A,N/A,N/A,N/A,N/A,N/A,N/A,N/A,N/A,N/A,N/A,N/A,N/A,N/A,N/A,N/A,N/A,N/A,N/A,N/A,N/A,N/A,N/A,N/A
4,Glen (1955),Delta,Constant load,Uniaxial compression,0,"Creep curves of strain as a function of time (Figs. 3-6). Temperature, sampe name, secondary minimum strain rate, and remarks summarized in a table 2.",N/A,YES,NO,Cylindrical,25.4 or 50.8,50.8 or 101.6,N/A,N/A,N/A,0,0.03,-0.03,"Samples immersed in a paraffin bath, which is immersed in a water-ice bath, the maximum variation of T in the paraffin bath is 0.03K (page 520).",D,1500,1000,2000,N/A,N/A,N/A,N/A,N/A,N/A,E,0.07,N/A,No correction for surface area expansion. But its effect should be low at seconday minimum.,N/A,E,2.06E-08,N/A,N/A,N/A,N/A,N/A,N/A,N/A,N/A,N/A,N/A,N/A,N/A,N/A,N/A,N/A,N/A,N/A,N/A,N/A,N/A,N/A,N/A,N/A,N/A,N/A,N/A,N/A
5,Glen (1955),Epsilon,Constant load,Uniaxial compression,0,"Creep curves of strain as a function of time (Figs. 3-6). Temperature, sampe name, secondary minimum strain rate, and remarks summarized in a table 2.",N/A,NO,NO,Cylindrical,25.4 or 50.8,50.8 or 101.6,N/A,N/A,N/A,-0.02,-0.01,-0.03,"Samples immersed in a paraffin bath, which is immersed in a water-ice bath, the maximum variation of T in the paraffin bath is 0.03K (page 520).",D,1500,1000,2000,N/A,N/A,N/A,N/A,N/A,N/A,E,0.09,N/A,No correction for surface area expansion. But its effect should be low at seconday minimum.,N/A,E,9.20E-09,N/A,N/A,Had not reached steady state. Data not used (Table 2).,N/A,N/A,N/A,N/A,N/A,N/A,N/A,N/A,N/A,N/A,N/A,N/A,N/A,N/A,N/A,N/A,N/A,N/A,N/A,N/A,N/A,N/A,N/A,N/A
6,Glen (1955),Theta,Constant load,Uniaxial compression,0,"Creep curves of strain as a function of time (Figs. 3-6). Temperature, sampe name, secondary minimum strain rate, and remarks summarized in a table 2.",N/A,YES,NO,Cylindrical,25.4 or 50.8,50.8 or 101.6,N/A,N/A,N/A,-0.02,-0.01,-0.03,"Samples immersed in a paraffin bath, which is immersed in a water-ice bath, the maximum variation of T in the paraffin bath is 0.03K (page 520).",D,1500,1000,2000,N/A,N/A,N/A,N/A,N/A,N/A,E,0.15,N/A,No correction for surface area expansion. But its effect should be low at seconday minimum.,N/A,E,2.16E-08,N/A,N/A,N/A,N/A,N/A,N/A,N/A,N/A,N/A,N/A,N/A,N/A,N/A,N/A,N/A,N/A,N/A,N/A,N/A,N/A,N/A,N/A,N/A,N/A,N/A,N/A,N/A
7,Glen (1955),Eta,Constant load,Uniaxial compression,0,"Creep curves of strain as a function of time (Figs. 3-6). Temperature, sampe name, secondary minimum strain rate, and remarks summarized in a table 2.",N/A,YES,NO,Cylindrical,25.4 or 50.8,50.8 or 101.6,N/A,N/A,N/A,-0.02,-0.01,-0.03,"Samples immersed in a paraffin bath, which is immersed in a water-ice bath, the maximum variation of T in the paraffin bath is 0.03K (page 520).",D,1500,1000,2000,N/A,N/A,N/A,N/A,N/A,N/A,E,0.23,N/A,No correction for surface area expansion. But its effect should be low at seconday minimum.,N/A,E,4.06E-08,N/A,N/A,N/A,N/A,N/A,N/A,N/A,N/A,N/A,N/A,N/A,N/A,N/A,N/A,N/A,N/A,N/A,N/A,N/A,N/A,N/A,N/A,N/A,N/A,N/A,N/A,N/A
8,Glen (1955),k,Constant load,Uniaxial compression,0,"Creep curves of strain as a function of time (Figs. 3-6). Temperature, sampe name, secondary minimum strain rate, and remarks summarized in a table 2.",N/A,YES,NO,Cylindrical,25.4 or 50.8,50.8 or 101.6,N/A,N/A,N/A,-0.02,-0.01,-0.03,"Samples immersed in a paraffin bath, which is immersed in a water-ice bath, the maximum variation of T in the paraffin bath is 0.03K (page 520).",D,1500,1000,2000,N/A,N/A,N/A,N/A,N/A,N/A,E,0.33,N/A,No correction for surface area expansion. But its effect should be low at seconday minimum.,N/A,E,1.33E-07,N/A,N/A,N/A,N/A,N/A,N/A,N/A,N/A,N/A,N/A,N/A,N/A,N/A,N/A,N/A,N/A,N/A,N/A,N/A,N/A,N/A,N/A,N/A,N/A,N/A,N/A,N/A
9,Glen (1955),j,Constant load,Uniaxial compression,0,"Creep curves of strain as a function of time (Figs. 3-6). Temperature, sampe name, secondary minimum strain rate, and remarks summarized in a table 2.",N/A,YES,NO,Cylindrical,25.4 or 50.8,50.8 or 101.6,N/A,N/A,N/A,-0.02,-0.01,-0.03,"Samples immersed in a paraffin bath, which is immersed in a water-ice bath, the maximum variation of T in the paraffin bath is 0.03K (page 520).",D,1500,1000,2000,N/A,N/A,N/A,N/A,N/A,N/A,E,0.36,N/A,No correction for surface area expansion. But its effect should be low at seconday minimum.,N/A,E,2.17E-07,N/A,N/A,N/A,N/A,N/A,N/A,N/A,N/A,N/A,N/A,N/A,N/A,N/A,N/A,N/A,N/A,N/A,N/A,N/A,N/A,N/A,N/A,N/A,N/A,N/A,N/A,N/A
10,Glen (1955),h,Constant load,Uniaxial compression,0,"Creep curves of strain as a function of time (Figs. 3-6). Temperature, sampe name, secondary minimum strain rate, and remarks summarized in a table 2.",N/A,YES,NO,Cylindrical,25.4 or 50.8,50.8 or 101.6,N/A,N/A,N/A,-0.02,-0.01,-0.03,"Samples immersed in a paraffin bath, which is immersed in a water-ice bath, the maximum variation of T in the paraffin bath is 0.03K (page 520).",D,1500,1000,2000,N/A,N/A,N/A,N/A,N/A,N/A,E,0.61,N/A,No correction for surface area expansion. But its effect should be low at seconday minimum.,N/A,E,1.55E-06,N/A,N/A,N/A,N/A,N/A,N/A,N/A,N/A,N/A,N/A,N/A,N/A,N/A,N/A,N/A,N/A,N/A,N/A,N/A,N/A,N/A,N/A,N/A,N/A,N/A,N/A,N/A
11,Glen (1955),i,Constant load,Uniaxial compression,0,"Creep curves of strain as a function of time (Figs. 3-6). Temperature, sampe name, secondary minimum strain rate, and remarks summarized in a table 2.",N/A,YES,NO,Cylindrical,25.4 or 50.8,50.8 or 101.6,N/A,N/A,N/A,-0.02,-0.01,-0.03,"Samples immersed in a paraffin bath, which is immersed in a water-ice bath, the maximum variation of T in the paraffin bath is 0.03K (page 520).",D,1500,1000,2000,N/A,N/A,N/A,N/A,N/A,N/A,E,0.62,N/A,No correction for surface area expansion. But its effect should be low at seconday minimum.,N/A,E,1.51E-06,N/A,N/A,N/A,N/A,N/A,N/A,N/A,N/A,N/A,N/A,N/A,N/A,N/A,N/A,N/A,N/A,N/A,N/A,N/A,N/A,N/A,N/A,N/A,N/A,N/A,N/A,N/A
12,Glen (1955),a,Constant load,Uniaxial compression,0,"Creep curves of strain as a function of time (Figs. 3-6). Temperature, sampe name, secondary minimum strain rate, and remarks summarized in a table 2.",N/A,YES,NO,Cylindrical,25.4 or 50.8,50.8 or 101.6,N/A,N/A,N/A,-0.02,-0.01,-0.03,"Samples immersed in a paraffin bath, which is immersed in a water-ice bath, the maximum variation of T in the paraffin bath is 0.03K (page 520).",D,1500,1000,2000,N/A,N/A,N/A,N/A,N/A,N/A,E,0.85,N/A,No correction for surface area expansion. But its effect should be low at seconday minimum.,N/A,E,3.87E-06,N/A,N/A,N/A,N/A,N/A,N/A,N/A,N/A,N/A,N/A,N/A,N/A,N/A,N/A,N/A,N/A,N/A,N/A,N/A,N/A,N/A,N/A,N/A,N/A,N/A,N/A,N/A
13,Glen (1955),b,Constant load,Uniaxial compression,0,"Creep curves of strain as a function of time (Figs. 3-6). Temperature, sampe name, secondary minimum strain rate, and remarks summarized in a table 2.",N/A,YES,NO,Cylindrical,25.4 or 50.8,50.8 or 101.6,N/A,N/A,N/A,-0.02,-0.01,-0.03,"Samples immersed in a paraffin bath, which is immersed in a water-ice bath, the maximum variation of T in the paraffin bath is 0.03K (page 520).",D,1500,1000,2000,N/A,N/A,N/A,N/A,N/A,N/A,E,0.87,N/A,No correction for surface area expansion. But its effect should be low at seconday minimum.,N/A,E,3.55E-06,N/A,N/A,N/A,N/A,N/A,N/A,N/A,N/A,N/A,N/A,N/A,N/A,N/A,N/A,N/A,N/A,N/A,N/A,N/A,N/A,N/A,N/A,N/A,N/A,N/A,N/A,N/A
14,Glen (1955),d,Constant load,Uniaxial compression,0,"Creep curves of strain as a function of time (Figs. 3-6). Temperature, sampe name, secondary minimum strain rate, and remarks summarized in a table 2.",N/A,YES,NO,Cylindrical,25.4 or 50.8,50.8 or 101.6,N/A,N/A,N/A,-0.02,-0.01,-0.03,"Samples immersed in a paraffin bath, which is immersed in a water-ice bath, the maximum variation of T in the paraffin bath is 0.03K (page 520).",D,1500,1000,2000,N/A,N/A,N/A,N/A,N/A,N/A,E,0.87,N/A,No correction for surface area expansion. But its effect should be low at seconday minimum.,N/A,E,9.32E-06,N/A,N/A,N/A,N/A,N/A,N/A,N/A,N/A,N/A,N/A,N/A,N/A,N/A,N/A,N/A,N/A,N/A,N/A,N/A,N/A,N/A,N/A,N/A,N/A,N/A,N/A,N/A
15,Glen (1955),f,Constant load,Uniaxial compression,0,"Creep curves of strain as a function of time (Figs. 3-6). Temperature, sampe name, secondary minimum strain rate, and remarks summarized in a table 2.",N/A,YES,NO,Cylindrical,25.4 or 50.8,50.8 or 101.6,N/A,N/A,N/A,-0.02,-0.01,-0.03,"Samples immersed in a paraffin bath, which is immersed in a water-ice bath, the maximum variation of T in the paraffin bath is 0.03K (page 520).",D,1500,1000,2000,N/A,N/A,N/A,N/A,N/A,N/A,E,0.87,N/A,No correction for surface area expansion. But its effect should be low at seconday minimum.,N/A,E,6.12E-06,N/A,N/A,N/A,N/A,N/A,N/A,N/A,N/A,N/A,N/A,N/A,N/A,N/A,N/A,N/A,N/A,N/A,N/A,N/A,N/A,N/A,N/A,N/A,N/A,N/A,N/A,N/A
16,Glen (1955),g,Constant load,Uniaxial compression,0,"Creep curves of strain as a function of time (Figs. 3-6). Temperature, sampe name, secondary minimum strain rate, and remarks summarized in a table 2.",N/A,YES,NO,Cylindrical,25.4 or 50.8,50.8 or 101.6,N/A,N/A,N/A,-0.02,-0.01,-0.03,"Samples immersed in a paraffin bath, which is immersed in a water-ice bath, the maximum variation of T in the paraffin bath is 0.03K (page 520).",D,1500,1000,2000,N/A,N/A,N/A,N/A,N/A,N/A,E,0.9,N/A,No correction for surface area expansion. But its effect should be low at seconday minimum.,N/A,E,8.31E-06,N/A,N/A,N/A,N/A,N/A,N/A,N/A,N/A,N/A,N/A,N/A,N/A,N/A,N/A,N/A,N/A,N/A,N/A,N/A,N/A,N/A,N/A,N/A,N/A,N/A,N/A,N/A
17,Glen (1955),c,Constant load,Uniaxial compression,0,"Creep curves of strain as a function of time (Figs. 3-6). Temperature, sampe name, secondary minimum strain rate, and remarks summarized in a table 2.",N/A,YES,NO,Cylindrical,25.4 or 50.8,50.8 or 101.6,N/A,N/A,N/A,-0.02,-0.01,-0.03,"Samples immersed in a paraffin bath, which is immersed in a water-ice bath, the maximum variation of T in the paraffin bath is 0.03K (page 520).",D,1500,1000,2000,N/A,N/A,N/A,N/A,N/A,N/A,E,0.92,N/A,No correction for surface area expansion. But its effect should be low at seconday minimum.,N/A,E,1.03E-05,N/A,N/A,N/A,N/A,N/A,N/A,N/A,N/A,N/A,N/A,N/A,N/A,N/A,N/A,N/A,N/A,N/A,N/A,N/A,N/A,N/A,N/A,N/A,N/A,N/A,N/A,N/A
18,Glen (1955),xii,Constant load,Uniaxial compression,0,"Creep curves of strain as a function of time (Figs. 3-6). Temperature, sampe name, secondary minimum strain rate, and remarks summarized in a table 2.",N/A,YES,NO,Cylindrical,25.4 or 50.8,50.8 or 101.6,N/A,N/A,N/A,-1.5,-1,-2,Samples are immersed in a paraffin bath and placed in a cold chamber. The minimum variation of T is 0.5K (page 520).,D,1500,1000,2000,N/A,N/A,N/A,N/A,N/A,N/A,E,0.09,N/A,No correction for surface area expansion. But its effect should be low at seconday minimum.,N/A,E,1.35E-09,N/A,N/A,N/A,N/A,N/A,N/A,N/A,N/A,N/A,N/A,N/A,N/A,N/A,N/A,N/A,N/A,N/A,N/A,N/A,N/A,N/A,N/A,N/A,N/A,N/A,N/A,N/A
19,Glen (1955),xi,Constant load,Uniaxial compression,0,"Creep curves of strain as a function of time (Figs. 3-6). Temperature, sampe name, secondary minimum strain rate, and remarks summarized in a table 2.",N/A,YES,NO,Cylindrical,25.4 or 50.8,50.8 or 101.6,N/A,N/A,N/A,-1.7,-1.2,-2.2,Samples are immersed in a paraffin bath and placed in a cold chamber. The minimum variation of T is 0.5K (page 520).,D,1500,1000,2000,N/A,N/A,N/A,N/A,N/A,N/A,E,0.15,N/A,No correction for surface area expansion. But its effect should be low at seconday minimum.,N/A,E,2.16E-09,N/A,N/A,N/A,N/A,N/A,N/A,N/A,N/A,N/A,N/A,N/A,N/A,N/A,N/A,N/A,N/A,N/A,N/A,N/A,N/A,N/A,N/A,N/A,N/A,N/A,N/A,N/A
20,Glen (1955),x,Constant load,Uniaxial compression,0,"Creep curves of strain as a function of time (Figs. 3-6). Temperature, sampe name, secondary minimum strain rate, and remarks summarized in a table 2.",N/A,YES,NO,Cylindrical,25.4 or 50.8,50.8 or 101.6,N/A,N/A,N/A,-1.3,-0.8,-1.8,Samples are immersed in a paraffin bath and placed in a cold chamber. The minimum variation of T is 0.5K (page 520).,D,1500,1000,2000,N/A,N/A,N/A,N/A,N/A,N/A,E,0.15,N/A,No correction for surface area expansion. But its effect should be low at seconday minimum.,N/A,E,4.63E-09,N/A,N/A,N/A,N/A,N/A,N/A,N/A,N/A,N/A,N/A,N/A,N/A,N/A,N/A,N/A,N/A,N/A,N/A,N/A,N/A,N/A,N/A,N/A,N/A,N/A,N/A,N/A
21,Glen (1955),iv,Constant load,Uniaxial compression,0,"Creep curves of strain as a function of time (Figs. 3-6). Temperature, sampe name, secondary minimum strain rate, and remarks summarized in a table 2.",N/A,YES,NO,Cylindrical,25.4 or 50.8,50.8 or 101.6,N/A,N/A,N/A,-1.3,-0.8,-1.8,Samples are immersed in a paraffin bath and placed in a cold chamber. The minimum variation of T is 0.5K (page 520).,D,1500,1000,2000,N/A,N/A,N/A,N/A,N/A,N/A,E,0.17,N/A,No correction for surface area expansion. But its effect should be low at seconday minimum.,N/A,E,2.73E-09,N/A,N/A,N/A,N/A,N/A,N/A,N/A,N/A,N/A,N/A,N/A,N/A,N/A,N/A,N/A,N/A,N/A,N/A,N/A,N/A,N/A,N/A,N/A,N/A,N/A,N/A,N/A
22,Glen (1955),vi,Constant load,Uniaxial compression,0,"Creep curves of strain as a function of time (Figs. 3-6). Temperature, sampe name, secondary minimum strain rate, and remarks summarized in a table 2.",N/A,YES,NO,Cylindrical,25.4 or 50.8,50.8 or 101.6,N/A,N/A,N/A,-1.6,-1.1,-2.1,Samples are immersed in a paraffin bath and placed in a cold chamber. The minimum variation of T is 0.5K (page 520).,D,1500,1000,2000,N/A,N/A,N/A,N/A,N/A,N/A,E,0.18,N/A,No correction for surface area expansion. But its effect should be low at seconday minimum.,N/A,E,7.01E-09,N/A,N/A,N/A,N/A,N/A,N/A,N/A,N/A,N/A,N/A,N/A,N/A,N/A,N/A,N/A,N/A,N/A,N/A,N/A,N/A,N/A,N/A,N/A,N/A,N/A,N/A,N/A
23,Glen (1955),v,Constant load,Uniaxial compression,0,"Creep curves of strain as a function of time (Figs. 3-6). Temperature, sampe name, secondary minimum strain rate, and remarks summarized in a table 2.",N/A,NO,NO,Cylindrical,25.4 or 50.8,50.8 or 101.6,N/A,N/A,N/A,-1.5,-1,-2,Samples are immersed in a paraffin bath and placed in a cold chamber. The minimum variation of T is 0.5K (page 520).,D,1500,1000,2000,N/A,N/A,N/A,N/A,N/A,N/A,E,0.19,N/A,No correction for surface area expansion. But its effect should be low at seconday minimum.,N/A,E,3.58E-09,N/A,N/A,No transient creep. Data not used.,N/A,N/A,N/A,N/A,N/A,N/A,N/A,N/A,N/A,N/A,N/A,N/A,N/A,N/A,N/A,N/A,N/A,N/A,N/A,N/A,N/A,N/A,N/A,N/A
24,Glen (1955),vii,Constant load,Uniaxial compression,0,"Creep curves of strain as a function of time (Figs. 3-6). Temperature, sampe name, secondary minimum strain rate, and remarks summarized in a table 2.",N/A,YES,NO,Cylindrical,25.4 or 50.8,50.8 or 101.6,N/A,N/A,N/A,-1.1,-0.6,-1.6,Samples are immersed in a paraffin bath and placed in a cold chamber. The minimum variation of T is 0.5K (page 520).,D,1500,1000,2000,N/A,N/A,N/A,N/A,N/A,N/A,E,0.24,N/A,No correction for surface area expansion. But its effect should be low at seconday minimum.,N/A,E,7.48E-09,N/A,N/A,N/A,N/A,N/A,N/A,N/A,N/A,N/A,N/A,N/A,N/A,N/A,N/A,N/A,N/A,N/A,N/A,N/A,N/A,N/A,N/A,N/A,N/A,N/A,N/A,N/A
25,Glen (1955),ix,Constant load,Uniaxial compression,0,"Creep curves of strain as a function of time (Figs. 3-6). Temperature, sampe name, secondary minimum strain rate, and remarks summarized in a table 2.",N/A,YES,NO,Cylindrical,25.4 or 50.8,50.8 or 101.6,N/A,N/A,N/A,-1.5,-1,-2,Samples are immersed in a paraffin bath and placed in a cold chamber. The minimum variation of T is 0.5K (page 520).,D,1500,1000,2000,N/A,N/A,N/A,N/A,N/A,N/A,E,0.25,N/A,No correction for surface area expansion. But its effect should be low at seconday minimum.,N/A,E,1.13E-08,N/A,N/A,N/A,N/A,N/A,N/A,N/A,N/A,N/A,N/A,N/A,N/A,N/A,N/A,N/A,N/A,N/A,N/A,N/A,N/A,N/A,N/A,N/A,N/A,N/A,N/A,N/A
26,Glen (1955),viii,Constant load,Uniaxial compression,0,"Creep curves of strain as a function of time (Figs. 3-6). Temperature, sampe name, secondary minimum strain rate, and remarks summarized in a table 2.",N/A,YES,NO,Cylindrical,25.4 or 50.8,50.8 or 101.6,N/A,N/A,N/A,-2.1,-1.6,-2.6,Samples are immersed in a paraffin bath and placed in a cold chamber. The minimum variation of T is 0.5K (page 520).,D,1500,1000,2000,N/A,N/A,N/A,N/A,N/A,N/A,E,0.28,N/A,No correction for surface area expansion. But its effect should be low at seconday minimum.,N/A,E,1.22E-08,N/A,N/A,N/A,N/A,N/A,N/A,N/A,N/A,N/A,N/A,N/A,N/A,N/A,N/A,N/A,N/A,N/A,N/A,N/A,N/A,N/A,N/A,N/A,N/A,N/A,N/A,N/A
27,Glen (1955),F,Constant load,Uniaxial compression,0,"Creep curves of strain as a function of time (Figs. 3-6). Temperature, sampe name, secondary minimum strain rate, and remarks summarized in a table 2.",N/A,YES,NO,Cylindrical,25.4 or 50.8,50.8 or 101.6,N/A,N/A,N/A,-1.5,-1,-2,Samples are immersed in a paraffin bath and placed in a cold chamber. The minimum variation of T is 0.5K (page 520).,D,1500,1000,2000,N/A,N/A,N/A,N/A,N/A,N/A,E,0.37,N/A,No correction for surface area expansion. But its effect should be low at seconday minimum.,N/A,E,2.47E-08,N/A,N/A,N/A,N/A,N/A,N/A,N/A,N/A,N/A,N/A,N/A,N/A,N/A,N/A,N/A,N/A,N/A,N/A,N/A,N/A,N/A,N/A,N/A,N/A,N/A,N/A,N/A
28,Glen (1955),C,Constant load,Uniaxial compression,0,"Creep curves of strain as a function of time (Figs. 3-6). Temperature, sampe name, secondary minimum strain rate, and remarks summarized in a table 2.",N/A,YES,NO,Cylindrical,25.4 or 50.8,50.8 or 101.6,N/A,N/A,N/A,-1.3,-0.8,-1.8,Samples are immersed in a paraffin bath and placed in a cold chamber. The minimum variation of T is 0.5K (page 520).,D,1500,1000,2000,N/A,N/A,N/A,N/A,N/A,N/A,E,0.38,N/A,No correction for surface area expansion. But its effect should be low at seconday minimum.,N/A,E,7.29E-08,N/A,N/A,N/A,N/A,N/A,N/A,N/A,N/A,N/A,N/A,N/A,N/A,N/A,N/A,N/A,N/A,N/A,N/A,N/A,N/A,N/A,N/A,N/A,N/A,N/A,N/A,N/A
29,Glen (1955),B,Constant load,Uniaxial compression,0,"Creep curves of strain as a function of time (Figs. 3-6). Temperature, sampe name, secondary minimum strain rate, and remarks summarized in a table 2.",N/A,YES,NO,Cylindrical,25.4 or 50.8,50.8 or 101.6,N/A,N/A,N/A,-1.3,-0.8,-1.8,Samples are immersed in a paraffin bath and placed in a cold chamber. The minimum variation of T is 0.5K (page 520).,D,1500,1000,2000,N/A,N/A,N/A,N/A,N/A,N/A,E,0.41,N/A,No correction for surface area expansion. But its effect should be low at seconday minimum.,N/A,E,7.23E-08,N/A,N/A,N/A,N/A,N/A,N/A,N/A,N/A,N/A,N/A,N/A,N/A,N/A,N/A,N/A,N/A,N/A,N/A,N/A,N/A,N/A,N/A,N/A,N/A,N/A,N/A,N/A
30,Glen (1955),A,Constant load,Uniaxial compression,0,"Creep curves of strain as a function of time (Figs. 3-6). Temperature, sampe name, secondary minimum strain rate, and remarks summarized in a table 2.",N/A,YES,NO,Cylindrical,25.4 or 50.8,50.8 or 101.6,N/A,N/A,N/A,-2,-1.5,-2.5,Samples are immersed in a paraffin bath and placed in a cold chamber. The minimum variation of T is 0.5K (page 520).,D,1500,1000,2000,N/A,N/A,N/A,N/A,N/A,N/A,E,0.63,N/A,No correction for surface area expansion. But its effect should be low at seconday minimum.,N/A,E,2.98E-07,N/A,N/A,N/A,N/A,N/A,N/A,N/A,N/A,N/A,N/A,N/A,N/A,N/A,N/A,N/A,N/A,N/A,N/A,N/A,N/A,N/A,N/A,N/A,N/A,N/A,N/A,N/A
31,Glen (1955),E,Constant load,Uniaxial compression,0,"Creep curves of strain as a function of time (Figs. 3-6). Temperature, sampe name, secondary minimum strain rate, and remarks summarized in a table 2.",N/A,YES,NO,Cylindrical,25.4 or 50.8,50.8 or 101.6,N/A,N/A,N/A,-1.2,-0.7,-1.7,Samples are immersed in a paraffin bath and placed in a cold chamber. The minimum variation of T is 0.5K (page 520).,D,1500,1000,2000,N/A,N/A,N/A,N/A,N/A,N/A,E,0.64,N/A,No correction for surface area expansion. But its effect should be low at seconday minimum.,N/A,E,2.27E-07,N/A,N/A,N/A,N/A,N/A,N/A,N/A,N/A,N/A,N/A,N/A,N/A,N/A,N/A,N/A,N/A,N/A,N/A,N/A,N/A,N/A,N/A,N/A,N/A,N/A,N/A,N/A
32,Glen (1955),D,Constant load,Uniaxial compression,0,"Creep curves of strain as a function of time (Figs. 3-6). Temperature, sampe name, secondary minimum strain rate, and remarks summarized in a table 2.",N/A,YES,NO,Cylindrical,25.4 or 50.8,50.8 or 101.6,N/A,N/A,N/A,-1.4,-0.9,-1.9,Samples are immersed in a paraffin bath and placed in a cold chamber. The minimum variation of T is 0.5K (page 520).,D,1500,1000,2000,N/A,N/A,N/A,N/A,N/A,N/A,E,0.93,N/A,No correction for surface area expansion. But its effect should be low at seconday minimum.,N/A,E,6.88E-07,N/A,N/A,N/A,N/A,N/A,N/A,N/A,N/A,N/A,N/A,N/A,N/A,N/A,N/A,N/A,N/A,N/A,N/A,N/A,N/A,N/A,N/A,N/A,N/A,N/A,N/A,N/A
33,Glen (1955),1,Constant load,Uniaxial compression,0,"Creep curves of strain as a function of time (Figs. 3-6). Temperature, sampe name, secondary minimum strain rate, and remarks summarized in a table 2.",N/A,YES,NO,Cylindrical,25.4 or 50.8,50.8 or 101.6,N/A,N/A,N/A,-6.8,-6.3,-7.3,Samples are immersed in a paraffin bath and placed in a cold chamber. The minimum variation of T is 0.5K (page 520).,D,1500,1000,2000,N/A,N/A,N/A,N/A,N/A,N/A,E,0.22,N/A,No correction for surface area expansion. But its effect should be low at seconday minimum.,N/A,E,3.27E-09,N/A,N/A,N/A,N/A,N/A,N/A,N/A,N/A,N/A,N/A,N/A,N/A,N/A,N/A,N/A,N/A,N/A,N/A,N/A,N/A,N/A,N/A,N/A,N/A,N/A,N/A,N/A
34,Glen (1955),2,Constant load,Uniaxial compression,0,"Creep curves of strain as a function of time (Figs. 3-6). Temperature, sampe name, secondary minimum strain rate, and remarks summarized in a table 2.",N/A,YES,NO,Cylindrical,25.4 or 50.8,50.8 or 101.6,N/A,N/A,N/A,-6.7,-6.2,-7.2,Samples are immersed in a paraffin bath and placed in a cold chamber. The minimum variation of T is 0.5K (page 520).,D,1500,1000,2000,N/A,N/A,N/A,N/A,N/A,N/A,E,0.6,N/A,No correction for surface area expansion. But its effect should be low at seconday minimum.,N/A,E,8.21E-08,N/A,N/A,N/A,N/A,N/A,N/A,N/A,N/A,N/A,N/A,N/A,N/A,N/A,N/A,N/A,N/A,N/A,N/A,N/A,N/A,N/A,N/A,N/A,N/A,N/A,N/A,N/A
35,Glen (1955),3,Constant load,Uniaxial compression,0,"Creep curves of strain as a function of time (Figs. 3-6). Temperature, sampe name, secondary minimum strain rate, and remarks summarized in a table 2.",N/A,YES,NO,Cylindrical,25.4 or 50.8,50.8 or 101.6,N/A,N/A,N/A,-12.7,-12.2,-13.2,Samples are immersed in a paraffin bath and placed in a cold chamber. The minimum variation of T is 0.5K (page 520).,D,1500,1000,2000,N/A,N/A,N/A,N/A,N/A,N/A,E,0.59,N/A,No correction for surface area expansion. But its effect should be low at seconday minimum.,N/A,E,1.55E-08,N/A,N/A,N/A,N/A,N/A,N/A,N/A,N/A,N/A,N/A,N/A,N/A,N/A,N/A,N/A,N/A,N/A,N/A,N/A,N/A,N/A,N/A,N/A,N/A,N/A,N/A,N/A
36,Duval & Gac (1980),A1,Constant stress,Uniaxial compression,0,Minimum strain rate vs. grain size (Fig. 4). Summary data in table (Table 1).,N/A,MAYBE,NO,Cylindrical,80,119,N/A,N/A,N/A,-4.6,N/A,N/A,Temperature controlled by a cold room.,D,1800,1700,1900,N/A,N/A,Rigsby stage,N/A,N/A,N/A,E?,0.5,N/A,Secondary creep possibly not reached at the end of experiments (max strain 0.5-1%) (page 153).,N/A,E?,1.90E-08,N/A,N/A,Secondary creep possibly not reached (page 153).,N/A,N/A,N/A,N/A,N/A,N/A,N/A,N/A,N/A,N/A,N/A,N/A,N/A,N/A,N/A,N/A,N/A,N/A,N/A,N/A,N/A,N/A,N/A,N/A
37,Duval & Gac (1980),A2,Constant stress,Uniaxial compression,0,Minimum strain rate vs. grain size (Fig. 4). Summary data in table (Table 1).,N/A,MAYBE,NO,Cylindrical,80,120,N/A,N/A,N/A,-7,N/A,N/A,Temperature controlled by a cold room.,D,5060,4060,6060,N/A,N/A,Rigsby stage,N/A,N/A,N/A,E?,0.5,N/A,Secondary creep possibly not reached at the end of experiments (max strain 0.5-1%) (page 153).,N/A,E?,9.00E-09,N/A,N/A,Secondary creep possibly not reached (page 153).,N/A,N/A,N/A,N/A,N/A,N/A,N/A,N/A,N/A,N/A,N/A,N/A,N/A,N/A,N/A,N/A,N/A,N/A,N/A,N/A,N/A,N/A,N/A,N/A
38,Duval & Gac (1980),A3,Constant stress,Uniaxial compression,0,Minimum strain rate vs. grain size (Fig. 4). Summary data in table (Table 1).,N/A,MAYBE,NO,Cylindrical,80,120,N/A,N/A,N/A,-7.2,N/A,N/A,Temperature controlled by a cold room.,D,1070,970,1170,N/A,N/A,Rigsby stage,N/A,N/A,N/A,E?,0.48,N/A,Secondary creep possibly not reached at the end of experiments (max strain 0.5-1%) (page 153).,N/A,E?,1.00E-08,N/A,N/A,Secondary creep possibly not reached (page 153).,N/A,N/A,N/A,N/A,N/A,N/A,N/A,N/A,N/A,N/A,N/A,N/A,N/A,N/A,N/A,N/A,N/A,N/A,N/A,N/A,N/A,N/A,N/A,N/A
39,Duval & Gac (1980),A4,Constant stress,Uniaxial compression,0,Minimum strain rate vs. grain size (Fig. 4). Summary data in table (Table 1).,N/A,MAYBE,NO,Cylindrical,80,117,N/A,N/A,N/A,-7.2,N/A,N/A,Temperature controlled by a cold room.,D,1100,1000,1200,N/A,N/A,Rigsby stage,N/A,N/A,N/A,E?,0.5,N/A,Secondary creep possibly not reached at the end of experiments (max strain 0.5-1%) (page 153).,N/A,E?,1.20E-08,N/A,N/A,Secondary creep possibly not reached (page 153).,N/A,N/A,N/A,N/A,N/A,N/A,N/A,N/A,N/A,N/A,N/A,N/A,N/A,N/A,N/A,N/A,N/A,N/A,N/A,N/A,N/A,N/A,N/A,N/A
40,Duval & Gac (1980),A5,Constant stress,Uniaxial compression,0,Minimum strain rate vs. grain size (Fig. 4). Summary data in table (Table 1).,N/A,MAYBE,NO,Cylindrical,80,120,N/A,N/A,N/A,-7.2,N/A,N/A,Temperature controlled by a cold room.,D,1400,1300,1500,N/A,N/A,Rigsby stage,N/A,N/A,N/A,E?,0.48,N/A,Secondary creep possibly not reached at the end of experiments (max strain 0.5-1%) (page 153).,N/A,E?,8.00E-09,N/A,N/A,Secondary creep possibly not reached (page 153).,N/A,N/A,N/A,N/A,N/A,N/A,N/A,N/A,N/A,N/A,N/A,N/A,N/A,N/A,N/A,N/A,N/A,N/A,N/A,N/A,N/A,N/A,N/A,N/A
41,Duval & Gac (1980),A6,Constant stress,Uniaxial compression,0,Minimum strain rate vs. grain size (Fig. 4). Summary data in table (Table 1).,N/A,MAYBE,NO,Cylindrical,80,119,N/A,N/A,N/A,-7.2,N/A,N/A,Temperature controlled by a cold room.,D,7000,6000,8000,N/A,N/A,Rigsby stage,N/A,N/A,N/A,E?,0.49,N/A,Secondary creep possibly not reached at the end of experiments (max strain 0.5-1%) (page 153).,N/A,E?,4.00E-09,N/A,N/A,Secondary creep possibly not reached (page 153).,N/A,N/A,N/A,N/A,N/A,N/A,N/A,N/A,N/A,N/A,N/A,N/A,N/A,N/A,N/A,N/A,N/A,N/A,N/A,N/A,N/A,N/A,N/A,N/A
42,Duval & Gac (1980),A7,Constant stress,Uniaxial compression,0,Minimum strain rate vs. grain size (Fig. 4). Summary data in table (Table 1).,N/A,MAYBE,NO,Cylindrical,80,118,N/A,N/A,N/A,-7.2,N/A,N/A,Temperature controlled by a cold room.,D,1880,1780,1980,N/A,N/A,Rigsby stage,N/A,N/A,N/A,E?,0.49,N/A,Secondary creep possibly not reached at the end of experiments (max strain 0.5-1%) (page 153).,N/A,E?,7.00E-09,N/A,N/A,Secondary creep possibly not reached (page 153).,N/A,N/A,N/A,N/A,N/A,N/A,N/A,N/A,N/A,N/A,N/A,N/A,N/A,N/A,N/A,N/A,N/A,N/A,N/A,N/A,N/A,N/A,N/A,N/A
43,Jones & Chew (1981),N/A,Constant stress,Uniaxial compression,0,High strain rate (5E-4/s) but without confining pressure. Sample cracking is very possible during deformation. These data are in duplicate with Jones & Chew (1983). We use the latter one for modelling as it includes more data points.,N/A,NO,NO,Cylindrical,20,60,N/A,N/A,N/A,-10.5,N/A,N/A,N/A,D,900.41,N/A,N/A,N/A,N/A,N/A,N/A,N/A,N/A,E?,7.8,N/A,Stress digitised from Fig. 1.,N/A,E?,5.50E-04,N/A,N/A,N/A,N/A,N/A,N/A,N/A,N/A,N/A,N/A,N/A,N/A,N/A,N/A,N/A,N/A,N/A,N/A,N/A,N/A,N/A,N/A,N/A,N/A,N/A,N/A,N/A
44,Jones & Chew (1981),N/A,Constant stress,Uniaxial compression,0,High strain rate (5E-4/s) but without confining pressure. Sample cracking is very possible during deformation. These data are in duplicate with Jones & Chew (1983). We use the latter one for modelling as it includes more data points.,N/A,NO,NO,Cylindrical,20,60,N/A,N/A,N/A,-10.5,N/A,N/A,N/A,D,900.63,N/A,N/A,N/A,N/A,N/A,N/A,N/A,N/A,E?,7.09,N/A,Stress digitised from Fig. 1.,N/A,E?,5.50E-04,N/A,N/A,N/A,N/A,N/A,N/A,N/A,N/A,N/A,N/A,N/A,N/A,N/A,N/A,N/A,N/A,N/A,N/A,N/A,N/A,N/A,N/A,N/A,N/A,N/A,N/A,N/A
45,Jones & Chew (1981),N/A,Constant stress,Uniaxial compression,0,High strain rate (5E-4/s) but without confining pressure. Sample cracking is very possible during deformation. These data are in duplicate with Jones & Chew (1983). We use the latter one for modelling as it includes more data points.,N/A,NO,NO,Cylindrical,20,60,N/A,N/A,N/A,-10.5,N/A,N/A,N/A,D,999.14,N/A,N/A,N/A,N/A,N/A,N/A,N/A,N/A,E?,7.48,N/A,Stress digitised from Fig. 1.,N/A,E?,5.50E-04,N/A,N/A,N/A,N/A,N/A,N/A,N/A,N/A,N/A,N/A,N/A,N/A,N/A,N/A,N/A,N/A,N/A,N/A,N/A,N/A,N/A,N/A,N/A,N/A,N/A,N/A,N/A
46,Jones & Chew (1981),N/A,Constant stress,Uniaxial compression,0,High strain rate (5E-4/s) but without confining pressure. Sample cracking is very possible during deformation. These data are in duplicate with Jones & Chew (1983). We use the latter one for modelling as it includes more data points.,N/A,NO,NO,Cylindrical,20,60,N/A,N/A,N/A,-10.5,N/A,N/A,N/A,D,999.17,N/A,N/A,N/A,N/A,N/A,N/A,N/A,N/A,E?,7.39,N/A,Stress digitised from Fig. 1.,N/A,E?,5.50E-04,N/A,N/A,N/A,N/A,N/A,N/A,N/A,N/A,N/A,N/A,N/A,N/A,N/A,N/A,N/A,N/A,N/A,N/A,N/A,N/A,N/A,N/A,N/A,N/A,N/A,N/A,N/A
47,Jones & Chew (1981),N/A,Constant stress,Uniaxial compression,0,High strain rate (5E-4/s) but without confining pressure. Sample cracking is very possible during deformation. These data are in duplicate with Jones & Chew (1983). We use the latter one for modelling as it includes more data points.,N/A,NO,NO,Cylindrical,20,60,N/A,N/A,N/A,-10.5,N/A,N/A,N/A,D,1102.85,N/A,N/A,N/A,N/A,N/A,N/A,N/A,N/A,E?,8.76,N/A,Stress digitised from Fig. 1.,N/A,E?,5.50E-04,N/A,N/A,N/A,N/A,N/A,N/A,N/A,N/A,N/A,N/A,N/A,N/A,N/A,N/A,N/A,N/A,N/A,N/A,N/A,N/A,N/A,N/A,N/A,N/A,N/A,N/A,N/A
48,Jones & Chew (1981),N/A,Constant stress,Uniaxial compression,0,High strain rate (5E-4/s) but without confining pressure. Sample cracking is very possible during deformation. These data are in duplicate with Jones & Chew (1983). We use the latter one for modelling as it includes more data points.,N/A,NO,NO,Cylindrical,20,60,N/A,N/A,N/A,-10.5,N/A,N/A,N/A,D,1103.19,N/A,N/A,N/A,N/A,N/A,N/A,N/A,N/A,E?,7.66,N/A,Stress digitised from Fig. 1.,N/A,E?,5.50E-04,N/A,N/A,N/A,N/A,N/A,N/A,N/A,N/A,N/A,N/A,N/A,N/A,N/A,N/A,N/A,N/A,N/A,N/A,N/A,N/A,N/A,N/A,N/A,N/A,N/A,N/A,N/A
49,Jones & Chew (1981),N/A,Constant stress,Uniaxial compression,0,High strain rate (5E-4/s) but without confining pressure. Sample cracking is very possible during deformation. These data are in duplicate with Jones & Chew (1983). We use the latter one for modelling as it includes more data points.,N/A,NO,NO,Cylindrical,20,60,N/A,N/A,N/A,-10.5,N/A,N/A,N/A,D,1103.23,N/A,N/A,N/A,N/A,N/A,N/A,N/A,N/A,E?,7.56,N/A,Stress digitised from Fig. 1.,N/A,E?,5.50E-04,N/A,N/A,N/A,N/A,N/A,N/A,N/A,N/A,N/A,N/A,N/A,N/A,N/A,N/A,N/A,N/A,N/A,N/A,N/A,N/A,N/A,N/A,N/A,N/A,N/A,N/A,N/A
50,Jones & Chew (1981),N/A,Constant stress,Uniaxial compression,0,High strain rate (5E-4/s) but without confining pressure. Sample cracking is very possible during deformation. These data are in duplicate with Jones & Chew (1983). We use the latter one for modelling as it includes more data points.,N/A,NO,NO,Cylindrical,20,60,N/A,N/A,N/A,-10.5,N/A,N/A,N/A,D,1103.27,N/A,N/A,N/A,N/A,N/A,N/A,N/A,N/A,E?,7.42,N/A,Stress digitised from Fig. 1.,N/A,E?,5.50E-04,N/A,N/A,N/A,N/A,N/A,N/A,N/A,N/A,N/A,N/A,N/A,N/A,N/A,N/A,N/A,N/A,N/A,N/A,N/A,N/A,N/A,N/A,N/A,N/A,N/A,N/A,N/A
51,Jones & Chew (1981),N/A,Constant stress,Uniaxial compression,0,High strain rate (5E-4/s) but without confining pressure. Sample cracking is very possible during deformation. These data are in duplicate with Jones & Chew (1983). We use the latter one for modelling as it includes more data points.,N/A,NO,NO,Cylindrical,20,60,N/A,N/A,N/A,-10.5,N/A,N/A,N/A,D,1198.47,N/A,N/A,N/A,N/A,N/A,N/A,N/A,N/A,E?,7.88,N/A,Stress digitised from Fig. 1.,N/A,E?,5.50E-04,N/A,N/A,N/A,N/A,N/A,N/A,N/A,N/A,N/A,N/A,N/A,N/A,N/A,N/A,N/A,N/A,N/A,N/A,N/A,N/A,N/A,N/A,N/A,N/A,N/A,N/A,N/A
52,Jones & Chew (1981),N/A,Constant stress,Uniaxial compression,0,High strain rate (5E-4/s) but without confining pressure. Sample cracking is very possible during deformation. These data are in duplicate with Jones & Chew (1983). We use the latter one for modelling as it includes more data points.,N/A,NO,NO,Cylindrical,20,60,N/A,N/A,N/A,-10.5,N/A,N/A,N/A,D,1197.42,N/A,N/A,N/A,N/A,N/A,N/A,N/A,N/A,E?,7.74,N/A,Stress digitised from Fig. 1.,N/A,E?,5.50E-04,N/A,N/A,N/A,N/A,N/A,N/A,N/A,N/A,N/A,N/A,N/A,N/A,N/A,N/A,N/A,N/A,N/A,N/A,N/A,N/A,N/A,N/A,N/A,N/A,N/A,N/A,N/A
53,Jones & Chew (1981),N/A,Constant stress,Uniaxial compression,0,High strain rate (5E-4/s) but without confining pressure. Sample cracking is very possible during deformation. These data are in duplicate with Jones & Chew (1983). We use the latter one for modelling as it includes more data points.,N/A,NO,NO,Cylindrical,20,60,N/A,N/A,N/A,-10.5,N/A,N/A,N/A,D,1197.5,N/A,N/A,N/A,N/A,N/A,N/A,N/A,N/A,E?,7.48,N/A,Stress digitised from Fig. 1.,N/A,E?,5.50E-04,N/A,N/A,N/A,N/A,N/A,N/A,N/A,N/A,N/A,N/A,N/A,N/A,N/A,N/A,N/A,N/A,N/A,N/A,N/A,N/A,N/A,N/A,N/A,N/A,N/A,N/A,N/A
54,Jones & Chew (1981),N/A,Constant stress,Uniaxial compression,0,High strain rate (5E-4/s) but without confining pressure. Sample cracking is very possible during deformation. These data are in duplicate with Jones & Chew (1983). We use the latter one for modelling as it includes more data points.,N/A,NO,NO,Cylindrical,20,60,N/A,N/A,N/A,-10.5,N/A,N/A,N/A,D,1197.62,N/A,N/A,N/A,N/A,N/A,N/A,N/A,N/A,E?,7.1,N/A,Stress digitised from Fig. 1.,N/A,E?,5.50E-04,N/A,N/A,N/A,N/A,N/A,N/A,N/A,N/A,N/A,N/A,N/A,N/A,N/A,N/A,N/A,N/A,N/A,N/A,N/A,N/A,N/A,N/A,N/A,N/A,N/A,N/A,N/A
55,Jones & Chew (1981),N/A,Constant stress,Uniaxial compression,0,High strain rate (5E-4/s) but without confining pressure. Sample cracking is very possible during deformation. These data are in duplicate with Jones & Chew (1983). We use the latter one for modelling as it includes more data points.,N/A,NO,NO,Cylindrical,20,60,N/A,N/A,N/A,-10.5,N/A,N/A,N/A,D,1300.34,N/A,N/A,N/A,N/A,N/A,N/A,N/A,N/A,E?,8.02,N/A,Stress digitised from Fig. 1.,N/A,E?,5.50E-04,N/A,N/A,N/A,N/A,N/A,N/A,N/A,N/A,N/A,N/A,N/A,N/A,N/A,N/A,N/A,N/A,N/A,N/A,N/A,N/A,N/A,N/A,N/A,N/A,N/A,N/A,N/A
56,Jones & Chew (1981),N/A,Constant stress,Uniaxial compression,0,High strain rate (5E-4/s) but without confining pressure. Sample cracking is very possible during deformation. These data are in duplicate with Jones & Chew (1983). We use the latter one for modelling as it includes more data points.,N/A,NO,NO,Cylindrical,20,60,N/A,N/A,N/A,-10.5,N/A,N/A,N/A,D,1300.42,N/A,N/A,N/A,N/A,N/A,N/A,N/A,N/A,E?,7.76,N/A,Stress digitised from Fig. 1.,N/A,E?,5.50E-04,N/A,N/A,N/A,N/A,N/A,N/A,N/A,N/A,N/A,N/A,N/A,N/A,N/A,N/A,N/A,N/A,N/A,N/A,N/A,N/A,N/A,N/A,N/A,N/A,N/A,N/A,N/A
57,Jones & Chew (1981),N/A,Constant stress,Uniaxial compression,0,High strain rate (5E-4/s) but without confining pressure. Sample cracking is very possible during deformation. These data are in duplicate with Jones & Chew (1983). We use the latter one for modelling as it includes more data points.,N/A,NO,NO,Cylindrical,20,60,N/A,N/A,N/A,-10.5,N/A,N/A,N/A,D,1300.54,N/A,N/A,N/A,N/A,N/A,N/A,N/A,N/A,E?,7.4,N/A,Stress digitised from Fig. 1.,N/A,E?,5.50E-04,N/A,N/A,N/A,N/A,N/A,N/A,N/A,N/A,N/A,N/A,N/A,N/A,N/A,N/A,N/A,N/A,N/A,N/A,N/A,N/A,N/A,N/A,N/A,N/A,N/A,N/A,N/A
58,Jones & Chew (1981),N/A,Constant stress,Uniaxial compression,0,High strain rate (5E-4/s) but without confining pressure. Sample cracking is very possible during deformation. These data are in duplicate with Jones & Chew (1983). We use the latter one for modelling as it includes more data points.,N/A,NO,NO,Cylindrical,20,60,N/A,N/A,N/A,-10.5,N/A,N/A,N/A,D,1300.65,N/A,N/A,N/A,N/A,N/A,N/A,N/A,N/A,E?,7.05,N/A,Stress digitised from Fig. 1.,N/A,E?,5.50E-04,N/A,N/A,N/A,N/A,N/A,N/A,N/A,N/A,N/A,N/A,N/A,N/A,N/A,N/A,N/A,N/A,N/A,N/A,N/A,N/A,N/A,N/A,N/A,N/A,N/A,N/A,N/A
59,Jones & Chew (1981),N/A,Constant stress,Uniaxial compression,0,High strain rate (5E-4/s) but without confining pressure. Sample cracking is very possible during deformation. These data are in duplicate with Jones & Chew (1983). We use the latter one for modelling as it includes more data points.,N/A,NO,NO,Cylindrical,20,60,N/A,N/A,N/A,-10.5,N/A,N/A,N/A,D,1300.67,N/A,N/A,N/A,N/A,N/A,N/A,N/A,N/A,E?,6.97,N/A,Stress digitised from Fig. 1.,N/A,E?,5.50E-04,N/A,N/A,N/A,N/A,N/A,N/A,N/A,N/A,N/A,N/A,N/A,N/A,N/A,N/A,N/A,N/A,N/A,N/A,N/A,N/A,N/A,N/A,N/A,N/A,N/A,N/A,N/A
60,Jones & Chew (1981),N/A,Constant stress,Uniaxial compression,0,High strain rate (5E-4/s) but without confining pressure. Sample cracking is very possible during deformation. These data are in duplicate with Jones & Chew (1983). We use the latter one for modelling as it includes more data points.,N/A,NO,NO,Cylindrical,20,60,N/A,N/A,N/A,-10.5,N/A,N/A,N/A,D,1300.7,N/A,N/A,N/A,N/A,N/A,N/A,N/A,N/A,E?,6.88,N/A,Stress digitised from Fig. 1.,N/A,E?,5.50E-04,N/A,N/A,N/A,N/A,N/A,N/A,N/A,N/A,N/A,N/A,N/A,N/A,N/A,N/A,N/A,N/A,N/A,N/A,N/A,N/A,N/A,N/A,N/A,N/A,N/A,N/A,N/A
61,Jones & Chew (1981),N/A,Constant stress,Uniaxial compression,0,High strain rate (5E-4/s) but without confining pressure. Sample cracking is very possible during deformation. These data are in duplicate with Jones & Chew (1983). We use the latter one for modelling as it includes more data points.,N/A,NO,NO,Cylindrical,20,60,N/A,N/A,N/A,-10.5,N/A,N/A,N/A,D,1300.81,N/A,N/A,N/A,N/A,N/A,N/A,N/A,N/A,E?,6.54,N/A,Stress digitised from Fig. 1.,N/A,E?,5.50E-04,N/A,N/A,N/A,N/A,N/A,N/A,N/A,N/A,N/A,N/A,N/A,N/A,N/A,N/A,N/A,N/A,N/A,N/A,N/A,N/A,N/A,N/A,N/A,N/A,N/A,N/A,N/A
62,Jones & Chew (1981),N/A,Constant stress,Uniaxial compression,0,High strain rate (5E-4/s) but without confining pressure. Sample cracking is very possible during deformation. These data are in duplicate with Jones & Chew (1983). We use the latter one for modelling as it includes more data points.,N/A,NO,NO,Cylindrical,20,60,N/A,N/A,N/A,-10.5,N/A,N/A,N/A,D,1402.1,N/A,N/A,N/A,N/A,N/A,N/A,N/A,N/A,E?,8.53,N/A,Stress digitised from Fig. 1.,N/A,E?,5.50E-04,N/A,N/A,N/A,N/A,N/A,N/A,N/A,N/A,N/A,N/A,N/A,N/A,N/A,N/A,N/A,N/A,N/A,N/A,N/A,N/A,N/A,N/A,N/A,N/A,N/A,N/A,N/A
63,Jones & Chew (1981),N/A,Constant stress,Uniaxial compression,0,High strain rate (5E-4/s) but without confining pressure. Sample cracking is very possible during deformation. These data are in duplicate with Jones & Chew (1983). We use the latter one for modelling as it includes more data points.,N/A,NO,NO,Cylindrical,20,60,N/A,N/A,N/A,-10.5,N/A,N/A,N/A,D,1403.27,N/A,N/A,N/A,N/A,N/A,N/A,N/A,N/A,E?,8.3,N/A,Stress digitised from Fig. 1.,N/A,E?,5.50E-04,N/A,N/A,N/A,N/A,N/A,N/A,N/A,N/A,N/A,N/A,N/A,N/A,N/A,N/A,N/A,N/A,N/A,N/A,N/A,N/A,N/A,N/A,N/A,N/A,N/A,N/A,N/A
64,Jones & Chew (1981),N/A,Constant stress,Uniaxial compression,0,High strain rate (5E-4/s) but without confining pressure. Sample cracking is very possible during deformation. These data are in duplicate with Jones & Chew (1983). We use the latter one for modelling as it includes more data points.,N/A,NO,NO,Cylindrical,20,60,N/A,N/A,N/A,-10.5,N/A,N/A,N/A,D,1500.98,N/A,N/A,N/A,N/A,N/A,N/A,N/A,N/A,E?,7.74,N/A,Stress digitised from Fig. 1.,N/A,E?,5.50E-04,N/A,N/A,N/A,N/A,N/A,N/A,N/A,N/A,N/A,N/A,N/A,N/A,N/A,N/A,N/A,N/A,N/A,N/A,N/A,N/A,N/A,N/A,N/A,N/A,N/A,N/A,N/A
65,Jones & Chew (1981),N/A,Constant stress,Uniaxial compression,0,High strain rate (5E-4/s) but without confining pressure. Sample cracking is very possible during deformation. These data are in duplicate with Jones & Chew (1983). We use the latter one for modelling as it includes more data points.,N/A,NO,NO,Cylindrical,20,60,N/A,N/A,N/A,-10.5,N/A,N/A,N/A,D,1699.6,N/A,N/A,N/A,N/A,N/A,N/A,N/A,N/A,E?,6.9,N/A,Stress digitised from Fig. 1.,N/A,E?,5.50E-04,N/A,N/A,N/A,N/A,N/A,N/A,N/A,N/A,N/A,N/A,N/A,N/A,N/A,N/A,N/A,N/A,N/A,N/A,N/A,N/A,N/A,N/A,N/A,N/A,N/A,N/A,N/A
66,Jones & Chew (1981),N/A,Constant stress,Uniaxial compression,0,High strain rate (5E-4/s) but without confining pressure. Sample cracking is very possible during deformation. These data are in duplicate with Jones & Chew (1983). We use the latter one for modelling as it includes more data points.,N/A,NO,NO,Cylindrical,20,60,N/A,N/A,N/A,-10.5,N/A,N/A,N/A,D,1802.35,N/A,N/A,N/A,N/A,N/A,N/A,N/A,N/A,E?,7.74,N/A,Stress digitised from Fig. 1.,N/A,E?,5.50E-04,N/A,N/A,N/A,N/A,N/A,N/A,N/A,N/A,N/A,N/A,N/A,N/A,N/A,N/A,N/A,N/A,N/A,N/A,N/A,N/A,N/A,N/A,N/A,N/A,N/A,N/A,N/A
67,Mellor and Cole (1982),06CL,Constant stress,Uniaxial compression,0,Full creep curves (Figs. 4-6). Summary data in a table (Table 2).,N/A,NO,NO,Cylindrical,50.8,127,N/A,N/A,N/A,-5,-4.9,-5.1,Page 205,D,1200,N/A,N/A,N/A,N/A,N/A,N/A,0.0085,N/A,E?,3.11,N/A,N/A,N/A,E?,6.33E-06,N/A,N/A,N/A,N/A,N/A,N/A,N/A,N/A,N/A,N/A,N/A,N/A,N/A,N/A,N/A,N/A,N/A,N/A,N/A,N/A,N/A,N/A,N/A,N/A,N/A,N/A,N/A
68,Mellor and Cole (1982),08CL,Constant stress,Uniaxial compression,0,Full creep curves (Figs. 4-6). Summary data in a table (Table 2).,N/A,NO,NO,Cylindrical,50.8,127,N/A,N/A,N/A,-5,-4.9,-5.1,Page 205,D,1200,N/A,N/A,N/A,N/A,N/A,N/A,0.0069,N/A,E?,3.06,N/A,N/A,N/A,E?,6.02E-06,N/A,N/A,N/A,N/A,N/A,N/A,N/A,N/A,N/A,N/A,N/A,N/A,N/A,N/A,N/A,N/A,N/A,N/A,N/A,N/A,N/A,N/A,N/A,N/A,N/A,N/A,N/A
69,Mellor and Cole (1982),09CL,Constant stress,Uniaxial compression,0,Full creep curves (Figs. 4-6). Summary data in a table (Table 2).,N/A,NO,NO,Cylindrical,50.8,127,N/A,N/A,N/A,-5,-4.9,-5.1,Page 205,D,1200,N/A,N/A,N/A,N/A,N/A,N/A,0.0095,N/A,E?,3.07,N/A,N/A,N/A,E?,6.57E-06,N/A,N/A,N/A,N/A,N/A,N/A,N/A,N/A,N/A,N/A,N/A,N/A,N/A,N/A,N/A,N/A,N/A,N/A,N/A,N/A,N/A,N/A,N/A,N/A,N/A,N/A,N/A
70,Mellor and Cole (1982),11CL,Constant stress,Uniaxial compression,0,Full creep curves (Figs. 4-6). Summary data in a table (Table 2).,N/A,NO,NO,Cylindrical,50.8,127,N/A,N/A,N/A,-5,-4.9,-5.1,Page 205,D,1200,N/A,N/A,N/A,N/A,N/A,N/A,0.0096,N/A,E?,2.34,N/A,N/A,N/A,E?,2.60E-06,N/A,N/A,N/A,N/A,N/A,N/A,N/A,N/A,N/A,N/A,N/A,N/A,N/A,N/A,N/A,N/A,N/A,N/A,N/A,N/A,N/A,N/A,N/A,N/A,N/A,N/A,N/A
71,Mellor and Cole (1982),17CL,Constant stress,Uniaxial compression,0,Full creep curves (Figs. 4-6). Summary data in a table (Table 2).,N/A,NO,NO,Cylindrical,50.8,127,N/A,N/A,N/A,-5,-4.9,-5.1,Page 205,D,1200,N/A,N/A,N/A,N/A,N/A,N/A,0.0083,N/A,E?,3.65,N/A,N/A,N/A,E?,1.27E-05,N/A,N/A,N/A,N/A,N/A,N/A,N/A,N/A,N/A,N/A,N/A,N/A,N/A,N/A,N/A,N/A,N/A,N/A,N/A,N/A,N/A,N/A,N/A,N/A,N/A,N/A,N/A
72,Mellor and Cole (1982),28CL,Constant stress,Uniaxial compression,0,Full creep curves (Figs. 4-6). Summary data in a table (Table 2).,N/A,NO,NO,Cylindrical,50.8,127,N/A,N/A,N/A,-5,-4.9,-5.1,Page 205,D,1200,N/A,N/A,N/A,N/A,N/A,N/A,0.011,N/A,E?,1.86,N/A,N/A,N/A,E?,1.63E-06,N/A,N/A,N/A,N/A,N/A,N/A,N/A,N/A,N/A,N/A,N/A,N/A,N/A,N/A,N/A,N/A,N/A,N/A,N/A,N/A,N/A,N/A,N/A,N/A,N/A,N/A,N/A
73,Mellor and Cole (1982),32CL,Constant stress,Uniaxial compression,0,Full creep curves (Figs. 4-6). Summary data in a table (Table 2).,N/A,NO,NO,Cylindrical,50.8,127,N/A,N/A,N/A,-5,-4.9,-5.1,Page 205,D,1200,N/A,N/A,N/A,N/A,N/A,N/A,0.0101,N/A,E?,3.76,N/A,N/A,N/A,E?,2.17E-05,N/A,N/A,N/A,N/A,N/A,N/A,N/A,N/A,N/A,N/A,N/A,N/A,N/A,N/A,N/A,N/A,N/A,N/A,N/A,N/A,N/A,N/A,N/A,N/A,N/A,N/A,N/A
74,Mellor and Cole (1982),36CL,Constant stress,Uniaxial compression,0,Full creep curves (Figs. 4-6). Summary data in a table (Table 2).,N/A,NO,NO,Cylindrical,50.8,127,N/A,N/A,N/A,-5,-4.9,-5.1,Page 205,D,1200,N/A,N/A,N/A,N/A,N/A,N/A,0.0094,N/A,E?,2.11,N/A,N/A,N/A,E?,3.45E-06,N/A,N/A,N/A,N/A,N/A,N/A,N/A,N/A,N/A,N/A,N/A,N/A,N/A,N/A,N/A,N/A,N/A,N/A,N/A,N/A,N/A,N/A,N/A,N/A,N/A,N/A,N/A
75,Mellor and Cole (1982),38CL,Constant stress,Uniaxial compression,0,Full creep curves (Figs. 4-6). Summary data in a table (Table 2).,N/A,NO,NO,Cylindrical,50.8,127,N/A,N/A,N/A,-5,-4.9,-5.1,Page 205,D,1200,N/A,N/A,N/A,N/A,N/A,N/A,0.0083,N/A,E?,3.26,N/A,N/A,N/A,E?,1.65E-05,N/A,N/A,N/A,N/A,N/A,N/A,N/A,N/A,N/A,N/A,N/A,N/A,N/A,N/A,N/A,N/A,N/A,N/A,N/A,N/A,N/A,N/A,N/A,N/A,N/A,N/A,N/A
76,Mellor and Cole (1982),42CL,Constant stress,Uniaxial compression,0,Full creep curves (Figs. 4-6). Summary data in a table (Table 2).,N/A,NO,NO,Cylindrical,50.8,127,N/A,N/A,N/A,-5,-4.9,-5.1,Page 205,D,1200,N/A,N/A,N/A,N/A,N/A,N/A,0.0095,N/A,E?,2.63,N/A,N/A,N/A,E?,8.34E-06,N/A,N/A,N/A,N/A,N/A,N/A,N/A,N/A,N/A,N/A,N/A,N/A,N/A,N/A,N/A,N/A,N/A,N/A,N/A,N/A,N/A,N/A,N/A,N/A,N/A,N/A,N/A
77,Mellor and Cole (1982),45CL,Constant stress,Uniaxial compression,0,Full creep curves (Figs. 4-6). Summary data in a table (Table 2).,N/A,NO,NO,Cylindrical,50.8,127,N/A,N/A,N/A,-5,-4.9,-5.1,Page 205,D,1200,N/A,N/A,N/A,N/A,N/A,N/A,0.0084,N/A,E?,3.67,N/A,N/A,N/A,E?,2.64E-05,N/A,N/A,N/A,N/A,N/A,N/A,N/A,N/A,N/A,N/A,N/A,N/A,N/A,N/A,N/A,N/A,N/A,N/A,N/A,N/A,N/A,N/A,N/A,N/A,N/A,N/A,N/A
78,Mellor and Cole (1982),70CL,Constant stress,Uniaxial compression,0,Full creep curves (Figs. 4-6). Summary data in a table (Table 2).,N/A,NO,NO,Cylindrical,50.8,127,N/A,N/A,N/A,-5,-4.9,-5.1,Page 205,D,1200,N/A,N/A,N/A,N/A,N/A,N/A,0.0098,N/A,E?,3.67,N/A,N/A,N/A,E?,2.47E-05,N/A,N/A,N/A,N/A,N/A,N/A,N/A,N/A,N/A,N/A,N/A,N/A,N/A,N/A,N/A,N/A,N/A,N/A,N/A,N/A,N/A,N/A,N/A,N/A,N/A,N/A,N/A
79,Mellor and Cole (1982),71CL,Constant stress,Uniaxial compression,0,Full creep curves (Figs. 4-6). Summary data in a table (Table 2).,N/A,NO,NO,Cylindrical,50.8,127,N/A,N/A,N/A,-5,-4.9,-5.1,Page 205,D,1200,N/A,N/A,N/A,N/A,N/A,N/A,0.008,N/A,E?,3.68,N/A,N/A,N/A,E?,2.44E-05,N/A,N/A,N/A,N/A,N/A,N/A,N/A,N/A,N/A,N/A,N/A,N/A,N/A,N/A,N/A,N/A,N/A,N/A,N/A,N/A,N/A,N/A,N/A,N/A,N/A,N/A,N/A
80,Mellor and Cole (1982),95CL,Constant stress,Uniaxial compression,0,Full creep curves (Figs. 4-6). Summary data in a table (Table 2).,N/A,NO,NO,Cylindrical,50.8,127,N/A,N/A,N/A,-5,-4.9,-5.1,Page 205,D,1200,N/A,N/A,N/A,N/A,N/A,N/A,0.0108,N/A,E?,1.25,N/A,N/A,N/A,E?,5.83E-07,N/A,N/A,N/A,N/A,N/A,N/A,N/A,N/A,N/A,N/A,N/A,N/A,N/A,N/A,N/A,N/A,N/A,N/A,N/A,N/A,N/A,N/A,N/A,N/A,N/A,N/A,N/A
81,Mellor and Cole (1982),96CL,Constant stress,Uniaxial compression,0,Full creep curves (Figs. 4-6). Summary data in a table (Table 2).,N/A,YES,NO,Cylindrical,50.8,127,N/A,N/A,N/A,-5,-4.9,-5.1,Page 205,D,1200,N/A,N/A,N/A,N/A,N/A,N/A,0.0101,N/A,E?,0.8,N/A,N/A,N/A,E?,1.02E-07,N/A,N/A,N/A,N/A,N/A,N/A,N/A,N/A,N/A,N/A,N/A,N/A,N/A,N/A,N/A,N/A,N/A,N/A,N/A,N/A,N/A,N/A,N/A,N/A,N/A,N/A,N/A
82,Mellor and Cole (1982),97CL,Constant stress,Uniaxial compression,0,Full creep curves (Figs. 4-6). Summary data in a table (Table 2).,N/A,NO,NO,Cylindrical,50.8,127,N/A,N/A,N/A,-5,-4.9,-5.1,Page 205,D,1200,N/A,N/A,N/A,N/A,N/A,N/A,0.0064,N/A,E?,2.35,N/A,N/A,N/A,E?,2.51E-06,N/A,N/A,N/A,N/A,N/A,N/A,N/A,N/A,N/A,N/A,N/A,N/A,N/A,N/A,N/A,N/A,N/A,N/A,N/A,N/A,N/A,N/A,N/A,N/A,N/A,N/A,N/A
83,Mellor and Cole (1982),98CL,Constant stress,Uniaxial compression,0,Full creep curves (Figs. 4-6). Summary data in a table (Table 2).,N/A,NO,NO,Cylindrical,50.8,127,N/A,N/A,N/A,-5,-4.9,-5.1,Page 205,D,1200,N/A,N/A,N/A,N/A,N/A,N/A,0.0072,N/A,E?,1.54,N/A,N/A,N/A,E?,5.29E-07,N/A,N/A,N/A,N/A,N/A,N/A,N/A,N/A,N/A,N/A,N/A,N/A,N/A,N/A,N/A,N/A,N/A,N/A,N/A,N/A,N/A,N/A,N/A,N/A,N/A,N/A,N/A
84,Mellor and Cole (1982),99CL,Constant stress,Uniaxial compression,0,Full creep curves (Figs. 4-6). Summary data in a table (Table 2).,N/A,NO,NO,Cylindrical,50.8,127,N/A,N/A,N/A,-5,-4.9,-5.1,Page 205,D,1200,N/A,N/A,N/A,N/A,N/A,N/A,0.0094,N/A,E?,1.54,N/A,N/A,N/A,E?,7.80E-07,N/A,N/A,N/A,N/A,N/A,N/A,N/A,N/A,N/A,N/A,N/A,N/A,N/A,N/A,N/A,N/A,N/A,N/A,N/A,N/A,N/A,N/A,N/A,N/A,N/A,N/A,N/A
85,Mellor and Cole (1982),100CL,Constant stress,Uniaxial compression,0,Full creep curves (Figs. 4-6). Summary data in a table (Table 2).,N/A,NO,NO,Cylindrical,50.8,127,N/A,N/A,N/A,-5,-4.9,-5.1,Page 205,D,1200,N/A,N/A,N/A,N/A,N/A,N/A,0.0066,N/A,E?,1.84,N/A,N/A,N/A,E?,1.16E-06,N/A,N/A,N/A,N/A,N/A,N/A,N/A,N/A,N/A,N/A,N/A,N/A,N/A,N/A,N/A,N/A,N/A,N/A,N/A,N/A,N/A,N/A,N/A,N/A,N/A,N/A,N/A
86,Mellor and Cole (1982),101CL,Constant stress,Uniaxial compression,0,Full creep curves (Figs. 4-6). Summary data in a table (Table 2).,N/A,NO,NO,Cylindrical,50.8,127,N/A,N/A,N/A,-5,-4.9,-5.1,Page 205,D,1200,N/A,N/A,N/A,N/A,N/A,N/A,0.0071,N/A,E?,2,N/A,N/A,N/A,E?,1.67E-06,N/A,N/A,N/A,N/A,N/A,N/A,N/A,N/A,N/A,N/A,N/A,N/A,N/A,N/A,N/A,N/A,N/A,N/A,N/A,N/A,N/A,N/A,N/A,N/A,N/A,N/A,N/A
87,Mellor and Cole (1982),115CL,Constant stress,Uniaxial compression,0,Full creep curves (Figs. 4-6). Summary data in a table (Table 2).,N/A,NO,NO,Cylindrical,50.8,127,N/A,N/A,N/A,-5,-4.9,-5.1,Page 205,D,1200,N/A,N/A,N/A,N/A,N/A,N/A,0.0084,N/A,E?,2,N/A,N/A,N/A,E?,1.80E-06,N/A,N/A,N/A,N/A,N/A,N/A,N/A,N/A,N/A,N/A,N/A,N/A,N/A,N/A,N/A,N/A,N/A,N/A,N/A,N/A,N/A,N/A,N/A,N/A,N/A,N/A,N/A
88,Mellor and Cole (1982),116CL,Constant stress,Uniaxial compression,0,Full creep curves (Figs. 4-6). Summary data in a table (Table 2).,N/A,YES,NO,Cylindrical,50.8,127,N/A,N/A,N/A,-5,-4.9,-5.1,Page 205,D,1200,N/A,N/A,N/A,N/A,N/A,N/A,0.0095,N/A,E?,1,N/A,N/A,N/A,E?,2.27E-07,N/A,N/A,N/A,N/A,N/A,N/A,N/A,N/A,N/A,N/A,N/A,N/A,N/A,N/A,N/A,N/A,N/A,N/A,N/A,N/A,N/A,N/A,N/A,N/A,N/A,N/A,N/A
89,Mellor and Cole (1982),117CL,Constant stress,Uniaxial compression,0,Full creep curves (Figs. 4-6). Summary data in a table (Table 2).,N/A,YES,NO,Cylindrical,50.8,127,N/A,N/A,N/A,-5,-4.9,-5.1,Page 205,D,1200,N/A,N/A,N/A,N/A,N/A,N/A,0.0102,N/A,E?,0.8,N/A,N/A,N/A,E?,1.03E-07,N/A,N/A,N/A,N/A,N/A,N/A,N/A,N/A,N/A,N/A,N/A,N/A,N/A,N/A,N/A,N/A,N/A,N/A,N/A,N/A,N/A,N/A,N/A,N/A,N/A,N/A,N/A
90,Mellor and Cole (1982),94CL,Constant stress,Uniaxial compression,0,Full creep curves (Figs. 4-6). Summary data in a table (Table 2).,N/A,YES,NO,Cylindrical,50.8,127,N/A,N/A,N/A,-5,-4.9,-5.1,Page 205,D,1200,N/A,N/A,N/A,N/A,N/A,N/A,0.0084,N/A,E?,1,N/A,N/A,N/A,E?,2.25E-07,N/A,N/A,N/A,N/A,N/A,N/A,N/A,N/A,N/A,N/A,N/A,N/A,N/A,N/A,N/A,N/A,N/A,N/A,N/A,N/A,N/A,N/A,N/A,N/A,N/A,N/A,N/A
91,Mellor and Cole (1982),01CD,Constant displacement rate,Uniaxial compression,0,"Full creep curves (Figs. 7, 8). Summary data in a table (Table 3).",N/A,NO,NO,Cylindrical,50.8,127,N/A,N/A,N/A,-5,-4.9,-5.1,Page 205,D,1200,N/A,N/A,N/A,N/A,N/A,N/A,0.0141,N/A,E?,2.74,N/A,N/A,N/A,E?,6.90E-06,N/A,N/A,N/A,N/A,N/A,N/A,N/A,N/A,N/A,N/A,N/A,N/A,N/A,N/A,N/A,N/A,N/A,N/A,N/A,N/A,N/A,N/A,N/A,N/A,N/A,N/A,N/A
92,Mellor and Cole (1982),02CD,Constant displacement rate,Uniaxial compression,0,"Full creep curves (Figs. 7, 8). Summary data in a table (Table 3).",N/A,NO,NO,Cylindrical,50.8,127,N/A,N/A,N/A,-5,-4.9,-5.1,Page 205,D,1200,N/A,N/A,N/A,N/A,N/A,N/A,0.0156,N/A,E?,2.59,N/A,N/A,N/A,E?,6.11E-06,N/A,N/A,N/A,N/A,N/A,N/A,N/A,N/A,N/A,N/A,N/A,N/A,N/A,N/A,N/A,N/A,N/A,N/A,N/A,N/A,N/A,N/A,N/A,N/A,N/A,N/A,N/A
93,Mellor and Cole (1982),04CD,Constant displacement rate,Uniaxial compression,0,"Full creep curves (Figs. 7, 8). Summary data in a table (Table 3).",N/A,NO,NO,Cylindrical,50.8,127,N/A,N/A,N/A,-5,-4.9,-5.1,Page 205,D,1200,N/A,N/A,N/A,N/A,N/A,N/A,0.0124,N/A,E?,3.03,N/A,N/A,N/A,E?,6.20E-06,N/A,N/A,N/A,N/A,N/A,N/A,N/A,N/A,N/A,N/A,N/A,N/A,N/A,N/A,N/A,N/A,N/A,N/A,N/A,N/A,N/A,N/A,N/A,N/A,N/A,N/A,N/A
94,Mellor and Cole (1982),05CD,Constant displacement rate,Uniaxial compression,0,"Full creep curves (Figs. 7, 8). Summary data in a table (Table 3).",N/A,NO,NO,Cylindrical,50.8,127,N/A,N/A,N/A,-5,-4.9,-5.1,Page 205,D,1200,N/A,N/A,N/A,N/A,N/A,N/A,0.0115,N/A,E?,3.04,N/A,N/A,N/A,E?,5.91E-06,N/A,N/A,N/A,N/A,N/A,N/A,N/A,N/A,N/A,N/A,N/A,N/A,N/A,N/A,N/A,N/A,N/A,N/A,N/A,N/A,N/A,N/A,N/A,N/A,N/A,N/A,N/A
95,Mellor and Cole (1982),10CD,Constant displacement rate,Uniaxial compression,0,"Full creep curves (Figs. 7, 8). Summary data in a table (Table 3).",N/A,NO,NO,Cylindrical,50.8,127,N/A,N/A,N/A,-5,-4.9,-5.1,Page 205,D,1200,N/A,N/A,N/A,N/A,N/A,N/A,0.0106,N/A,E?,2.32,N/A,N/A,N/A,E?,2.65E-06,N/A,N/A,N/A,N/A,N/A,N/A,N/A,N/A,N/A,N/A,N/A,N/A,N/A,N/A,N/A,N/A,N/A,N/A,N/A,N/A,N/A,N/A,N/A,N/A,N/A,N/A,N/A
96,Mellor and Cole (1982),12CD,Constant displacement rate,Uniaxial compression,0,"Full creep curves (Figs. 7, 8). Summary data in a table (Table 3).",N/A,NO,NO,Cylindrical,50.8,127,N/A,N/A,N/A,-5,-4.9,-5.1,Page 205,D,1200,N/A,N/A,N/A,N/A,N/A,N/A,0.0111,N/A,E?,3.37,N/A,N/A,N/A,E?,8.35E-06,N/A,N/A,N/A,N/A,N/A,N/A,N/A,N/A,N/A,N/A,N/A,N/A,N/A,N/A,N/A,N/A,N/A,N/A,N/A,N/A,N/A,N/A,N/A,N/A,N/A,N/A,N/A
97,Mellor and Cole (1982),13CD,Constant displacement rate,Uniaxial compression,0,"Full creep curves (Figs. 7, 8). Summary data in a table (Table 3).",N/A,NO,NO,Cylindrical,50.8,127,N/A,N/A,N/A,-5,-4.9,-5.1,Page 205,D,1200,N/A,N/A,N/A,N/A,N/A,N/A,0.012,N/A,E?,3.47,N/A,N/A,N/A,E?,1.13E-05,N/A,N/A,N/A,N/A,N/A,N/A,N/A,N/A,N/A,N/A,N/A,N/A,N/A,N/A,N/A,N/A,N/A,N/A,N/A,N/A,N/A,N/A,N/A,N/A,N/A,N/A,N/A
98,Mellor and Cole (1982),14CD,Constant displacement rate,Uniaxial compression,0,"Full creep curves (Figs. 7, 8). Summary data in a table (Table 3).",N/A,NO,NO,Cylindrical,50.8,127,N/A,N/A,N/A,-5,-4.9,-5.1,Page 205,D,1200,N/A,N/A,N/A,N/A,N/A,N/A,0.0093,N/A,E?,3.63,N/A,N/A,N/A,E?,2.20E-05,N/A,N/A,N/A,N/A,N/A,N/A,N/A,N/A,N/A,N/A,N/A,N/A,N/A,N/A,N/A,N/A,N/A,N/A,N/A,N/A,N/A,N/A,N/A,N/A,N/A,N/A,N/A
99,Mellor and Cole (1982),16CD,Constant displacement rate,Uniaxial compression,0,"Full creep curves (Figs. 7, 8). Summary data in a table (Table 3).",N/A,NO,NO,Cylindrical,50.8,127,N/A,N/A,N/A,-5,-4.9,-5.1,Page 205,D,1200,N/A,N/A,N/A,N/A,N/A,N/A,0.0023,N/A,E?,5.5,N/A,N/A,N/A,E?,8.32E-05,N/A,N/A,N/A,N/A,N/A,N/A,N/A,N/A,N/A,N/A,N/A,N/A,N/A,N/A,N/A,N/A,N/A,N/A,N/A,N/A,N/A,N/A,N/A,N/A,N/A,N/A,N/A
100,Mellor and Cole (1982),22CD,Constant displacement rate,Uniaxial compression,0,"Full creep curves (Figs. 7, 8). Summary data in a table (Table 3).",N/A,NO,NO,Cylindrical,50.8,127,N/A,N/A,N/A,-5,-4.9,-5.1,Page 205,D,1200,N/A,N/A,N/A,N/A,N/A,N/A,0.0025,N/A,E?,7.48,N/A,N/A,N/A,E?,7.95E-04,N/A,N/A,N/A,N/A,N/A,N/A,N/A,N/A,N/A,N/A,N/A,N/A,N/A,N/A,N/A,N/A,N/A,N/A,N/A,N/A,N/A,N/A,N/A,N/A,N/A,N/A,N/A
101,Mellor and Cole (1982),23CD,Constant displacement rate,Uniaxial compression,0,"Full creep curves (Figs. 7, 8). Summary data in a table (Table 3).",N/A,NO,NO,Cylindrical,50.8,127,N/A,N/A,N/A,-5,-4.9,-5.1,Page 205,D,1200,N/A,N/A,N/A,N/A,N/A,N/A,0.0038,N/A,E?,10.02,N/A,N/A,N/A,E?,1.14E-03,N/A,N/A,N/A,N/A,N/A,N/A,N/A,N/A,N/A,N/A,N/A,N/A,N/A,N/A,N/A,N/A,N/A,N/A,N/A,N/A,N/A,N/A,N/A,N/A,N/A,N/A,N/A
102,Mellor and Cole (1982),24CD,Constant displacement rate,Uniaxial compression,0,"Full creep curves (Figs. 7, 8). Summary data in a table (Table 3).",N/A,NO,NO,Cylindrical,50.8,127,N/A,N/A,N/A,-5,-4.9,-5.1,Page 205,D,1200,N/A,N/A,N/A,N/A,N/A,N/A,0.0039,N/A,E?,5.14,N/A,N/A,N/A,E?,1.03E-04,N/A,N/A,N/A,N/A,N/A,N/A,N/A,N/A,N/A,N/A,N/A,N/A,N/A,N/A,N/A,N/A,N/A,N/A,N/A,N/A,N/A,N/A,N/A,N/A,N/A,N/A,N/A
103,Mellor and Cole (1982),31CD,Constant displacement rate,Uniaxial compression,0,"Full creep curves (Figs. 7, 8). Summary data in a table (Table 3).",N/A,NO,NO,Cylindrical,50.8,127,N/A,N/A,N/A,-5,-4.9,-5.1,Page 205,D,1200,N/A,N/A,N/A,N/A,N/A,N/A,0.0093,N/A,E?,4.08,N/A,N/A,N/A,E?,5.14E-05,N/A,N/A,N/A,N/A,N/A,N/A,N/A,N/A,N/A,N/A,N/A,N/A,N/A,N/A,N/A,N/A,N/A,N/A,N/A,N/A,N/A,N/A,N/A,N/A,N/A,N/A,N/A
104,Mellor and Cole (1982),35CD,Constant displacement rate,Uniaxial compression,0,"Full creep curves (Figs. 7, 8). Summary data in a table (Table 3).",N/A,NO,NO,Cylindrical,50.8,127,N/A,N/A,N/A,-5,-4.9,-5.1,Page 205,D,1200,N/A,N/A,N/A,N/A,N/A,N/A,0.0126,N/A,E?,2.06,N/A,N/A,N/A,E?,2.30E-06,N/A,N/A,N/A,N/A,N/A,N/A,N/A,N/A,N/A,N/A,N/A,N/A,N/A,N/A,N/A,N/A,N/A,N/A,N/A,N/A,N/A,N/A,N/A,N/A,N/A,N/A,N/A
105,Mellor and Cole (1982),39CD,Constant displacement rate,Uniaxial compression,0,"Full creep curves (Figs. 7, 8). Summary data in a table (Table 3).",N/A,NO,NO,Cylindrical,50.8,127,N/A,N/A,N/A,-5,-4.9,-5.1,Page 205,D,1200,N/A,N/A,N/A,N/A,N/A,N/A,0.0112,N/A,E?,3.23,N/A,N/A,N/A,E?,1.23E-05,N/A,N/A,N/A,N/A,N/A,N/A,N/A,N/A,N/A,N/A,N/A,N/A,N/A,N/A,N/A,N/A,N/A,N/A,N/A,N/A,N/A,N/A,N/A,N/A,N/A,N/A,N/A
106,Mellor and Cole (1982),40CD,Constant displacement rate,Uniaxial compression,0,"Full creep curves (Figs. 7, 8). Summary data in a table (Table 3).",N/A,NO,NO,Cylindrical,50.8,127,N/A,N/A,N/A,-5,-4.9,-5.1,Page 205,D,1200,N/A,N/A,N/A,N/A,N/A,N/A,0.0101,N/A,E?,3.18,N/A,N/A,N/A,E?,1.34E-05,N/A,N/A,N/A,N/A,N/A,N/A,N/A,N/A,N/A,N/A,N/A,N/A,N/A,N/A,N/A,N/A,N/A,N/A,N/A,N/A,N/A,N/A,N/A,N/A,N/A,N/A,N/A
107,Mellor and Cole (1982),43CD,Constant displacement rate,Uniaxial compression,0,"Full creep curves (Figs. 7, 8). Summary data in a table (Table 3).",N/A,NO,NO,Cylindrical,50.8,127,N/A,N/A,N/A,-5,-4.9,-5.1,Page 205,D,1200,N/A,N/A,N/A,N/A,N/A,N/A,0.0109,N/A,E?,3.21,N/A,N/A,N/A,E?,1.15E-05,N/A,N/A,N/A,N/A,N/A,N/A,N/A,N/A,N/A,N/A,N/A,N/A,N/A,N/A,N/A,N/A,N/A,N/A,N/A,N/A,N/A,N/A,N/A,N/A,N/A,N/A,N/A
108,Mellor and Cole (1982),46CD,Constant displacement rate,Uniaxial compression,0,"Full creep curves (Figs. 7, 8). Summary data in a table (Table 3).",N/A,NO,NO,Cylindrical,50.8,127,N/A,N/A,N/A,-5,-4.9,-5.1,Page 205,D,1200,N/A,N/A,N/A,N/A,N/A,N/A,0.0088,N/A,E?,3.2,N/A,N/A,N/A,E?,1.32E-05,N/A,N/A,N/A,N/A,N/A,N/A,N/A,N/A,N/A,N/A,N/A,N/A,N/A,N/A,N/A,N/A,N/A,N/A,N/A,N/A,N/A,N/A,N/A,N/A,N/A,N/A,N/A
109,Mellor and Cole (1982),52CD,Constant displacement rate,Uniaxial compression,0,"Full creep curves (Figs. 7, 8). Summary data in a table (Table 3).",N/A,NO,NO,Cylindrical,50.8,127,N/A,N/A,N/A,-5,-4.9,-5.1,Page 205,D,1200,N/A,N/A,N/A,N/A,N/A,N/A,0.0124,N/A,E?,1.67,N/A,N/A,N/A,E?,1.63E-06,N/A,N/A,N/A,N/A,N/A,N/A,N/A,N/A,N/A,N/A,N/A,N/A,N/A,N/A,N/A,N/A,N/A,N/A,N/A,N/A,N/A,N/A,N/A,N/A,N/A,N/A,N/A
110,Mellor and Cole (1982),54CD,Constant displacement rate,Uniaxial compression,0,"Full creep curves (Figs. 7, 8). Summary data in a table (Table 3).",N/A,NO,NO,Cylindrical,50.8,127,N/A,N/A,N/A,-5,-4.9,-5.1,Page 205,D,1200,N/A,N/A,N/A,N/A,N/A,N/A,0.0117,N/A,E?,1.62,N/A,N/A,N/A,E?,1.64E-06,N/A,N/A,N/A,N/A,N/A,N/A,N/A,N/A,N/A,N/A,N/A,N/A,N/A,N/A,N/A,N/A,N/A,N/A,N/A,N/A,N/A,N/A,N/A,N/A,N/A,N/A,N/A
111,Mellor and Cole (1982),117CD,Constant displacement rate,Uniaxial compression,0,"Full creep curves (Figs. 7, 8). Summary data in a table (Table 3).",N/A,NO,NO,Cylindrical,50.8,127,N/A,N/A,N/A,-5,-4.9,-5.1,Page 205,D,1200,N/A,N/A,N/A,N/A,N/A,N/A,0.008,N/A,E?,0.69,N/A,N/A,N/A,E?,1.00E-07,N/A,N/A,N/A,N/A,N/A,N/A,N/A,N/A,N/A,N/A,N/A,N/A,N/A,N/A,N/A,N/A,N/A,N/A,N/A,N/A,N/A,N/A,N/A,N/A,N/A,N/A,N/A
112,Mellor and Cole (1982),119CD,Constant displacement rate,Uniaxial compression,0,"Full creep curves (Figs. 7, 8). Summary data in a table (Table 3).",N/A,YES,NO,Cylindrical,50.8,127,N/A,N/A,N/A,-5,-4.9,-5.1,Page 205,D,1200,N/A,N/A,N/A,N/A,N/A,N/A,0.0127,N/A,E?,1.45,N/A,N/A,N/A,E?,1.15E-06,N/A,N/A,N/A,N/A,N/A,N/A,N/A,N/A,N/A,N/A,N/A,N/A,N/A,N/A,N/A,N/A,N/A,N/A,N/A,N/A,N/A,N/A,N/A,N/A,N/A,N/A,N/A
113,Mellor and Cole (1982),121CD,Constant displacement rate,Uniaxial compression,0,"Full creep curves (Figs. 7, 8). Summary data in a table (Table 3).",N/A,YES,NO,Cylindrical,50.8,127,N/A,N/A,N/A,-5,-4.9,-5.1,Page 205,D,1200,N/A,N/A,N/A,N/A,N/A,N/A,0.0124,N/A,E?,1.24,N/A,N/A,N/A,E?,7.80E-07,N/A,N/A,N/A,N/A,N/A,N/A,N/A,N/A,N/A,N/A,N/A,N/A,N/A,N/A,N/A,N/A,N/A,N/A,N/A,N/A,N/A,N/A,N/A,N/A,N/A,N/A,N/A
114,Mellor and Cole (1982),122CD,Constant displacement rate,Uniaxial compression,0,"Full creep curves (Figs. 7, 8). Summary data in a table (Table 3).",N/A,YES,NO,Cylindrical,50.8,127,N/A,N/A,N/A,-5,-4.9,-5.1,Page 205,D,1200,N/A,N/A,N/A,N/A,N/A,N/A,0.012,N/A,E?,1.15,N/A,N/A,N/A,E?,5.30E-07,N/A,N/A,N/A,N/A,N/A,N/A,N/A,N/A,N/A,N/A,N/A,N/A,N/A,N/A,N/A,N/A,N/A,N/A,N/A,N/A,N/A,N/A,N/A,N/A,N/A,N/A,N/A
115,Mellor and Cole (1982),123CD,Constant displacement rate,Uniaxial compression,0,"Full creep curves (Figs. 7, 8). Summary data in a table (Table 3).",N/A,NO,NO,Cylindrical,50.8,127,N/A,N/A,N/A,-5,-4.9,-5.1,Page 205,D,1200,N/A,N/A,N/A,N/A,N/A,N/A,0.01,N/A,E?,2,N/A,N/A,N/A,E?,2.25E-06,N/A,N/A,N/A,N/A,N/A,N/A,N/A,N/A,N/A,N/A,N/A,N/A,N/A,N/A,N/A,N/A,N/A,N/A,N/A,N/A,N/A,N/A,N/A,N/A,N/A,N/A,N/A
116,Mellor and Cole (1982),125CD,Constant displacement rate,Uniaxial compression,0,"Full creep curves (Figs. 7, 8). Summary data in a table (Table 3).",N/A,YES,NO,Cylindrical,50.8,127,N/A,N/A,N/A,-5,-4.9,-5.1,Page 205,D,1200,N/A,N/A,N/A,N/A,N/A,N/A,0.0104,N/A,E?,1.34,N/A,N/A,N/A,E?,7.80E-07,N/A,N/A,N/A,N/A,N/A,N/A,N/A,N/A,N/A,N/A,N/A,N/A,N/A,N/A,N/A,N/A,N/A,N/A,N/A,N/A,N/A,N/A,N/A,N/A,N/A,N/A,N/A
117,Jones & Chew (1983),2,Constant displacement rate,Uniaxial compression,0,Example creep curves (Fig. 1). Summary data in a table (Table 1).,N/A,NO,NO,Cylindrical,20,60,N/A,N/A,N/A,-10,-9.5,-10.5,Page 130,D,1130,N/A,N/A,N/A,N/A,N/A,N/A,0.0123,N/A,E,7.64,N/A,Stress is not corrected to sample surface expansion (page 130).,N/A,E,5.50E-04,N/A,N/A,N/A,"Figures of samples geometry show cracks (Figs, 2, 3; page 130).",N/A,N/A,N/A,N/A,N/A,N/A,N/A,N/A,N/A,N/A,N/A,N/A,N/A,N/A,N/A,N/A,N/A,N/A,N/A,N/A,N/A,N/A,N/A
118,Jones & Chew (1983),3,Constant displacement rate,Uniaxial compression,0,Example creep curves (Fig. 1). Summary data in a table (Table 1).,N/A,NO,NO,Cylindrical,20,60,N/A,N/A,N/A,-10,-9.5,-10.5,Page 130,D,1300,N/A,N/A,N/A,N/A,N/A,N/A,0.0079,N/A,E,7.06,N/A,Stress is not corrected to sample surface expansion (page 130).,N/A,E,5.50E-04,N/A,N/A,N/A,"Figures of samples geometry show cracks (Figs, 2, 3; page 130).",N/A,N/A,N/A,N/A,N/A,N/A,N/A,N/A,N/A,N/A,N/A,N/A,N/A,N/A,N/A,N/A,N/A,N/A,N/A,N/A,N/A,N/A,N/A
119,Jones & Chew (1983),4,Constant displacement rate,Uniaxial compression,0,Example creep curves (Fig. 1). Summary data in a table (Table 1).,N/A,NO,NO,Cylindrical,20,60,N/A,N/A,N/A,-10,-9.5,-10.5,Page 130,D,1300,N/A,N/A,N/A,N/A,N/A,N/A,0.0079,N/A,E,7,N/A,Stress is not corrected to sample surface expansion (page 130).,N/A,E,5.50E-04,N/A,N/A,N/A,"Figures of samples geometry show cracks (Figs, 2, 3; page 130).",N/A,N/A,N/A,N/A,N/A,N/A,N/A,N/A,N/A,N/A,N/A,N/A,N/A,N/A,N/A,N/A,N/A,N/A,N/A,N/A,N/A,N/A,N/A
120,Jones & Chew (1983),5,Constant displacement rate,Uniaxial compression,0,Example creep curves (Fig. 1). Summary data in a table (Table 1).,N/A,NO,NO,Cylindrical,20,60,N/A,N/A,N/A,-10,-9.5,-10.5,Page 130,D,1300,N/A,N/A,N/A,N/A,N/A,N/A,0.0079,N/A,E,6.98,N/A,Stress is not corrected to sample surface expansion (page 130).,N/A,E,5.50E-04,N/A,N/A,N/A,"Figures of samples geometry show cracks (Figs, 2, 3; page 130).",N/A,N/A,N/A,N/A,N/A,N/A,N/A,N/A,N/A,N/A,N/A,N/A,N/A,N/A,N/A,N/A,N/A,N/A,N/A,N/A,N/A,N/A,N/A
121,Jones & Chew (1983),10,Constant displacement rate,Uniaxial compression,0,Example creep curves (Fig. 1). Summary data in a table (Table 1).,N/A,NO,NO,Cylindrical,20,60,N/A,N/A,N/A,-10,-9.5,-10.5,Page 130,D,1300,N/A,N/A,N/A,N/A,N/A,N/A,0.015,N/A,E,6.88,N/A,Stress is not corrected to sample surface expansion (page 130).,N/A,E,5.50E-04,N/A,N/A,N/A,"Figures of samples geometry show cracks (Figs, 2, 3; page 130).",N/A,N/A,N/A,N/A,N/A,N/A,N/A,N/A,N/A,N/A,N/A,N/A,N/A,N/A,N/A,N/A,N/A,N/A,N/A,N/A,N/A,N/A,N/A
122,Jones & Chew (1983),12,Constant displacement rate,Uniaxial compression,0,Example creep curves (Fig. 1). Summary data in a table (Table 1).,N/A,NO,NO,Cylindrical,20,60,N/A,N/A,N/A,-10,-9.5,-10.5,Page 130,D,1300,N/A,N/A,N/A,N/A,N/A,N/A,0.0119,N/A,E,6.56,N/A,Stress is not corrected to sample surface expansion (page 130).,N/A,E,5.50E-04,N/A,N/A,N/A,"Figures of samples geometry show cracks (Figs, 2, 3; page 130).",N/A,N/A,N/A,N/A,N/A,N/A,N/A,N/A,N/A,N/A,N/A,N/A,N/A,N/A,N/A,N/A,N/A,N/A,N/A,N/A,N/A,N/A,N/A
123,Jones & Chew (1983),13,Constant displacement rate,Uniaxial compression,0,Example creep curves (Fig. 1). Summary data in a table (Table 1).,N/A,NO,NO,Cylindrical,20,60,N/A,N/A,N/A,-10,-9.5,-10.5,Page 130,D,1300,N/A,N/A,N/A,N/A,N/A,N/A,0.0096,N/A,E,6.94,N/A,Stress is not corrected to sample surface expansion (page 130).,N/A,E,5.50E-04,N/A,N/A,N/A,"Figures of samples geometry show cracks (Figs, 2, 3; page 130).",N/A,N/A,N/A,N/A,N/A,N/A,N/A,N/A,N/A,N/A,N/A,N/A,N/A,N/A,N/A,N/A,N/A,N/A,N/A,N/A,N/A,N/A,N/A
124,Jones & Chew (1983),15,Constant displacement rate,Uniaxial compression,0,Example creep curves (Fig. 1). Summary data in a table (Table 1).,N/A,NO,NO,Cylindrical,20,60,N/A,N/A,N/A,-10,-9.5,-10.5,Page 130,D,1100,N/A,N/A,N/A,N/A,N/A,N/A,0.0062,N/A,E,8.76,N/A,Stress is not corrected to sample surface expansion (page 130).,N/A,E,5.50E-04,N/A,N/A,N/A,"Figures of samples geometry show cracks (Figs, 2, 3; page 130).",N/A,N/A,N/A,N/A,N/A,N/A,N/A,N/A,N/A,N/A,N/A,N/A,N/A,N/A,N/A,N/A,N/A,N/A,N/A,N/A,N/A,N/A,N/A
125,Jones & Chew (1983),18,Constant displacement rate,Uniaxial compression,0,Example creep curves (Fig. 1). Summary data in a table (Table 1).,N/A,NO,NO,Cylindrical,20,60,N/A,N/A,N/A,-10,-9.5,-10.5,Page 130,D,1200,N/A,N/A,N/A,N/A,N/A,N/A,0.0039,N/A,E,7.46,N/A,Stress is not corrected to sample surface expansion (page 130).,N/A,E,5.50E-04,N/A,N/A,N/A,"Figures of samples geometry show cracks (Figs, 2, 3; page 130).",N/A,N/A,N/A,N/A,N/A,N/A,N/A,N/A,N/A,N/A,N/A,N/A,N/A,N/A,N/A,N/A,N/A,N/A,N/A,N/A,N/A,N/A,N/A
126,Jones & Chew (1983),25,Constant displacement rate,Uniaxial compression,0,Example creep curves (Fig. 1). Summary data in a table (Table 1).,N/A,NO,NO,Cylindrical,20,60,N/A,N/A,N/A,-10,-9.5,-10.5,Page 130,D,900,N/A,N/A,N/A,N/A,N/A,N/A,0.0099,N/A,E,7.11,N/A,Stress is not corrected to sample surface expansion (page 130).,N/A,E,5.50E-04,N/A,N/A,N/A,"Figures of samples geometry show cracks (Figs, 2, 3; page 130).",N/A,N/A,N/A,N/A,N/A,N/A,N/A,N/A,N/A,N/A,N/A,N/A,N/A,N/A,N/A,N/A,N/A,N/A,N/A,N/A,N/A,N/A,N/A
127,Jones & Chew (1983),26,Constant displacement rate,Uniaxial compression,0,Example creep curves (Fig. 1). Summary data in a table (Table 1).,N/A,NO,NO,Cylindrical,20,60,N/A,N/A,N/A,-10,-9.5,-10.5,Page 130,D,1000,N/A,N/A,N/A,N/A,N/A,N/A,0.0059,N/A,E,7.49,N/A,Stress is not corrected to sample surface expansion (page 130).,N/A,E,5.50E-04,N/A,N/A,N/A,"Figures of samples geometry show cracks (Figs, 2, 3; page 130).",N/A,N/A,N/A,N/A,N/A,N/A,N/A,N/A,N/A,N/A,N/A,N/A,N/A,N/A,N/A,N/A,N/A,N/A,N/A,N/A,N/A,N/A,N/A
128,Jones & Chew (1983),27,Constant displacement rate,Uniaxial compression,0,Example creep curves (Fig. 1). Summary data in a table (Table 1).,N/A,NO,NO,Cylindrical,20,60,N/A,N/A,N/A,-10,-9.5,-10.5,Page 130,D,900,N/A,N/A,N/A,N/A,N/A,N/A,0.0056,N/A,E,7.79,N/A,Stress is not corrected to sample surface expansion (page 130).,N/A,E,5.50E-04,N/A,N/A,N/A,"Figures of samples geometry show cracks (Figs, 2, 3; page 130).",N/A,N/A,N/A,N/A,N/A,N/A,N/A,N/A,N/A,N/A,N/A,N/A,N/A,N/A,N/A,N/A,N/A,N/A,N/A,N/A,N/A,N/A,N/A
129,Jones & Chew (1983),28,Constant displacement rate,Uniaxial compression,0,Example creep curves (Fig. 1). Summary data in a table (Table 1).,N/A,NO,NO,Cylindrical,20,60,N/A,N/A,N/A,-10,-9.5,-10.5,Page 130,D,1000,N/A,N/A,N/A,N/A,N/A,N/A,0.0069,N/A,E,7.47,N/A,Stress is not corrected to sample surface expansion (page 130).,N/A,E,5.50E-04,N/A,N/A,N/A,"Figures of samples geometry show cracks (Figs, 2, 3; page 130).",N/A,N/A,N/A,N/A,N/A,N/A,N/A,N/A,N/A,N/A,N/A,N/A,N/A,N/A,N/A,N/A,N/A,N/A,N/A,N/A,N/A,N/A,N/A
130,Jones & Chew (1983),29,Constant displacement rate,Uniaxial compression,0,Example creep curves (Fig. 1). Summary data in a table (Table 1).,N/A,NO,NO,Cylindrical,20,60,N/A,N/A,N/A,-10,-9.5,-10.5,Page 130,D,1200,N/A,N/A,N/A,N/A,N/A,N/A,0.0056,N/A,E,7.88,N/A,Stress is not corrected to sample surface expansion (page 130).,N/A,E,5.50E-04,N/A,N/A,N/A,"Figures of samples geometry show cracks (Figs, 2, 3; page 130).",N/A,N/A,N/A,N/A,N/A,N/A,N/A,N/A,N/A,N/A,N/A,N/A,N/A,N/A,N/A,N/A,N/A,N/A,N/A,N/A,N/A,N/A,N/A
131,Jones & Chew (1983),30,Constant displacement rate,Uniaxial compression,0,Example creep curves (Fig. 1). Summary data in a table (Table 1).,N/A,NO,NO,Cylindrical,20,60,N/A,N/A,N/A,-10,-9.5,-10.5,Page 130,D,1200,N/A,N/A,N/A,N/A,N/A,N/A,0.0069,N/A,E,7.66,N/A,Stress is not corrected to sample surface expansion (page 130).,N/A,E,5.50E-04,N/A,N/A,N/A,"Figures of samples geometry show cracks (Figs, 2, 3; page 130).",N/A,N/A,N/A,N/A,N/A,N/A,N/A,N/A,N/A,N/A,N/A,N/A,N/A,N/A,N/A,N/A,N/A,N/A,N/A,N/A,N/A,N/A,N/A
132,Jones & Chew (1983),31,Constant displacement rate,Uniaxial compression,0,Example creep curves (Fig. 1). Summary data in a table (Table 1).,N/A,NO,NO,Cylindrical,20,60,N/A,N/A,N/A,-10,-9.5,-10.5,Page 130,D,1300,N/A,N/A,N/A,N/A,N/A,N/A,0.0066,N/A,E,7.57,N/A,Stress is not corrected to sample surface expansion (page 130).,N/A,E,5.50E-04,N/A,N/A,N/A,"Figures of samples geometry show cracks (Figs, 2, 3; page 130).",N/A,N/A,N/A,N/A,N/A,N/A,N/A,N/A,N/A,N/A,N/A,N/A,N/A,N/A,N/A,N/A,N/A,N/A,N/A,N/A,N/A,N/A,N/A
133,Jones & Chew (1983),32,Constant displacement rate,Uniaxial compression,0,Example creep curves (Fig. 1). Summary data in a table (Table 1).,N/A,NO,NO,Cylindrical,20,60,N/A,N/A,N/A,-10,-9.5,-10.5,Page 130,D,1300,N/A,N/A,N/A,N/A,N/A,N/A,0.0069,N/A,E,8.03,N/A,Stress is not corrected to sample surface expansion (page 130).,N/A,E,5.50E-04,N/A,N/A,N/A,"Figures of samples geometry show cracks (Figs, 2, 3; page 130).",N/A,N/A,N/A,N/A,N/A,N/A,N/A,N/A,N/A,N/A,N/A,N/A,N/A,N/A,N/A,N/A,N/A,N/A,N/A,N/A,N/A,N/A,N/A
134,Jones & Chew (1983),33,Constant displacement rate,Uniaxial compression,0,Example creep curves (Fig. 1). Summary data in a table (Table 1).,N/A,NO,NO,Cylindrical,20,60,N/A,N/A,N/A,-10,-9.5,-10.5,Page 130,D,1500,N/A,N/A,N/A,N/A,N/A,N/A,0.0059,N/A,E,7.75,N/A,Stress is not corrected to sample surface expansion (page 130).,N/A,E,5.50E-04,N/A,N/A,N/A,"Figures of samples geometry show cracks (Figs, 2, 3; page 130).",N/A,N/A,N/A,N/A,N/A,N/A,N/A,N/A,N/A,N/A,N/A,N/A,N/A,N/A,N/A,N/A,N/A,N/A,N/A,N/A,N/A,N/A,N/A
135,Jones & Chew (1983),34,Constant displacement rate,Uniaxial compression,0,Example creep curves (Fig. 1). Summary data in a table (Table 1).,N/A,NO,NO,Cylindrical,20,60,N/A,N/A,N/A,-10,-9.5,-10.5,Page 130,D,1400,N/A,N/A,N/A,N/A,N/A,N/A,0.0066,N/A,E,8.53,N/A,Stress is not corrected to sample surface expansion (page 130).,N/A,E,5.50E-04,N/A,N/A,N/A,"Figures of samples geometry show cracks (Figs, 2, 3; page 130).",N/A,N/A,N/A,N/A,N/A,N/A,N/A,N/A,N/A,N/A,N/A,N/A,N/A,N/A,N/A,N/A,N/A,N/A,N/A,N/A,N/A,N/A,N/A
136,Jones & Chew (1983),35,Constant displacement rate,Uniaxial compression,0,Example creep curves (Fig. 1). Summary data in a table (Table 1).,N/A,NO,NO,Cylindrical,20,60,N/A,N/A,N/A,-10,-9.5,-10.5,Page 130,D,1700,N/A,N/A,N/A,N/A,N/A,N/A,0.0066,N/A,E,6.91,N/A,Stress is not corrected to sample surface expansion (page 130).,N/A,E,5.50E-04,N/A,N/A,N/A,"Figures of samples geometry show cracks (Figs, 2, 3; page 130).",N/A,N/A,N/A,N/A,N/A,N/A,N/A,N/A,N/A,N/A,N/A,N/A,N/A,N/A,N/A,N/A,N/A,N/A,N/A,N/A,N/A,N/A,N/A
137,Jones & Chew (1983),36,Constant displacement rate,Uniaxial compression,0,Example creep curves (Fig. 1). Summary data in a table (Table 1).,N/A,NO,NO,Cylindrical,20,60,N/A,N/A,N/A,-10,-9.5,-10.5,Page 130,D,1300,N/A,N/A,N/A,N/A,N/A,N/A,0.0079,N/A,E,6.59,N/A,Stress is not corrected to sample surface expansion (page 130).,N/A,E,5.50E-04,N/A,N/A,N/A,"Figures of samples geometry show cracks (Figs, 2, 3; page 130).",N/A,N/A,N/A,N/A,N/A,N/A,N/A,N/A,N/A,N/A,N/A,N/A,N/A,N/A,N/A,N/A,N/A,N/A,N/A,N/A,N/A,N/A,N/A
138,Jones & Chew (1983),37,Constant displacement rate,Uniaxial compression,0,Example creep curves (Fig. 1). Summary data in a table (Table 1).,N/A,NO,NO,Cylindrical,20,60,N/A,N/A,N/A,-10,-9.5,-10.5,Page 130,D,1200,N/A,N/A,N/A,N/A,N/A,N/A,0.0059,N/A,E,7.11,N/A,Stress is not corrected to sample surface expansion (page 130).,N/A,E,5.50E-04,N/A,N/A,N/A,"Figures of samples geometry show cracks (Figs, 2, 3; page 130).",N/A,N/A,N/A,N/A,N/A,N/A,N/A,N/A,N/A,N/A,N/A,N/A,N/A,N/A,N/A,N/A,N/A,N/A,N/A,N/A,N/A,N/A,N/A
139,Jones & Chew (1983),38,Constant displacement rate,Uniaxial compression,0,Example creep curves (Fig. 1). Summary data in a table (Table 1).,N/A,NO,NO,Cylindrical,20,60,N/A,N/A,N/A,-10,-9.5,-10.5,Page 130,D,1300,N/A,N/A,N/A,N/A,N/A,N/A,0.0056,N/A,E,7.02,N/A,Stress is not corrected to sample surface expansion (page 130).,N/A,E,5.50E-04,N/A,N/A,N/A,"Figures of samples geometry show cracks (Figs, 2, 3; page 130).",N/A,N/A,N/A,N/A,N/A,N/A,N/A,N/A,N/A,N/A,N/A,N/A,N/A,N/A,N/A,N/A,N/A,N/A,N/A,N/A,N/A,N/A,N/A
140,Jones & Chew (1983),39,Constant displacement rate,Uniaxial compression,0,Example creep curves (Fig. 1). Summary data in a table (Table 1).,N/A,NO,NO,Cylindrical,20,60,N/A,N/A,N/A,-10,-9.5,-10.5,Page 130,D,1300,N/A,N/A,N/A,N/A,N/A,N/A,0.0049,N/A,E,7.79,N/A,Stress is not corrected to sample surface expansion (page 130).,N/A,E,5.50E-04,N/A,N/A,N/A,"Figures of samples geometry show cracks (Figs, 2, 3; page 130).",N/A,N/A,N/A,N/A,N/A,N/A,N/A,N/A,N/A,N/A,N/A,N/A,N/A,N/A,N/A,N/A,N/A,N/A,N/A,N/A,N/A,N/A,N/A
141,Jones & Chew (1983),40,Constant displacement rate,Uniaxial compression,0,Example creep curves (Fig. 1). Summary data in a table (Table 1).,N/A,NO,NO,Cylindrical,20,60,N/A,N/A,N/A,-10,-9.5,-10.5,Page 130,D,1400,N/A,N/A,N/A,N/A,N/A,N/A,0.0056,N/A,E,8.32,N/A,Stress is not corrected to sample surface expansion (page 130).,N/A,E,5.50E-04,N/A,N/A,N/A,"Figures of samples geometry show cracks (Figs, 2, 3; page 130).",N/A,N/A,N/A,N/A,N/A,N/A,N/A,N/A,N/A,N/A,N/A,N/A,N/A,N/A,N/A,N/A,N/A,N/A,N/A,N/A,N/A,N/A,N/A
142,Jones & Chew (1983),41,Constant displacement rate,Uniaxial compression,0,Example creep curves (Fig. 1). Summary data in a table (Table 1).,N/A,NO,NO,Cylindrical,20,60,N/A,N/A,N/A,-10,-9.5,-10.5,Page 130,D,1800,N/A,N/A,N/A,N/A,N/A,N/A,0.0059,N/A,E,7.75,N/A,Stress is not corrected to sample surface expansion (page 130).,N/A,E,5.50E-04,N/A,N/A,N/A,"Figures of samples geometry show cracks (Figs, 2, 3; page 130).",N/A,N/A,N/A,N/A,N/A,N/A,N/A,N/A,N/A,N/A,N/A,N/A,N/A,N/A,N/A,N/A,N/A,N/A,N/A,N/A,N/A,N/A,N/A
143,Jones & Chew (1983),42,Constant displacement rate,Uniaxial compression,0,Example creep curves (Fig. 1). Summary data in a table (Table 1).,N/A,NO,NO,Cylindrical,20,60,N/A,N/A,N/A,-10,-9.5,-10.5,Page 130,D,1100,N/A,N/A,N/A,N/A,N/A,N/A,0.0069,N/A,E,7.6,N/A,Stress is not corrected to sample surface expansion (page 130).,N/A,E,5.50E-04,N/A,N/A,N/A,"Figures of samples geometry show cracks (Figs, 2, 3; page 130).",N/A,N/A,N/A,N/A,N/A,N/A,N/A,N/A,N/A,N/A,N/A,N/A,N/A,N/A,N/A,N/A,N/A,N/A,N/A,N/A,N/A,N/A,N/A
144,Jones & Chew (1983),43,Constant displacement rate,Uniaxial compression,0,Example creep curves (Fig. 1). Summary data in a table (Table 1).,N/A,NO,NO,Cylindrical,20,60,N/A,N/A,N/A,-10,-9.5,-10.5,Page 130,D,1000,N/A,N/A,N/A,N/A,N/A,N/A,0.0049,N/A,E,7.43,N/A,Stress is not corrected to sample surface expansion (page 130).,N/A,E,5.50E-04,N/A,N/A,N/A,"Figures of samples geometry show cracks (Figs, 2, 3; page 130).",N/A,N/A,N/A,N/A,N/A,N/A,N/A,N/A,N/A,N/A,N/A,N/A,N/A,N/A,N/A,N/A,N/A,N/A,N/A,N/A,N/A,N/A,N/A
145,Jones & Chew (1983),44,Constant displacement rate,Uniaxial compression,0,Example creep curves (Fig. 1). Summary data in a table (Table 1).,N/A,NO,NO,Cylindrical,20,60,N/A,N/A,N/A,-10,-9.5,-10.5,Page 130,D,1000,N/A,N/A,N/A,N/A,N/A,N/A,0.0061,N/A,E,7.71,N/A,Stress is not corrected to sample surface expansion (page 130).,N/A,E,5.50E-04,N/A,N/A,N/A,"Figures of samples geometry show cracks (Figs, 2, 3; page 130).",N/A,N/A,N/A,N/A,N/A,N/A,N/A,N/A,N/A,N/A,N/A,N/A,N/A,N/A,N/A,N/A,N/A,N/A,N/A,N/A,N/A,N/A,N/A
146,Jones & Chew (1983),45,Constant displacement rate,Uniaxial compression,0,Example creep curves (Fig. 1). Summary data in a table (Table 1).,N/A,NO,NO,Cylindrical,20,60,N/A,N/A,N/A,-10,-9.5,-10.5,Page 130,D,1000,N/A,N/A,N/A,N/A,N/A,N/A,0.0061,N/A,E,7.78,N/A,Stress is not corrected to sample surface expansion (page 130).,N/A,E,5.50E-04,N/A,N/A,N/A,"Figures of samples geometry show cracks (Figs, 2, 3; page 130).",N/A,N/A,N/A,N/A,N/A,N/A,N/A,N/A,N/A,N/A,N/A,N/A,N/A,N/A,N/A,N/A,N/A,N/A,N/A,N/A,N/A,N/A,N/A
147,Jones & Chew (1983),46,Constant displacement rate,Uniaxial compression,0,Example creep curves (Fig. 1). Summary data in a table (Table 1).,N/A,NO,NO,Cylindrical,20,60,N/A,N/A,N/A,-10,-9.5,-10.5,Page 130,D,950,N/A,N/A,N/A,N/A,N/A,N/A,0.0054,N/A,E,8.43,N/A,Stress is not corrected to sample surface expansion (page 130).,N/A,E,5.50E-04,N/A,N/A,N/A,"Figures of samples geometry show cracks (Figs, 2, 3; page 130).",N/A,N/A,N/A,N/A,N/A,N/A,N/A,N/A,N/A,N/A,N/A,N/A,N/A,N/A,N/A,N/A,N/A,N/A,N/A,N/A,N/A,N/A,N/A
148,Jones & Chew (1983),47,Constant displacement rate,Uniaxial compression,0,Example creep curves (Fig. 1). Summary data in a table (Table 1).,N/A,NO,NO,Cylindrical,20,60,N/A,N/A,N/A,-10,-9.5,-10.5,Page 130,D,1400,N/A,N/A,N/A,N/A,N/A,N/A,0.0054,N/A,E,8.58,N/A,Stress is not corrected to sample surface expansion (page 130).,N/A,E,5.50E-04,N/A,N/A,N/A,"Figures of samples geometry show cracks (Figs, 2, 3; page 130).",N/A,N/A,N/A,N/A,N/A,N/A,N/A,N/A,N/A,N/A,N/A,N/A,N/A,N/A,N/A,N/A,N/A,N/A,N/A,N/A,N/A,N/A,N/A
149,Jones & Chew (1983),48,Constant displacement rate,Uniaxial compression,0,Example creep curves (Fig. 1). Summary data in a table (Table 1).,N/A,NO,NO,Cylindrical,20,60,N/A,N/A,N/A,-10,-9.5,-10.5,Page 130,D,1400,N/A,N/A,N/A,N/A,N/A,N/A,0.0054,N/A,E,7.75,N/A,Stress is not corrected to sample surface expansion (page 130).,N/A,E,5.50E-04,N/A,N/A,N/A,"Figures of samples geometry show cracks (Figs, 2, 3; page 130).",N/A,N/A,N/A,N/A,N/A,N/A,N/A,N/A,N/A,N/A,N/A,N/A,N/A,N/A,N/A,N/A,N/A,N/A,N/A,N/A,N/A,N/A,N/A
150,Jones & Chew (1983),49,Constant displacement rate,Uniaxial compression,0,Example creep curves (Fig. 1). Summary data in a table (Table 1).,N/A,NO,NO,Cylindrical,20,60,N/A,N/A,N/A,-10,-9.5,-10.5,Page 130,D,890,N/A,N/A,N/A,N/A,N/A,N/A,0.0071,N/A,E,8.82,N/A,Stress is not corrected to sample surface expansion (page 130).,N/A,E,5.50E-04,N/A,N/A,N/A,"Figures of samples geometry show cracks (Figs, 2, 3; page 130).",N/A,N/A,N/A,N/A,N/A,N/A,N/A,N/A,N/A,N/A,N/A,N/A,N/A,N/A,N/A,N/A,N/A,N/A,N/A,N/A,N/A,N/A,N/A
151,Jones & Chew (1983),50,Constant displacement rate,Uniaxial compression,0,Example creep curves (Fig. 1). Summary data in a table (Table 1).,N/A,NO,NO,Cylindrical,20,60,N/A,N/A,N/A,-10,-9.5,-10.5,Page 130,D,800,N/A,N/A,N/A,N/A,N/A,N/A,0.0088,N/A,E,7.24,N/A,Stress is not corrected to sample surface expansion (page 130).,N/A,E,5.50E-04,N/A,N/A,N/A,"Figures of samples geometry show cracks (Figs, 2, 3; page 130).",N/A,N/A,N/A,N/A,N/A,N/A,N/A,N/A,N/A,N/A,N/A,N/A,N/A,N/A,N/A,N/A,N/A,N/A,N/A,N/A,N/A,N/A,N/A
152,Jones & Chew (1983),51,Constant displacement rate,Uniaxial compression,0,Example creep curves (Fig. 1). Summary data in a table (Table 1).,N/A,NO,NO,Cylindrical,20,60,N/A,N/A,N/A,-10,-9.5,-10.5,Page 130,D,800,N/A,N/A,N/A,N/A,N/A,N/A,0.0061,N/A,E,7.25,N/A,Stress is not corrected to sample surface expansion (page 130).,N/A,E,5.50E-04,N/A,N/A,N/A,"Figures of samples geometry show cracks (Figs, 2, 3; page 130).",N/A,N/A,N/A,N/A,N/A,N/A,N/A,N/A,N/A,N/A,N/A,N/A,N/A,N/A,N/A,N/A,N/A,N/A,N/A,N/A,N/A,N/A,N/A
153,Jones & Chew (1983),52,Constant displacement rate,Uniaxial compression,0,Example creep curves (Fig. 1). Summary data in a table (Table 1).,N/A,NO,NO,Cylindrical,20,60,N/A,N/A,N/A,-10,-9.5,-10.5,Page 130,D,800,N/A,N/A,N/A,N/A,N/A,N/A,0.0066,N/A,E,8.56,N/A,Stress is not corrected to sample surface expansion (page 130).,N/A,E,5.50E-04,N/A,N/A,N/A,"Figures of samples geometry show cracks (Figs, 2, 3; page 130).",N/A,N/A,N/A,N/A,N/A,N/A,N/A,N/A,N/A,N/A,N/A,N/A,N/A,N/A,N/A,N/A,N/A,N/A,N/A,N/A,N/A,N/A,N/A
154,Jones & Chew (1983),53,Constant displacement rate,Uniaxial compression,0,Example creep curves (Fig. 1). Summary data in a table (Table 1).,N/A,NO,NO,Cylindrical,20,60,N/A,N/A,N/A,-10,-9.5,-10.5,Page 130,D,800,N/A,N/A,N/A,N/A,N/A,N/A,0.0061,N/A,E,7.7,N/A,Stress is not corrected to sample surface expansion (page 130).,N/A,E,5.50E-04,N/A,N/A,N/A,"Figures of samples geometry show cracks (Figs, 2, 3; page 130).",N/A,N/A,N/A,N/A,N/A,N/A,N/A,N/A,N/A,N/A,N/A,N/A,N/A,N/A,N/A,N/A,N/A,N/A,N/A,N/A,N/A,N/A,N/A
155,Jones & Chew (1983),54,Constant displacement rate,Uniaxial compression,0,Example creep curves (Fig. 1). Summary data in a table (Table 1).,N/A,NO,NO,Cylindrical,20,60,N/A,N/A,N/A,-10,-9.5,-10.5,Page 130,D,1100,N/A,N/A,N/A,N/A,N/A,N/A,0.0054,N/A,E,8.02,N/A,Stress is not corrected to sample surface expansion (page 130).,N/A,E,5.50E-04,N/A,N/A,N/A,"Figures of samples geometry show cracks (Figs, 2, 3; page 130).",N/A,N/A,N/A,N/A,N/A,N/A,N/A,N/A,N/A,N/A,N/A,N/A,N/A,N/A,N/A,N/A,N/A,N/A,N/A,N/A,N/A,N/A,N/A
156,Jones & Chew (1983),55,Constant displacement rate,Uniaxial compression,0,Example creep curves (Fig. 1). Summary data in a table (Table 1).,N/A,NO,NO,Cylindrical,20,60,N/A,N/A,N/A,-10,-9.5,-10.5,Page 130,D,1100,N/A,N/A,N/A,N/A,N/A,N/A,0.0054,N/A,E,8.38,N/A,Stress is not corrected to sample surface expansion (page 130).,N/A,E,5.50E-04,N/A,N/A,N/A,"Figures of samples geometry show cracks (Figs, 2, 3; page 130).",N/A,N/A,N/A,N/A,N/A,N/A,N/A,N/A,N/A,N/A,N/A,N/A,N/A,N/A,N/A,N/A,N/A,N/A,N/A,N/A,N/A,N/A,N/A
157,Jones & Chew (1983),56,Constant displacement rate,Uniaxial compression,0,Example creep curves (Fig. 1). Summary data in a table (Table 1).,N/A,NO,NO,Cylindrical,20,60,N/A,N/A,N/A,-10,-9.5,-10.5,Page 130,D,930,N/A,N/A,N/A,N/A,N/A,N/A,0.0054,N/A,E,7.94,N/A,Stress is not corrected to sample surface expansion (page 130).,N/A,E,5.50E-04,N/A,N/A,N/A,"Figures of samples geometry show cracks (Figs, 2, 3; page 130).",N/A,N/A,N/A,N/A,N/A,N/A,N/A,N/A,N/A,N/A,N/A,N/A,N/A,N/A,N/A,N/A,N/A,N/A,N/A,N/A,N/A,N/A,N/A
158,Jones & Chew (1983),57,Constant displacement rate,Uniaxial compression,0,Example creep curves (Fig. 1). Summary data in a table (Table 1).,N/A,NO,NO,Cylindrical,20,60,N/A,N/A,N/A,-10,-9.5,-10.5,Page 130,D,930,N/A,N/A,N/A,N/A,N/A,N/A,0.0061,N/A,E,7.59,N/A,Stress is not corrected to sample surface expansion (page 130).,N/A,E,5.50E-04,N/A,N/A,N/A,"Figures of samples geometry show cracks (Figs, 2, 3; page 130).",N/A,N/A,N/A,N/A,N/A,N/A,N/A,N/A,N/A,N/A,N/A,N/A,N/A,N/A,N/A,N/A,N/A,N/A,N/A,N/A,N/A,N/A,N/A
159,Jones & Chew (1983),58,Constant displacement rate,Uniaxial compression,0,Example creep curves (Fig. 1). Summary data in a table (Table 1).,N/A,NO,NO,Cylindrical,20,60,N/A,N/A,N/A,-10,-9.5,-10.5,Page 130,D,930,N/A,N/A,N/A,N/A,N/A,N/A,0.0104,N/A,E,6.45,N/A,Stress is not corrected to sample surface expansion (page 130).,N/A,E,5.50E-04,N/A,N/A,N/A,"Figures of samples geometry show cracks (Figs, 2, 3; page 130).",N/A,N/A,N/A,N/A,N/A,N/A,N/A,N/A,N/A,N/A,N/A,N/A,N/A,N/A,N/A,N/A,N/A,N/A,N/A,N/A,N/A,N/A,N/A
160,Jones & Chew (1983),59,Constant displacement rate,Uniaxial compression,0,Example creep curves (Fig. 1). Summary data in a table (Table 1).,N/A,NO,NO,Cylindrical,34,102,N/A,N/A,N/A,-10,-9.5,-10.5,Page 130,D,9720,N/A,N/A,N/A,N/A,N/A,N/A,0.0086,N/A,E,7.26,N/A,Stress is not corrected to sample surface expansion (page 130).,N/A,E,5.50E-04,N/A,N/A,N/A,"Figures of samples geometry show cracks (Figs, 2, 3; page 130).",N/A,N/A,N/A,N/A,N/A,N/A,N/A,N/A,N/A,N/A,N/A,N/A,N/A,N/A,N/A,N/A,N/A,N/A,N/A,N/A,N/A,N/A,N/A
161,Jones & Chew (1983),60,Constant displacement rate,Uniaxial compression,0,Example creep curves (Fig. 1). Summary data in a table (Table 1).,N/A,NO,NO,Cylindrical,20,60,N/A,N/A,N/A,-10,-9.5,-10.5,Page 130,D,710,N/A,N/A,N/A,N/A,N/A,N/A,0.0066,N/A,E,7.15,N/A,Stress is not corrected to sample surface expansion (page 130).,N/A,E,5.50E-04,N/A,N/A,N/A,"Figures of samples geometry show cracks (Figs, 2, 3; page 130).",N/A,N/A,N/A,N/A,N/A,N/A,N/A,N/A,N/A,N/A,N/A,N/A,N/A,N/A,N/A,N/A,N/A,N/A,N/A,N/A,N/A,N/A,N/A
162,Jones & Chew (1983),61,Constant displacement rate,Uniaxial compression,0,Example creep curves (Fig. 1). Summary data in a table (Table 1).,N/A,NO,NO,Cylindrical,20,60,N/A,N/A,N/A,-10,-9.5,-10.5,Page 130,D,710,N/A,N/A,N/A,N/A,N/A,N/A,0.0087,N/A,E,6.91,N/A,Stress is not corrected to sample surface expansion (page 130).,N/A,E,5.50E-04,N/A,N/A,N/A,"Figures of samples geometry show cracks (Figs, 2, 3; page 130).",N/A,N/A,N/A,N/A,N/A,N/A,N/A,N/A,N/A,N/A,N/A,N/A,N/A,N/A,N/A,N/A,N/A,N/A,N/A,N/A,N/A,N/A,N/A
163,Jones & Chew (1983),62,Constant displacement rate,Uniaxial compression,0,Example creep curves (Fig. 1). Summary data in a table (Table 1).,N/A,NO,NO,Cylindrical,20,60,N/A,N/A,N/A,-10,-9.5,-10.5,Page 130,D,800,N/A,N/A,N/A,N/A,N/A,N/A,0.0054,N/A,E,7.29,N/A,Stress is not corrected to sample surface expansion (page 130).,N/A,E,5.50E-04,N/A,N/A,N/A,"Figures of samples geometry show cracks (Figs, 2, 3; page 130).",N/A,N/A,N/A,N/A,N/A,N/A,N/A,N/A,N/A,N/A,N/A,N/A,N/A,N/A,N/A,N/A,N/A,N/A,N/A,N/A,N/A,N/A,N/A
164,Jones & Chew (1983),63,Constant displacement rate,Uniaxial compression,0,Example creep curves (Fig. 1). Summary data in a table (Table 1).,N/A,NO,NO,Cylindrical,34,102,N/A,N/A,N/A,-10,-9.5,-10.5,Page 130,D,1940,N/A,N/A,N/A,N/A,N/A,N/A,0.006,N/A,E,6.52,N/A,Stress is not corrected to sample surface expansion (page 130).,N/A,E,5.50E-04,N/A,N/A,N/A,"Figures of samples geometry show cracks (Figs, 2, 3; page 130).",N/A,N/A,N/A,N/A,N/A,N/A,N/A,N/A,N/A,N/A,N/A,N/A,N/A,N/A,N/A,N/A,N/A,N/A,N/A,N/A,N/A,N/A,N/A
165,Jones & Chew (1983),64,Constant displacement rate,Uniaxial compression,0,Example creep curves (Fig. 1). Summary data in a table (Table 1).,N/A,NO,NO,Cylindrical,34,102,N/A,N/A,N/A,-10,-9.5,-10.5,Page 130,D,1630,N/A,N/A,N/A,N/A,N/A,N/A,0.0062,N/A,E,7.08,N/A,Stress is not corrected to sample surface expansion (page 130).,N/A,E,5.50E-04,N/A,N/A,N/A,"Figures of samples geometry show cracks (Figs, 2, 3; page 130).",N/A,N/A,N/A,N/A,N/A,N/A,N/A,N/A,N/A,N/A,N/A,N/A,N/A,N/A,N/A,N/A,N/A,N/A,N/A,N/A,N/A,N/A,N/A
166,Jones & Chew (1983),65,Constant displacement rate,Uniaxial compression,0,Example creep curves (Fig. 1). Summary data in a table (Table 1).,N/A,NO,NO,Cylindrical,20,60,N/A,N/A,N/A,-10,-9.5,-10.5,Page 130,D,670,N/A,N/A,N/A,N/A,N/A,N/A,0.0088,N/A,E,7.28,N/A,Stress is not corrected to sample surface expansion (page 130).,N/A,E,5.50E-04,N/A,N/A,N/A,"Figures of samples geometry show cracks (Figs, 2, 3; page 130).",N/A,N/A,N/A,N/A,N/A,N/A,N/A,N/A,N/A,N/A,N/A,N/A,N/A,N/A,N/A,N/A,N/A,N/A,N/A,N/A,N/A,N/A,N/A
167,Jones & Chew (1983),67,Constant displacement rate,Uniaxial compression,0,Example creep curves (Fig. 1). Summary data in a table (Table 1).,N/A,NO,NO,Cylindrical,34,102,N/A,N/A,N/A,-10,-9.5,-10.5,Page 130,D,1880,N/A,N/A,N/A,N/A,N/A,N/A,0.0106,N/A,E,7.06,N/A,Stress is not corrected to sample surface expansion (page 130).,N/A,E,5.50E-04,N/A,N/A,N/A,"Figures of samples geometry show cracks (Figs, 2, 3; page 130).",N/A,N/A,N/A,N/A,N/A,N/A,N/A,N/A,N/A,N/A,N/A,N/A,N/A,N/A,N/A,N/A,N/A,N/A,N/A,N/A,N/A,N/A,N/A
168,Jones & Chew (1983),68,Constant displacement rate,Uniaxial compression,0,Example creep curves (Fig. 1). Summary data in a table (Table 1).,N/A,NO,NO,Cylindrical,34,102,N/A,N/A,N/A,-10,-9.5,-10.5,Page 130,D,1630,N/A,N/A,N/A,N/A,N/A,N/A,0.0062,N/A,E,7.15,N/A,Stress is not corrected to sample surface expansion (page 130).,N/A,E,5.50E-04,N/A,N/A,N/A,"Figures of samples geometry show cracks (Figs, 2, 3; page 130).",N/A,N/A,N/A,N/A,N/A,N/A,N/A,N/A,N/A,N/A,N/A,N/A,N/A,N/A,N/A,N/A,N/A,N/A,N/A,N/A,N/A,N/A,N/A
169,Jones & Chew (1983),69,Constant displacement rate,Uniaxial compression,0,Example creep curves (Fig. 1). Summary data in a table (Table 1).,N/A,NO,NO,Cylindrical,20,60,N/A,N/A,N/A,-10,-9.5,-10.5,Page 130,D,1450,N/A,N/A,N/A,N/A,N/A,N/A,0.0053,N/A,E,8.07,N/A,Stress is not corrected to sample surface expansion (page 130).,N/A,E,5.50E-04,N/A,N/A,N/A,"Figures of samples geometry show cracks (Figs, 2, 3; page 130).",N/A,N/A,N/A,N/A,N/A,N/A,N/A,N/A,N/A,N/A,N/A,N/A,N/A,N/A,N/A,N/A,N/A,N/A,N/A,N/A,N/A,N/A,N/A
170,Jones & Chew (1983),70,Constant displacement rate,Uniaxial compression,0,Example creep curves (Fig. 1). Summary data in a table (Table 1).,N/A,NO,NO,Cylindrical,34,102,N/A,N/A,N/A,-10,-9.5,-10.5,Page 130,D,1940,N/A,N/A,N/A,N/A,N/A,N/A,0.0104,N/A,E,7.28,N/A,Stress is not corrected to sample surface expansion (page 130).,N/A,E,5.50E-04,N/A,N/A,N/A,"Figures of samples geometry show cracks (Figs, 2, 3; page 130).",N/A,N/A,N/A,N/A,N/A,N/A,N/A,N/A,N/A,N/A,N/A,N/A,N/A,N/A,N/A,N/A,N/A,N/A,N/A,N/A,N/A,N/A,N/A
171,Jones & Chew (1983),71,Constant displacement rate,Uniaxial compression,0,Example creep curves (Fig. 1). Summary data in a table (Table 1).,N/A,NO,NO,Cylindrical,20,60,N/A,N/A,N/A,-10,-9.5,-10.5,Page 130,D,1560,N/A,N/A,N/A,N/A,N/A,N/A,0.0098,N/A,E,7.29,N/A,Stress is not corrected to sample surface expansion (page 130).,N/A,E,5.50E-04,N/A,N/A,N/A,"Figures of samples geometry show cracks (Figs, 2, 3; page 130).",N/A,N/A,N/A,N/A,N/A,N/A,N/A,N/A,N/A,N/A,N/A,N/A,N/A,N/A,N/A,N/A,N/A,N/A,N/A,N/A,N/A,N/A,N/A
172,Jones & Chew (1983),72,Constant displacement rate,Uniaxial compression,0,Example creep curves (Fig. 1). Summary data in a table (Table 1).,N/A,NO,NO,Cylindrical,34,102,N/A,N/A,N/A,-10,-9.5,-10.5,Page 130,D,1660,N/A,N/A,N/A,N/A,N/A,N/A,0.0065,N/A,E,8.15,N/A,Stress is not corrected to sample surface expansion (page 130).,N/A,E,5.50E-04,N/A,N/A,N/A,"Figures of samples geometry show cracks (Figs, 2, 3; page 130).",N/A,N/A,N/A,N/A,N/A,N/A,N/A,N/A,N/A,N/A,N/A,N/A,N/A,N/A,N/A,N/A,N/A,N/A,N/A,N/A,N/A,N/A,N/A
173,Jones & Chew (1983),73,Constant displacement rate,Uniaxial compression,0,Example creep curves (Fig. 1). Summary data in a table (Table 1).,N/A,NO,NO,Cylindrical,20,60,N/A,N/A,N/A,-10,-9.5,-10.5,Page 130,D,690,N/A,N/A,N/A,N/A,N/A,N/A,0.0088,N/A,E,6.92,N/A,Stress is not corrected to sample surface expansion (page 130).,N/A,E,5.50E-04,N/A,N/A,N/A,"Figures of samples geometry show cracks (Figs, 2, 3; page 130).",N/A,N/A,N/A,N/A,N/A,N/A,N/A,N/A,N/A,N/A,N/A,N/A,N/A,N/A,N/A,N/A,N/A,N/A,N/A,N/A,N/A,N/A,N/A
174,Jones & Chew (1983),74,Constant displacement rate,Uniaxial compression,0,Example creep curves (Fig. 1). Summary data in a table (Table 1).,N/A,NO,NO,Cylindrical,20,60,N/A,N/A,N/A,-10,-9.5,-10.5,Page 130,D,690,N/A,N/A,N/A,N/A,N/A,N/A,0.0099,N/A,E,7.2,N/A,Stress is not corrected to sample surface expansion (page 130).,N/A,E,5.50E-04,N/A,N/A,N/A,"Figures of samples geometry show cracks (Figs, 2, 3; page 130).",N/A,N/A,N/A,N/A,N/A,N/A,N/A,N/A,N/A,N/A,N/A,N/A,N/A,N/A,N/A,N/A,N/A,N/A,N/A,N/A,N/A,N/A,N/A
175,Jones & Chew (1983),75,Constant displacement rate,Uniaxial compression,0,Example creep curves (Fig. 1). Summary data in a table (Table 1).,N/A,NO,NO,Cylindrical,20,60,N/A,N/A,N/A,-10,-9.5,-10.5,Page 130,D,690,N/A,N/A,N/A,N/A,N/A,N/A,0.0074,N/A,E,7.58,N/A,Stress is not corrected to sample surface expansion (page 130).,N/A,E,5.50E-04,N/A,N/A,N/A,"Figures of samples geometry show cracks (Figs, 2, 3; page 130).",N/A,N/A,N/A,N/A,N/A,N/A,N/A,N/A,N/A,N/A,N/A,N/A,N/A,N/A,N/A,N/A,N/A,N/A,N/A,N/A,N/A,N/A,N/A
176,Jones & Chew (1983),76,Constant displacement rate,Uniaxial compression,0,Example creep curves (Fig. 1). Summary data in a table (Table 1).,N/A,NO,NO,Cylindrical,20,60,N/A,N/A,N/A,-10,-9.5,-10.5,Page 130,D,660,N/A,N/A,N/A,N/A,N/A,N/A,0.0066,N/A,E,7.36,N/A,Stress is not corrected to sample surface expansion (page 130).,N/A,E,5.50E-04,N/A,N/A,N/A,"Figures of samples geometry show cracks (Figs, 2, 3; page 130).",N/A,N/A,N/A,N/A,N/A,N/A,N/A,N/A,N/A,N/A,N/A,N/A,N/A,N/A,N/A,N/A,N/A,N/A,N/A,N/A,N/A,N/A,N/A
177,Jones & Chew (1983),79,Constant displacement rate,Uniaxial compression,0,Example creep curves (Fig. 1). Summary data in a table (Table 1).,N/A,NO,NO,Cylindrical,20,60,N/A,N/A,N/A,-10,-9.5,-10.5,Page 130,D,560,N/A,N/A,N/A,N/A,N/A,N/A,0.0099,N/A,E,7.3,N/A,Stress is not corrected to sample surface expansion (page 130).,N/A,E,5.50E-04,N/A,N/A,N/A,"Figures of samples geometry show cracks (Figs, 2, 3; page 130).",N/A,N/A,N/A,N/A,N/A,N/A,N/A,N/A,N/A,N/A,N/A,N/A,N/A,N/A,N/A,N/A,N/A,N/A,N/A,N/A,N/A,N/A,N/A
178,Jones & Chew (1983),80,Constant displacement rate,Uniaxial compression,0,Example creep curves (Fig. 1). Summary data in a table (Table 1).,N/A,NO,NO,Cylindrical,20,60,N/A,N/A,N/A,-10,-9.5,-10.5,Page 130,D,600,N/A,N/A,N/A,N/A,N/A,N/A,0.0055,N/A,E,8.65,N/A,Stress is not corrected to sample surface expansion (page 130).,N/A,E,5.50E-04,N/A,N/A,N/A,"Figures of samples geometry show cracks (Figs, 2, 3; page 130).",N/A,N/A,N/A,N/A,N/A,N/A,N/A,N/A,N/A,N/A,N/A,N/A,N/A,N/A,N/A,N/A,N/A,N/A,N/A,N/A,N/A,N/A,N/A
179,Durham et al. (1983),11,Constant displacement rate,Uniaxial compression,100,Summary data in a table (Table 2).,N/A,NO,NO,Cylindrical,25.4,63.5,N/A,N/A,N/A,-78,-77.5,-78.5,T is piston temperature. T variation in the sample should be much lower (page B378).,D,1500,1000,2000,N/A,N/A,Light polarized photo ,N/A,N/A,N/A,N/A,25,A,N/A,A,T,3.50E-06,N/A,N/A,N/A,N/A,N/A,N/A,N/A,N/A,N/A,N/A,N/A,N/A,N/A,N/A,14.6,N/A,N/A,N/A,T,3.50E-06,N/A,N/A,N/A,N/A,N/A,N/A,N/A
180,Durham et al. (1983),12,Constant displacement rate,Uniaxial compression,5,Summary data in a table (Table 2).,N/A,NO,NO,Cylindrical,25.4,63.5,N/A,N/A,N/A,-78,-77.5,-78.5,T is piston temperature. T variation in the sample should be much lower (page B378).,D,1500,1000,2000,N/A,N/A,Light polarized photo ,N/A,N/A,N/A,N/A,22.9,A,N/A,A,T,3.50E-06,N/A,N/A,N/A,N/A,N/A,N/A,N/A,N/A,N/A,N/A,N/A,N/A,N/A,N/A,N/A,N/A,N/A,N/A,T,3.50E-06,N/A,N/A,N/A,N/A,N/A,N/A,N/A
181,Durham et al. (1983),14,Constant displacement rate,Uniaxial compression,50,Summary data in a table (Table 2).,N/A,NO,NO,Cylindrical,25.4,63.5,N/A,N/A,N/A,-78,-77.5,-78.5,T is piston temperature. T variation in the sample should be much lower (page B378).,D,1500,1000,2000,N/A,N/A,Light polarized photo ,N/A,N/A,N/A,N/A,24.4,A,N/A,A,T,3.50E-06,N/A,N/A,N/A,N/A,N/A,N/A,N/A,N/A,N/A,N/A,N/A,N/A,N/A,N/A,20,N/A,N/A,N/A,T,3.50E-06,N/A,N/A,N/A,N/A,N/A,N/A,N/A
182,Durham et al. (1983),23,Constant displacement rate,Uniaxial compression,180,Summary data in a table (Table 2).,N/A,NO,NO,Cylindrical,25.4,63.5,N/A,N/A,N/A,-115,-114.5,-115.5,T is piston temperature. T variation in the sample should be much lower (page B378).,D,1500,1000,2000,N/A,N/A,Light polarized photo ,N/A,N/A,N/A,N/A,67.1,A,N/A,A,T,3.50E-06,N/A,N/A,N/A,N/A,N/A,N/A,N/A,N/A,N/A,N/A,N/A,N/A,N/A,N/A,56,48,64,N/A,T,3.50E-06,N/A,N/A,N/A,N/A,N/A,N/A,N/A
183,Durham et al. (1983),24,Constant displacement rate,Uniaxial compression,120,Summary data in a table (Table 2).,N/A,NO,NO,Cylindrical,25.4,63.5,N/A,N/A,N/A,-115,-114.5,-115.5,T is piston temperature. T variation in the sample should be much lower (page B378).,D,1500,1000,2000,N/A,N/A,Light polarized photo ,N/A,N/A,N/A,N/A,87.2,A,N/A,A,T,3.50E-06,N/A,N/A,N/A,N/A,N/A,N/A,N/A,N/A,N/A,N/A,N/A,N/A,N/A,N/A,72.6,N/A,N/A,N/A,T,3.50E-06,N/A,N/A,N/A,N/A,N/A,N/A,N/A
184,Durham et al. (1983),25,Constant displacement rate,Uniaxial compression,90,Summary data in a table (Table 2).,N/A,NO,NO,Cylindrical,25.4,63.5,N/A,N/A,N/A,-115,-114.5,-115.5,T is piston temperature. T variation in the sample should be much lower (page B378).,D,1500,1000,2000,N/A,N/A,Light polarized photo ,N/A,N/A,N/A,N/A,93.9,A,N/A,A,T,3.50E-06,N/A,N/A,N/A,N/A,N/A,N/A,N/A,N/A,N/A,N/A,N/A,N/A,N/A,N/A,78.1,N/A,N/A,N/A,T,3.50E-06,N/A,N/A,N/A,N/A,N/A,N/A,N/A
185,Durham et al. (1983),29,Constant displacement rate,Uniaxial compression,60,Summary data in a table (Table 2).,N/A,NO,NO,Cylindrical,25.4,63.5,N/A,N/A,N/A,-115,-114.5,-115.5,T is piston temperature. T variation in the sample should be much lower (page B378).,D,1500,1000,2000,N/A,N/A,Light polarized photo ,N/A,N/A,N/A,N/A,99.4,A,N/A,A,T,3.50E-06,N/A,N/A,N/A,N/A,N/A,N/A,N/A,N/A,N/A,N/A,N/A,N/A,N/A,N/A,91.1,N/A,N/A,N/A,T,3.50E-06,N/A,N/A,N/A,N/A,N/A,N/A,N/A
186,Durham et al. (1983),30,Constant displacement rate,Uniaxial compression,200,Summary data in a table (Table 2).,N/A,NO,NO,Cylindrical,25.4,63.5,N/A,N/A,N/A,-78,-77.5,-78.5,T is piston temperature. T variation in the sample should be much lower (page B378).,D,1500,1000,2000,N/A,N/A,Light polarized photo ,N/A,N/A,N/A,N/A,51.2,A,N/A,A,T,3.50E-04,N/A,N/A,N/A,N/A,N/A,N/A,N/A,N/A,N/A,N/A,N/A,N/A,N/A,N/A,31.2,N/A,N/A,N/A,T,3.50E-04,N/A,N/A,N/A,N/A,N/A,N/A,N/A
187,Durham et al. (1983),31,Constant displacement rate,Uniaxial compression,200,Summary data in a table (Table 2).,N/A,NO,NO,Cylindrical,25.4,63.5,N/A,N/A,N/A,-78,-77.5,-78.5,T is piston temperature. T variation in the sample should be much lower (page B378).,D,1500,1000,2000,N/A,N/A,Light polarized photo ,N/A,N/A,N/A,N/A,10.7,A,N/A,A,T,3.50E-06,N/A,N/A,N/A,N/A,N/A,N/A,N/A,N/A,N/A,N/A,N/A,N/A,N/A,N/A,<1,N/A,N/A,N/A,T,3.50E-06,N/A,N/A,N/A,N/A,N/A,N/A,N/A
188,Durham et al. (1983),37,Constant displacement rate,Uniaxial compression,100,Summary data in a table (Table 2).,N/A,NO,NO,Cylindrical,25.4,63.5,N/A,N/A,N/A,-78,-77.5,-78.5,T is piston temperature. T variation in the sample should be much lower (page B378).,D,1500,1000,2000,N/A,N/A,Light polarized photo ,N/A,N/A,N/A,N/A,65.5,A,N/A,A,T,3.50E-04,N/A,N/A,N/A,N/A,N/A,N/A,N/A,N/A,N/A,N/A,N/A,N/A,N/A,N/A,52.7,N/A,N/A,N/A,T,3.50E-04,N/A,N/A,N/A,N/A,N/A,N/A,N/A
189,Durham et al. (1983),38,Constant displacement rate,Uniaxial compression,50,Summary data in a table (Table 2).,N/A,NO,NO,Cylindrical,25.4,63.5,N/A,N/A,N/A,-78,-77.5,-78.5,T is piston temperature. T variation in the sample should be much lower (page B378).,D,1500,1000,2000,N/A,N/A,Light polarized photo ,N/A,N/A,N/A,N/A,63.7,A,N/A,A,T,3.50E-04,N/A,N/A,N/A,N/A,N/A,N/A,N/A,N/A,N/A,N/A,N/A,N/A,N/A,N/A,49.2,N/A,N/A,N/A,T,3.50E-04,N/A,N/A,N/A,N/A,N/A,N/A,N/A
190,Durham et al. (1983),39,Constant displacement rate,Uniaxial compression,150,Summary data in a table (Table 2).,N/A,NO,NO,Cylindrical,25.4,63.5,N/A,N/A,N/A,-78,-77.5,-78.5,T is piston temperature. T variation in the sample should be much lower (page B378).,D,1500,1000,2000,N/A,N/A,Light polarized photo ,N/A,N/A,N/A,N/A,58.6,A,N/A,A,T,3.50E-04,N/A,N/A,N/A,N/A,N/A,N/A,N/A,N/A,N/A,N/A,N/A,N/A,N/A,N/A,49.2,N/A,N/A,N/A,T,3.50E-04,N/A,N/A,N/A,N/A,N/A,N/A,N/A
191,Durham et al. (1983),40,Constant displacement rate,Uniaxial compression,200,Summary data in a table (Table 2).,N/A,NO,NO,Cylindrical,25.4,63.5,N/A,N/A,N/A,-78,-77.5,-78.5,T is piston temperature. T variation in the sample should be much lower (page B378).,D,1500,1000,2000,N/A,N/A,Light polarized photo ,N/A,N/A,N/A,N/A,48.8,A,N/A,A,T,3.50E-04,N/A,N/A,N/A,N/A,N/A,N/A,N/A,N/A,N/A,N/A,N/A,N/A,N/A,N/A,31.7,N/A,N/A,N/A,T,3.50E-04,N/A,N/A,N/A,N/A,N/A,N/A,N/A
192,Durham et al. (1983),41,Constant displacement rate,Uniaxial compression,225,Summary data in a table (Table 2).,N/A,NO,NO,Cylindrical,25.4,63.5,N/A,N/A,N/A,-78,-77.5,-78.5,T is piston temperature. T variation in the sample should be much lower (page B378).,D,1500,1000,2000,N/A,N/A,Light polarized photo ,N/A,N/A,N/A,N/A,25.6,A,N/A,A,T,3.50E-04,N/A,N/A,N/A,N/A,N/A,N/A,N/A,N/A,N/A,N/A,N/A,N/A,N/A,N/A,10.4,N/A,N/A,N/A,T,3.50E-04,N/A,N/A,N/A,N/A,N/A,N/A,N/A
193,Durham et al. (1983),42,Constant displacement rate,Uniaxial compression,200,Summary data in a table (Table 2).,N/A,NO,NO,Cylindrical,25.4,63.5,N/A,N/A,N/A,-78,-77.5,-78.5,T is piston temperature. T variation in the sample should be much lower (page B378).,D,1500,1000,2000,N/A,N/A,Light polarized photo ,N/A,N/A,N/A,N/A,45.1,A,N/A,A,T,3.50E-04,N/A,N/A,N/A,N/A,N/A,N/A,N/A,N/A,N/A,N/A,N/A,N/A,N/A,N/A,N/A,N/A,N/A,N/A,T,3.50E-04,N/A,N/A,N/A,N/A,N/A,N/A,N/A
194,Durham et al. (1983),43,Constant displacement rate,Uniaxial compression,200,Summary data in a table (Table 2).,N/A,NO,NO,Cylindrical,25.4,63.5,N/A,N/A,N/A,-78,-77.5,-78.5,T is piston temperature. T variation in the sample should be much lower (page B378).,D,1500,1000,2000,N/A,N/A,Light polarized photo ,N/A,N/A,N/A,N/A,51.8,A,N/A,A,T,3.50E-04,N/A,N/A,N/A,N/A,N/A,N/A,N/A,N/A,N/A,N/A,N/A,N/A,N/A,N/A,32.3,N/A,N/A,N/A,T,3.50E-04,N/A,N/A,N/A,N/A,N/A,N/A,N/A
195,Durham et al. (1983),44-1,Constant displacement rate,Uniaxial compression,100,Summary data in a table (Table 2).,N/A,NO,NO,Cylindrical,25.4,63.5,N/A,N/A,N/A,-78,-77.5,-78.5,T is piston temperature. T variation in the sample should be much lower (page B378).,D,1500,1000,2000,N/A,N/A,Light polarized photo ,N/A,N/A,N/A,N/A,75.6,A,N/A,A,T,3.50E-04,N/A,N/A,N/A,N/A,N/A,N/A,N/A,N/A,N/A,N/A,N/A,N/A,N/A,N/A,60.2,N/A,N/A,N/A,T,3.50E-04,N/A,N/A,N/A,N/A,N/A,N/A,N/A
196,Durham et al. (1983),55-1,Constant displacement rate,Uniaxial compression,38.8,Summary data in a table (Table 2).,N/A,NO,NO,Cylindrical,25.4,63.5,N/A,N/A,N/A,-115,-114.5,-115.5,T is piston temperature. T variation in the sample should be much lower (page B378).,D,1500,1000,2000,N/A,N/A,Light polarized photo ,N/A,N/A,N/A,N/A,104.9,A,N/A,A,T,3.50E-06,N/A,N/A,N/A,N/A,N/A,N/A,N/A,N/A,N/A,N/A,N/A,N/A,N/A,N/A,86.7,N/A,N/A,N/A,T,3.50E-06,N/A,N/A,N/A,N/A,N/A,N/A,N/A
197,Durham et al. (1983),62-1,Constant displacement rate,Uniaxial compression,80,Summary data in a table (Table 2).,N/A,NO,NO,Cylindrical,25.4,63.5,N/A,N/A,N/A,-80,-79.5,-80.5,T is piston temperature. T variation in the sample should be much lower (page B378).,D,1500,1000,2000,N/A,N/A,Light polarized photo ,N/A,N/A,N/A,N/A,65.9,A,N/A,A,T,3.50E-05,N/A,N/A,N/A,N/A,N/A,N/A,N/A,N/A,N/A,N/A,N/A,N/A,N/A,N/A,47.5,N/A,N/A,N/A,T,3.50E-05,N/A,N/A,N/A,N/A,N/A,N/A,N/A
198,Durham et al. (1983),63-1,Constant displacement rate,Uniaxial compression,125,Summary data in a table (Table 2).,N/A,NO,NO,Cylindrical,25.4,63.5,N/A,N/A,N/A,-78,-77.5,-78.5,T is piston temperature. T variation in the sample should be much lower (page B378).,D,1500,1000,2000,N/A,N/A,Light polarized photo ,N/A,N/A,N/A,N/A,55.9,A,N/A,A,T,3.50E-05,N/A,N/A,N/A,N/A,N/A,N/A,N/A,N/A,N/A,N/A,N/A,N/A,N/A,N/A,39.7,N/A,N/A,N/A,T,3.50E-05,N/A,N/A,N/A,N/A,N/A,N/A,N/A
199,Durham et al. (1983),64-1,Constant displacement rate,Uniaxial compression,50,Summary data in a table (Table 2).,N/A,NO,NO,Cylindrical,25.4,63.5,N/A,N/A,N/A,-81,-80.5,-81.5,T is piston temperature. T variation in the sample should be much lower (page B378).,D,1500,1000,2000,N/A,N/A,Light polarized photo ,N/A,N/A,N/A,N/A,67.5,A,N/A,A,T,3.50E-05,N/A,N/A,N/A,N/A,N/A,N/A,N/A,N/A,N/A,N/A,N/A,N/A,N/A,N/A,49,N/A,N/A,N/A,T,3.50E-05,N/A,N/A,N/A,N/A,N/A,N/A,N/A
200,Durham et al. (1983),65-1,Constant displacement rate,Uniaxial compression,100,Summary data in a table (Table 2).,N/A,NO,NO,Cylindrical,25.4,63.5,N/A,N/A,N/A,-40,-39.5,-40.5,T is piston temperature. T variation in the sample should be much lower (page B378).,D,1500,1000,2000,N/A,N/A,Light polarized photo ,N/A,N/A,N/A,N/A,27.3,A,N/A,A,T,3.50E-04,N/A,N/A,N/A,N/A,N/A,N/A,N/A,N/A,N/A,N/A,N/A,N/A,N/A,N/A,N/A,N/A,N/A,N/A,T,3.50E-04,N/A,N/A,N/A,N/A,N/A,N/A,N/A
201,Durham et al. (1983),66-1,Constant displacement rate,Uniaxial compression,10,Summary data in a table (Table 2).,N/A,NO,NO,Cylindrical,25.4,63.5,N/A,N/A,N/A,-41,-40.5,-41.5,T is piston temperature. T variation in the sample should be much lower (page B378).,D,1500,1000,2000,N/A,N/A,Light polarized photo ,N/A,N/A,N/A,N/A,16.5,A,N/A,A,T,3.50E-05,N/A,N/A,N/A,N/A,N/A,N/A,N/A,N/A,N/A,N/A,N/A,N/A,N/A,N/A,N/A,N/A,N/A,N/A,T,3.50E-05,N/A,N/A,N/A,N/A,N/A,N/A,N/A
202,Durham et al. (1983),67-1,Constant displacement rate,Uniaxial compression,50.4,Summary data in a table (Table 2).,N/A,YES,YES,Cylindrical,25.4,63.5,N/A,N/A,N/A,-30,-29.5,-30.5,T is piston temperature. T variation in the sample should be much lower (page B378).,D,1500,1000,2000,N/A,N/A,Light polarized photo ,N/A,N/A,N/A,N/A,23.2,A,N/A,A,T,3.50E-04,N/A,N/A,N/A,N/A,N/A,N/A,N/A,N/A,N/A,N/A,N/A,N/A,N/A,N/A,12.8,N/A,N/A,N/A,T,3.50E-04,N/A,N/A,N/A,N/A,N/A,N/A,N/A
203,Durham et al. (1983),68-1,Constant displacement rate,Uniaxial compression,100,Summary data in a table (Table 2).,N/A,NO,NO,Cylindrical,25.4,63.5,N/A,N/A,N/A,-49,-48.5,-49.5,T is piston temperature. T variation in the sample should be much lower (page B378).,D,1500,1000,2000,N/A,N/A,Light polarized photo ,N/A,N/A,N/A,N/A,35.4,A,N/A,A,T,3.50E-04,N/A,N/A,N/A,N/A,N/A,N/A,N/A,N/A,N/A,N/A,N/A,N/A,N/A,N/A,N/A,N/A,N/A,N/A,T,3.50E-04,N/A,N/A,N/A,N/A,N/A,N/A,N/A
204,Durham et al. (1983),69-1,Constant displacement rate,Uniaxial compression,49.7,Summary data in a table (Table 2).,N/A,NO,NO,Cylindrical,25.4,63.5,N/A,N/A,N/A,-61,-60.5,-61.5,T is piston temperature. T variation in the sample should be much lower (page B378).,D,1500,1000,2000,N/A,N/A,Light polarized photo ,N/A,N/A,N/A,N/A,59.9,A,N/A,A,T,3.50E-04,N/A,N/A,N/A,N/A,N/A,N/A,N/A,N/A,N/A,N/A,N/A,N/A,N/A,N/A,39,N/A,N/A,N/A,T,3.50E-04,N/A,N/A,N/A,N/A,N/A,N/A,N/A
205,Durham et al. (1983),70-1,Constant displacement rate,Uniaxial compression,49.6,Summary data in a table (Table 2).,N/A,YES,YES,Cylindrical,25.4,63.5,N/A,N/A,N/A,-15,-14.5,-15.5,T is piston temperature. T variation in the sample should be much lower (page B378).,D,1500,1000,2000,N/A,N/A,Light polarized photo ,N/A,N/A,N/A,N/A,14.4,A,N/A,A,T,3.50E-04,N/A,N/A,N/A,N/A,N/A,N/A,N/A,N/A,N/A,N/A,N/A,N/A,N/A,N/A,7,N/A,N/A,N/A,T,3.50E-04,N/A,N/A,N/A,N/A,N/A,N/A,N/A
206,Jacka (1984a),N/A,Constant stress,Uniaxial compression,0,Full creep curves 9Fig. 2). Summary data in a table (Table 2).,N/A,YES,NO,Cylindrical,25.4±0.2,63.2±4,N/A,N/A,N/A,-5,-4.7,-5.3,Table 1,D,1700,1500,1900,Lineat intercept method.,N/A,Page 261,N/A,0.009,N/A,E,0.1,N/A,Stress maintained constant by adding load over time?,N/A,E,9.30E-10,N/A,N/A,N/A,N/A,N/A,N/A,N/A,N/A,N/A,N/A,N/A,N/A,N/A,N/A,N/A,N/A,N/A,N/A,N/A,N/A,N/A,N/A,N/A,N/A,N/A,N/A,N/A
207,Jacka (1984a),N/A,Constant stress,Uniaxial compression,0,Full creep curves 9Fig. 2). Summary data in a table (Table 2).,N/A,YES,NO,Cylindrical,25.4±0.2,63.2±4,N/A,N/A,N/A,-5,-4.7,-5.3,Table 1,D,1700,1500,1900,Lineat intercept method.,N/A,Page 261,N/A,0.0075,N/A,E,0.13,N/A,Stress maintained constant by adding load over time?,N/A,E,2.00E-09,N/A,N/A,N/A,N/A,N/A,N/A,N/A,N/A,N/A,N/A,N/A,N/A,N/A,N/A,N/A,N/A,N/A,N/A,N/A,N/A,N/A,N/A,N/A,N/A,N/A,N/A,N/A
208,Jacka (1984a),N/A,Constant stress,Uniaxial compression,0,Full creep curves 9Fig. 2). Summary data in a table (Table 2).,N/A,YES,NO,Cylindrical,25.4±0.2,63.2±4,N/A,N/A,N/A,-5,-4.7,-5.3,Table 1,D,1700,1500,1900,Lineat intercept method.,N/A,Page 261,N/A,0.0055,N/A,E,0.2,N/A,Stress maintained constant by adding load over time?,N/A,E,8.70E-09,N/A,N/A,N/A,N/A,N/A,N/A,N/A,N/A,N/A,N/A,N/A,N/A,N/A,N/A,N/A,N/A,N/A,N/A,N/A,N/A,N/A,N/A,N/A,N/A,N/A,N/A,N/A
209,Jacka (1984a),N/A,Constant stress,Uniaxial compression,0,Full creep curves 9Fig. 2). Summary data in a table (Table 2).,N/A,YES,NO,Cylindrical,25.4±0.2,63.2±4,N/A,N/A,N/A,-5,-4.7,-5.3,Table 1,D,1700,1500,1900,Lineat intercept method.,N/A,Page 261,N/A,0.0048,N/A,E,0.3,N/A,Stress maintained constant by adding load over time?,N/A,E,3.90E-08,N/A,N/A,N/A,N/A,N/A,N/A,N/A,N/A,N/A,N/A,N/A,N/A,N/A,N/A,N/A,N/A,N/A,N/A,N/A,N/A,N/A,N/A,N/A,N/A,N/A,N/A,N/A
210,Jacka (1984a),N/A,Constant stress,Uniaxial compression,0,Full creep curves 9Fig. 2). Summary data in a table (Table 2).,N/A,YES,NO,Cylindrical,25.4±0.2,63.2±4,N/A,N/A,N/A,-5,-4.7,-5.3,Table 1,D,1700,1500,1900,Lineat intercept method.,N/A,Page 261,N/A,0.0049,N/A,E,0.6,N/A,Stress maintained constant by adding load over time?,N/A,E,1.90E-07,N/A,N/A,N/A,N/A,N/A,N/A,N/A,N/A,N/A,N/A,N/A,N/A,N/A,N/A,N/A,N/A,N/A,N/A,N/A,N/A,N/A,N/A,N/A,N/A,N/A,N/A,N/A
211,Jacka (1984a),N/A,Constant stress,Uniaxial compression,0,Full creep curves 9Fig. 2). Summary data in a table (Table 2).,N/A,YES,NO,Cylindrical,25.4±0.2,63.2±4,N/A,N/A,N/A,-5,-4.7,-5.3,Table 1,D,1700,1500,1900,Lineat intercept method.,N/A,Page 261,N/A,0.004,N/A,E,0.8,N/A,Stress maintained constant by adding load over time?,N/A,E,7.00E-07,N/A,N/A,N/A,N/A,N/A,N/A,N/A,N/A,N/A,N/A,N/A,N/A,N/A,N/A,N/A,N/A,N/A,N/A,N/A,N/A,N/A,N/A,N/A,N/A,N/A,N/A,N/A
212,Jacka (1984a),N/A,Constant stress,Uniaxial compression,0,Full creep curves 9Fig. 2). Summary data in a table (Table 2).,N/A,YES,NO,Cylindrical,25.4±0.2,63.2±4,N/A,N/A,N/A,-10.6,-10.4,-11,Table 1,D,1700,1500,1900,Lineat intercept method.,N/A,Page 261,N/A,0.0062,N/A,E,0.2,N/A,Stress maintained constant by adding load over time?,N/A,E,3.50E-09,N/A,N/A,N/A,N/A,N/A,N/A,N/A,N/A,N/A,N/A,N/A,N/A,N/A,N/A,N/A,N/A,N/A,N/A,N/A,N/A,N/A,N/A,N/A,N/A,N/A,N/A,N/A
213,Jacka (1984a),N/A,Constant stress,Uniaxial compression,0,Full creep curves 9Fig. 2). Summary data in a table (Table 2).,N/A,YES,NO,Cylindrical,25.4±0.2,63.2±4,N/A,N/A,N/A,-10.6,-10.4,-11,Table 1,D,1700,1500,1900,Lineat intercept method.,N/A,Page 261,N/A,0.0058,N/A,E,0.3,N/A,Stress maintained constant by adding load over time?,N/A,E,1.20E-08,N/A,N/A,N/A,N/A,N/A,N/A,N/A,N/A,N/A,N/A,N/A,N/A,N/A,N/A,N/A,N/A,N/A,N/A,N/A,N/A,N/A,N/A,N/A,N/A,N/A,N/A,N/A
214,Jacka (1984a),N/A,Constant stress,Uniaxial compression,0,Full creep curves 9Fig. 2). Summary data in a table (Table 2).,N/A,YES,NO,Cylindrical,25.4±0.2,63.2±4,N/A,N/A,N/A,-10.6,-10.4,-11,Table 1,D,1700,1500,1900,Lineat intercept method.,N/A,Page 261,N/A,0.0067,N/A,E,0.4,N/A,Stress maintained constant by adding load over time?,N/A,E,2.90E-08,N/A,N/A,N/A,N/A,N/A,N/A,N/A,N/A,N/A,N/A,N/A,N/A,N/A,N/A,N/A,N/A,N/A,N/A,N/A,N/A,N/A,N/A,N/A,N/A,N/A,N/A,N/A
215,Jacka (1984a),N/A,Constant stress,Uniaxial compression,0,Full creep curves 9Fig. 2). Summary data in a table (Table 2).,N/A,YES,NO,Cylindrical,25.4±0.2,63.2±4,N/A,N/A,N/A,-10.6,-10.4,-11,Table 1,D,1700,1500,1900,Lineat intercept method.,N/A,Page 261,N/A,0.0063,N/A,E,0.6,N/A,Stress maintained constant by adding load over time?,N/A,E,1.00E-07,N/A,N/A,N/A,N/A,N/A,N/A,N/A,N/A,N/A,N/A,N/A,N/A,N/A,N/A,N/A,N/A,N/A,N/A,N/A,N/A,N/A,N/A,N/A,N/A,N/A,N/A,N/A
216,Jacka (1984a),N/A,Constant stress,Uniaxial compression,0,Full creep curves 9Fig. 2). Summary data in a table (Table 2).,N/A,YES,NO,Cylindrical,25.4±0.2,63.2±4,N/A,N/A,N/A,-10.6,-10.4,-11,Table 1,D,1700,1500,1900,Lineat intercept method.,N/A,Page 261,N/A,0.0066,N/A,E,0.8,N/A,Stress maintained constant by adding load over time?,N/A,E,2.60E-07,N/A,N/A,N/A,N/A,N/A,N/A,N/A,N/A,N/A,N/A,N/A,N/A,N/A,N/A,N/A,N/A,N/A,N/A,N/A,N/A,N/A,N/A,N/A,N/A,N/A,N/A,N/A
217,Jacka (1984a),N/A,Constant stress,Uniaxial compression,0,Full creep curves 9Fig. 2). Summary data in a table (Table 2).,N/A,YES,NO,Cylindrical,25.4±0.2,63.2±4,N/A,N/A,N/A,-10.6,-10.4,-11,Table 1,D,1700,1500,1900,Lineat intercept method.,N/A,Page 261,N/A,0.0075,N/A,E,1,N/A,Stress maintained constant by adding load over time?,N/A,E,4.00E-07,N/A,N/A,N/A,N/A,N/A,N/A,N/A,N/A,N/A,N/A,N/A,N/A,N/A,N/A,N/A,N/A,N/A,N/A,N/A,N/A,N/A,N/A,N/A,N/A,N/A,N/A,N/A
218,Jacka (1984a),N/A,Constant stress,Uniaxial compression,0,Full creep curves 9Fig. 2). Summary data in a table (Table 2).,N/A,YES,NO,Cylindrical,25.4±0.2,63.2±4,N/A,N/A,N/A,-17.8,-16.8,-18.8,Table 1,D,1700,1500,1900,Lineat intercept method.,N/A,Page 261,N/A,0.0055,N/A,E,0.13,N/A,Stress maintained constant by adding load over time?,N/A,E,3.30E-10,N/A,N/A,N/A,N/A,N/A,N/A,N/A,N/A,N/A,N/A,N/A,N/A,N/A,N/A,N/A,N/A,N/A,N/A,N/A,N/A,N/A,N/A,N/A,N/A,N/A,N/A,N/A
219,Jacka (1984a),N/A,Constant stress,Uniaxial compression,0,Full creep curves 9Fig. 2). Summary data in a table (Table 2).,N/A,YES,NO,Cylindrical,25.4±0.2,63.2±4,N/A,N/A,N/A,-17.8,-16.8,-18.8,Table 1,D,1700,1500,1900,Lineat intercept method.,N/A,Page 261,N/A,0.0062,N/A,E,0.3,N/A,Stress maintained constant by adding load over time?,N/A,E,3.30E-09,N/A,N/A,N/A,N/A,N/A,N/A,N/A,N/A,N/A,N/A,N/A,N/A,N/A,N/A,N/A,N/A,N/A,N/A,N/A,N/A,N/A,N/A,N/A,N/A,N/A,N/A,N/A
220,Jacka (1984a),N/A,Constant stress,Uniaxial compression,0,Full creep curves 9Fig. 2). Summary data in a table (Table 2).,N/A,YES,NO,Cylindrical,25.4±0.2,63.2±4,N/A,N/A,N/A,-17.8,-16.8,-18.8,Table 1,D,1700,1500,1900,Lineat intercept method.,N/A,Page 261,N/A,0.006,N/A,E,0.4,N/A,Stress maintained constant by adding load over time?,N/A,E,7.20E-09,N/A,N/A,N/A,N/A,N/A,N/A,N/A,N/A,N/A,N/A,N/A,N/A,N/A,N/A,N/A,N/A,N/A,N/A,N/A,N/A,N/A,N/A,N/A,N/A,N/A,N/A,N/A
221,Jacka (1984a),N/A,Constant stress,Uniaxial compression,0,Full creep curves 9Fig. 2). Summary data in a table (Table 2).,N/A,YES,NO,Cylindrical,25.4±0.2,63.2±4,N/A,N/A,N/A,-17.8,-16.8,-18.8,Table 1,D,1700,1500,1900,Lineat intercept method.,N/A,Page 261,N/A,0.008,N/A,E,0.6,N/A,Stress maintained constant by adding load over time?,N/A,E,2.60E-08,N/A,N/A,N/A,N/A,N/A,N/A,N/A,N/A,N/A,N/A,N/A,N/A,N/A,N/A,N/A,N/A,N/A,N/A,N/A,N/A,N/A,N/A,N/A,N/A,N/A,N/A,N/A
222,Jacka (1984a),N/A,Constant stress,Uniaxial compression,0,Full creep curves 9Fig. 2). Summary data in a table (Table 2).,N/A,YES,NO,Cylindrical,25.4±0.2,63.2±4,N/A,N/A,N/A,-17.8,-16.8,-18.8,Table 1,D,1700,1500,1900,Lineat intercept method.,N/A,Page 261,N/A,0.0068,N/A,E,0.8,N/A,Stress maintained constant by adding load over time?,N/A,E,5.80E-08,N/A,N/A,N/A,N/A,N/A,N/A,N/A,N/A,N/A,N/A,N/A,N/A,N/A,N/A,N/A,N/A,N/A,N/A,N/A,N/A,N/A,N/A,N/A,N/A,N/A,N/A,N/A
223,Jacka (1984a),N/A,Constant stress,Uniaxial compression,0,Full creep curves 9Fig. 2). Summary data in a table (Table 2).,N/A,YES,NO,Cylindrical,25.4±0.2,63.2±4,N/A,N/A,N/A,-17.8,-16.8,-18.8,Table 1,D,1700,1500,1900,Lineat intercept method.,N/A,Page 261,N/A,0.0076,N/A,E,1.2,N/A,Stress maintained constant by adding load over time?,N/A,E,2.10E-07,N/A,N/A,N/A,N/A,N/A,N/A,N/A,N/A,N/A,N/A,N/A,N/A,N/A,N/A,N/A,N/A,N/A,N/A,N/A,N/A,N/A,N/A,N/A,N/A,N/A,N/A,N/A
224,Jacka (1984a),N/A,Constant stress,Uniaxial compression,0,Full creep curves 9Fig. 2). Summary data in a table (Table 2).,N/A,YES,NO,Cylindrical,25.4±0.2,63.2±4,N/A,N/A,N/A,-32.5,-30.9,-33.9,Table 1,D,1700,1500,1900,Lineat intercept method.,N/A,Page 261,N/A,0.0058,N/A,E,0.07,N/A,Stress maintained constant by adding load over time?,N/A,E,5.00E-11,N/A,N/A,N/A,N/A,N/A,N/A,N/A,N/A,N/A,N/A,N/A,N/A,N/A,N/A,N/A,N/A,N/A,N/A,N/A,N/A,N/A,N/A,N/A,N/A,N/A,N/A,N/A
225,Jacka (1984a),N/A,Constant stress,Uniaxial compression,0,Full creep curves 9Fig. 2). Summary data in a table (Table 2).,N/A,YES,NO,Cylindrical,25.4±0.2,63.2±4,N/A,N/A,N/A,-32.5,-30.9,-33.9,Table 1,D,1700,1500,1900,Lineat intercept method.,N/A,Page 261,N/A,0.006,N/A,E,0.1,N/A,Stress maintained constant by adding load over time?,N/A,E,1.10E-10,N/A,N/A,N/A,N/A,N/A,N/A,N/A,N/A,N/A,N/A,N/A,N/A,N/A,N/A,N/A,N/A,N/A,N/A,N/A,N/A,N/A,N/A,N/A,N/A,N/A,N/A,N/A
226,Jacka (1984a),N/A,Constant stress,Uniaxial compression,0,Full creep curves 9Fig. 2). Summary data in a table (Table 2).,N/A,YES,NO,Cylindrical,25.4±0.2,63.2±4,N/A,N/A,N/A,-32.5,-30.9,-33.9,Table 1,D,1700,1500,1900,Lineat intercept method.,N/A,Page 261,N/A,0.006,N/A,E,0.13,N/A,Stress maintained constant by adding load over time?,N/A,E,1.50E-10,N/A,N/A,N/A,N/A,N/A,N/A,N/A,N/A,N/A,N/A,N/A,N/A,N/A,N/A,N/A,N/A,N/A,N/A,N/A,N/A,N/A,N/A,N/A,N/A,N/A,N/A,N/A
227,Jacka (1984a),N/A,Constant stress,Uniaxial compression,0,Full creep curves 9Fig. 2). Summary data in a table (Table 2).,N/A,YES,NO,Cylindrical,25.4±0.2,63.2±4,N/A,N/A,N/A,-32.5,-30.9,-33.9,Table 1,D,1700,1500,1900,Lineat intercept method.,N/A,Page 261,N/A,0.0071,N/A,E,0.2,N/A,Stress maintained constant by adding load over time?,N/A,E,3.20E-10,N/A,N/A,N/A,N/A,N/A,N/A,N/A,N/A,N/A,N/A,N/A,N/A,N/A,N/A,N/A,N/A,N/A,N/A,N/A,N/A,N/A,N/A,N/A,N/A,N/A,N/A,N/A
228,Jacka (1984a),N/A,Constant stress,Uniaxial compression,0,Full creep curves 9Fig. 2). Summary data in a table (Table 2).,N/A,YES,NO,Cylindrical,25.4±0.2,63.2±4,N/A,N/A,N/A,-32.5,-30.9,-33.9,Table 1,D,1700,1500,1900,Lineat intercept method.,N/A,Page 261,N/A,0.0059,N/A,E,0.36,N/A,Stress maintained constant by adding load over time?,N/A,E,1.30E-09,N/A,N/A,N/A,N/A,N/A,N/A,N/A,N/A,N/A,N/A,N/A,N/A,N/A,N/A,N/A,N/A,N/A,N/A,N/A,N/A,N/A,N/A,N/A,N/A,N/A,N/A,N/A
229,Jacka (1984a),N/A,Constant stress,Uniaxial compression,0,Full creep curves 9Fig. 2). Summary data in a table (Table 2).,N/A,YES,NO,Cylindrical,25.4±0.2,63.2±4,N/A,N/A,N/A,-32.5,-30.9,-33.9,Table 1,D,1700,1500,1900,Lineat intercept method.,N/A,Page 261,N/A,0.0051,N/A,E,0.5,N/A,Stress maintained constant by adding load over time?,N/A,E,3.30E-09,N/A,N/A,N/A,N/A,N/A,N/A,N/A,N/A,N/A,N/A,N/A,N/A,N/A,N/A,N/A,N/A,N/A,N/A,N/A,N/A,N/A,N/A,N/A,N/A,N/A,N/A,N/A
230,Jacka (1984a),N/A,Constant stress,Uniaxial compression,0,Full creep curves 9Fig. 2). Summary data in a table (Table 2).,N/A,YES,NO,Cylindrical,25.4±0.2,63.2±4,N/A,N/A,N/A,-32.5,-30.9,-33.9,Table 1,D,1700,1500,1900,Lineat intercept method.,N/A,Page 261,N/A,0.005,N/A,E,0.6,N/A,Stress maintained constant by adding load over time?,N/A,E,5.50E-09,N/A,N/A,N/A,N/A,N/A,N/A,N/A,N/A,N/A,N/A,N/A,N/A,N/A,N/A,N/A,N/A,N/A,N/A,N/A,N/A,N/A,N/A,N/A,N/A,N/A,N/A,N/A
231,Jacka (1984a),N/A,Constant stress,Uniaxial compression,0,Full creep curves 9Fig. 2). Summary data in a table (Table 2).,N/A,YES,NO,Cylindrical,25.4±0.2,63.2±4,N/A,N/A,N/A,-32.5,-30.9,-33.9,Table 1,D,1700,1500,1900,Lineat intercept method.,N/A,Page 261,N/A,0.007,N/A,E,0.8,N/A,Stress maintained constant by adding load over time?,N/A,E,1.00E-08,N/A,N/A,N/A,N/A,N/A,N/A,N/A,N/A,N/A,N/A,N/A,N/A,N/A,N/A,N/A,N/A,N/A,N/A,N/A,N/A,N/A,N/A,N/A,N/A,N/A,N/A,N/A
232,Jacka (1984a),N/A,Constant stress,Uniaxial compression,0,Full creep curves 9Fig. 2). Summary data in a table (Table 2).,N/A,YES,NO,Cylindrical,25.4±0.2,63.2±4,N/A,N/A,N/A,-32.5,-30.9,-33.9,Table 1,D,1700,1500,1900,Lineat intercept method.,N/A,Page 261,N/A,0.0078,N/A,E,1,N/A,Stress maintained constant by adding load over time?,N/A,E,2.10E-08,N/A,N/A,N/A,N/A,N/A,N/A,N/A,N/A,N/A,N/A,N/A,N/A,N/A,N/A,N/A,N/A,N/A,N/A,N/A,N/A,N/A,N/A,N/A,N/A,N/A,N/A,N/A
233,Jacka (1984b),N/A,Constant load,Uniaxial compression,0,Full creep curves (Fig. 3). Summary data in a table (Table 2).,N/A,YES,YES,Cylindrical,25.4,73.2,N/A,N/A,N/A,-7,-6.9,-7.1,"Short time (10s) of 0.01K. Long time <0.1K. (Morgan, 1979; Jacka, 1984b)",D,4500,N/A,N/A,Lineat intercept method.,N/A,Crossed polaroids?,N/A,0.012,O,E,0.3,O,N/A,O,E,3.40E-08,N/A,N/A,N/A,N/A,N/A,N/A,N/A,N/A,N/A,N/A,N/A,N/A,0.078,E,0.3,N/A,N/A,N/A,E,7.10E-08,N/A,N/A,N/A,N/A,N/A,N/A,N/A
234,Jacka (1984b),N/A,Constant load,Uniaxial compression,0,Full creep curves (Fig. 3). Summary data in a table (Table 2).,N/A,YES,YES,Cylindrical,25.4,72,N/A,N/A,N/A,-7,-6.9,-7.1,"Short time (10s) of 0.01K. Long time <0.1K. (Morgan, 1979; Jacka, 1984b)",D,4000,N/A,N/A,Lineat intercept method.,N/A,Crossed polaroids?,N/A,0.008,O,E,0.3,O,N/A,O,E,3.20E-08,N/A,N/A,N/A,N/A,N/A,N/A,N/A,N/A,N/A,N/A,N/A,N/A,0.063,E,0.3,N/A,N/A,N/A,E,8.30E-08,N/A,N/A,N/A,N/A,N/A,N/A,N/A
235,Jacka (1984b),N/A,Constant load,Uniaxial compression,0,Full creep curves (Fig. 3). Summary data in a table (Table 2).,N/A,YES,YES,Cylindrical,25.4,72,N/A,N/A,N/A,-7,-6.9,-7.1,"Short time (10s) of 0.01K. Long time <0.1K. (Morgan, 1979; Jacka, 1984b)",D,2500,N/A,N/A,Lineat intercept method.,N/A,Crossed polaroids?,N/A,0.008,O,E,0.3,O,N/A,O,E,5.00E-08,N/A,N/A,N/A,N/A,N/A,N/A,N/A,N/A,N/A,N/A,N/A,N/A,0.09,E,0.3,N/A,N/A,N/A,E,1.40E-07,N/A,N/A,N/A,N/A,N/A,N/A,N/A
236,Jacka (1984b),N/A,Constant load,Uniaxial compression,0,Full creep curves (Fig. 3). Summary data in a table (Table 2).,N/A,YES,YES,Cylindrical,25.4,71.5,N/A,N/A,N/A,-7,-6.9,-7.1,"Short time (10s) of 0.01K. Long time <0.1K. (Morgan, 1979; Jacka, 1984b)",D,2200,N/A,N/A,Lineat intercept method.,N/A,Crossed polaroids?,N/A,0.01,O,E,0.3,O,N/A,O,E,3.20E-08,N/A,N/A,N/A,N/A,N/A,N/A,N/A,N/A,N/A,N/A,N/A,N/A,0.1,E,0.3,N/A,N/A,N/A,E,7.90E-08,N/A,N/A,N/A,N/A,N/A,N/A,N/A
237,Jacka (1984b),N/A,Constant load,Uniaxial compression,0,Full creep curves (Fig. 3). Summary data in a table (Table 2).,N/A,YES,YES,Cylindrical,25.4,72,N/A,N/A,N/A,-7,-6.9,-7.1,"Short time (10s) of 0.01K. Long time <0.1K. (Morgan, 1979; Jacka, 1984b)",D,1500,N/A,N/A,Lineat intercept method.,N/A,Crossed polaroids?,N/A,0.009,O,E,0.3,O,N/A,O,E,2.50E-08,N/A,N/A,N/A,N/A,N/A,N/A,N/A,N/A,N/A,N/A,N/A,N/A,0.079,E,0.3,N/A,N/A,N/A,E,7.10E-08,N/A,N/A,N/A,N/A,N/A,N/A,N/A
238,Jacka (1984b),N/A,Constant load,Uniaxial compression,0,Full creep curves (Fig. 3). Summary data in a table (Table 2).,N/A,YES,NO,Cylindrical,25.4,63,N/A,N/A,N/A,-10,-9.9,-10.1,"Short time (10s) of 0.01K. Long time <0.1K. (Morgan, 1979; Jacka, 1984b)",D,4500,N/A,N/A,Lineat intercept method.,N/A,Crossed polaroids?,N/A,0.008,O,E,0.26,O,N/A,O,E,1.20E-08,N/A,N/A,N/A,N/A,N/A,N/A,N/A,N/A,N/A,N/A,N/A,N/A,N/A,E,N/A,N/A,N/A,N/A,E,N/A,N/A,N/A,N/A,N/A,N/A,N/A,N/A
239,Jacka (1984b),N/A,Constant load,Uniaxial compression,0,Full creep curves (Fig. 3). Summary data in a table (Table 2).,N/A,YES,YES,Cylindrical,25.4,76,N/A,N/A,N/A,-10,-9.9,-10.1,"Short time (10s) of 0.01K. Long time <0.1K. (Morgan, 1979; Jacka, 1984b)",D,4500,N/A,N/A,Lineat intercept method.,N/A,Crossed polaroids?,N/A,0.008,O,E,0.26,O,N/A,O,E,1.10E-08,N/A,N/A,N/A,N/A,N/A,N/A,N/A,N/A,N/A,N/A,N/A,N/A,0.079,E,0.26,N/A,N/A,N/A,E,2.20E-08,N/A,N/A,N/A,N/A,N/A,N/A,N/A
240,Jacka (1984b),N/A,Constant load,Uniaxial compression,0,Full creep curves (Fig. 3). Summary data in a table (Table 2).,N/A,YES,YES,Cylindrical,25.4,77,N/A,N/A,N/A,-10,-9.9,-10.1,"Short time (10s) of 0.01K. Long time <0.1K. (Morgan, 1979; Jacka, 1984b)",D,4000,N/A,N/A,Lineat intercept method.,N/A,Crossed polaroids?,N/A,0.018,O,E,0.26,O,N/A,O,E,1.20E-08,N/A,N/A,N/A,N/A,N/A,N/A,N/A,N/A,N/A,N/A,N/A,N/A,0.074,E,0.26,N/A,N/A,N/A,E,2.20E-08,N/A,N/A,N/A,N/A,N/A,N/A,N/A
241,Jacka (1984b),N/A,Constant load,Uniaxial compression,0,Full creep curves (Fig. 3). Summary data in a table (Table 2).,N/A,YES,NO,Cylindrical,25.4,76,N/A,N/A,N/A,-10,-9.9,-10.1,"Short time (10s) of 0.01K. Long time <0.1K. (Morgan, 1979; Jacka, 1984b)",D,2500,N/A,N/A,Lineat intercept method.,N/A,Crossed polaroids?,N/A,0.02,O,E,0.26,O,N/A,O,E,1.10E-08,N/A,N/A,N/A,N/A,N/A,N/A,N/A,N/A,N/A,N/A,N/A,N/A,N/A,E,N/A,N/A,N/A,N/A,E,N/A,N/A,N/A,N/A,N/A,N/A,N/A,N/A
242,Jacka (1984b),N/A,Constant load,Uniaxial compression,0,Full creep curves (Fig. 3). Summary data in a table (Table 2).,N/A,YES,YES,Cylindrical,25.4,75,N/A,N/A,N/A,-10,-9.9,-10.1,"Short time (10s) of 0.01K. Long time <0.1K. (Morgan, 1979; Jacka, 1984b)",D,2200,N/A,N/A,Lineat intercept method.,N/A,Crossed polaroids?,N/A,0.02,O,E,0.26,O,N/A,O,E,1.00E-08,N/A,N/A,N/A,N/A,N/A,N/A,N/A,N/A,N/A,N/A,N/A,N/A,0.1,E,0.26,N/A,N/A,N/A,E,1.60E-08,N/A,N/A,N/A,N/A,N/A,N/A,N/A
243,Jacka (1984b),N/A,Constant load,Uniaxial compression,0,Full creep curves (Fig. 3). Summary data in a table (Table 2).,N/A,YES,YES,Cylindrical,25.4,74,N/A,N/A,N/A,-10,-9.9,-10.1,"Short time (10s) of 0.01K. Long time <0.1K. (Morgan, 1979; Jacka, 1984b)",D,1500,N/A,N/A,Lineat intercept method.,N/A,Crossed polaroids?,N/A,0.02,O,E,0.26,O,N/A,O,E,9.30E-09,N/A,N/A,N/A,N/A,N/A,N/A,N/A,N/A,N/A,N/A,N/A,N/A,0.1,E,0.26,N/A,N/A,N/A,E,1.50E-08,N/A,N/A,N/A,N/A,N/A,N/A,N/A
244,Jacka (1984b),N/A,Constant load,Uniaxial compression,0,Full creep curves (Fig. 3). Summary data in a table (Table 2).,N/A,YES,YES,Cylindrical,25.4,80.2,N/A,N/A,N/A,-9,-8.9,-9.1,"Short time (10s) of 0.01K. Long time <0.1K. (Morgan, 1979; Jacka, 1984b)",D,4500,N/A,N/A,Lineat intercept method.,N/A,Crossed polaroids?,N/A,0.011,O,E,0.5,O,N/A,O,E,1.30E-07,N/A,N/A,N/A,N/A,N/A,N/A,N/A,N/A,N/A,N/A,N/A,N/A,0.09,E,0.5,N/A,N/A,N/A,E,3.70E-07,N/A,N/A,N/A,N/A,N/A,N/A,N/A
245,Jacka (1984b),N/A,Constant load,Uniaxial compression,0,Full creep curves (Fig. 3). Summary data in a table (Table 2).,N/A,YES,YES,Cylindrical,25.4,80.8,N/A,N/A,N/A,-9,-8.9,-9.1,"Short time (10s) of 0.01K. Long time <0.1K. (Morgan, 1979; Jacka, 1984b)",D,2500,N/A,N/A,Lineat intercept method.,N/A,Crossed polaroids?,N/A,0.011,O,E,0.5,O,N/A,O,E,9.00E-08,N/A,N/A,N/A,N/A,N/A,N/A,N/A,N/A,N/A,N/A,N/A,N/A,0.1,E,0.5,N/A,N/A,N/A,E,2.50E-07,N/A,N/A,N/A,N/A,N/A,N/A,N/A
246,Jacka (1984b),N/A,Constant load,Uniaxial compression,0,Full creep curves (Fig. 3). Summary data in a table (Table 2).,N/A,YES,YES,Cylindrical,25.4,81.2,N/A,N/A,N/A,-9,-8.9,-9.1,"Short time (10s) of 0.01K. Long time <0.1K. (Morgan, 1979; Jacka, 1984b)",D,2200,N/A,N/A,Lineat intercept method.,N/A,Crossed polaroids?,N/A,0.008,O,E,0.5,O,N/A,O,E,8.10E-08,N/A,N/A,N/A,N/A,N/A,N/A,N/A,N/A,N/A,N/A,N/A,N/A,0.09,E,0.5,N/A,N/A,N/A,E,2.40E-07,N/A,N/A,N/A,N/A,N/A,N/A,N/A
247,Jacka (1984b),N/A,Constant load,Uniaxial compression,0,Full creep curves (Fig. 3). Summary data in a table (Table 2).,N/A,YES,YES,Cylindrical,25.4,67.3,N/A,N/A,N/A,-9,-8.9,-9.1,"Short time (10s) of 0.01K. Long time <0.1K. (Morgan, 1979; Jacka, 1984b)",D,1500,N/A,N/A,Lineat intercept method.,N/A,Crossed polaroids?,N/A,0.007,O,E,0.5,O,N/A,O,E,1.30E-07,N/A,N/A,N/A,N/A,N/A,N/A,N/A,N/A,N/A,N/A,N/A,N/A,0.09,E,0.5,N/A,N/A,N/A,E,4.00E-07,N/A,N/A,N/A,N/A,N/A,N/A,N/A
248,Jacka & Maccagnan (1984),A1,Constant stress,Uniaxial compression,0,"Mean creep curve, i.e., an envelope of creep curve that summarises A1-A7 (Fig. 2). Summary data in figures (Fig. 3).",N/A,YES,NO,Cylindrical,25.4,60,N/A,N/A,N/A,-3,-2.9,-3.1,"Short time (10s) of 0.01K. Long time <0.1K. (Morgan, 1979; Jacka, 1984b)",D,2200,N/A,N/A,Mean linear intercept,N/A,Crossed polaroids,N/A,0.008,N/A,E,0.2,N/A,N/A,N/A,E,2.00E-08,N/A,N/A,N/A,N/A,N/A,N/A,N/A,N/A,N/A,0.275913,Fan et al. (2021a),N/A,N/A,N/A,N/A,N/A,N/A,N/A,N/A,N/A,N/A,N/A,N/A,N/A,N/A,N/A,N/A
249,Jacka & Maccagnan (1984),A2,Constant stress,Uniaxial compression,0,"Mean creep curve, i.e., an envelope of creep curve that summarises A1-A7 (Fig. 2). Summary data in figures (Fig. 3).",N/A,NO,NO,Cylindrical,25.4,60,N/A,N/A,N/A,-3,-2.9,-3.1,"Short time (10s) of 0.01K. Long time <0.1K. (Morgan, 1979; Jacka, 1984b)",D,2200,N/A,N/A,Mean linear intercept,N/A,Crossed polaroids,N/A,0.008,N/A,E,0.2,N/A,N/A,N/A,E,2.00E-08,N/A,N/A,N/A,N/A,N/A,N/A,N/A,N/A,N/A,N/A,N/A,N/A,N/A,N/A,N/A,N/A,N/A,N/A,N/A,N/A,N/A,N/A,N/A,N/A,N/A,N/A,N/A
250,Jacka & Maccagnan (1984),A3,Constant stress,Uniaxial compression,0,"Mean creep curve, i.e., an envelope of creep curve that summarises A1-A7 (Fig. 2). Summary data in figures (Fig. 3).",N/A,NO,NO,Cylindrical,25.4,60,N/A,N/A,N/A,-3,-2.9,-3.1,"Short time (10s) of 0.01K. Long time <0.1K. (Morgan, 1979; Jacka, 1984b)",D,2200,N/A,N/A,Mean linear intercept,N/A,Crossed polaroids,N/A,0.008,N/A,E,0.2,N/A,N/A,N/A,E,2.00E-08,N/A,N/A,N/A,N/A,N/A,N/A,N/A,N/A,N/A,N/A,N/A,N/A,N/A,N/A,N/A,N/A,N/A,N/A,N/A,N/A,N/A,N/A,N/A,N/A,N/A,N/A,N/A
251,Jacka & Maccagnan (1984),A4,Constant stress,Uniaxial compression,0,"Mean creep curve, i.e., an envelope of creep curve that summarises A1-A7 (Fig. 2). Summary data in figures (Fig. 3).",N/A,NO,NO,Cylindrical,25.4,60,N/A,N/A,N/A,-3,-2.9,-3.1,"Short time (10s) of 0.01K. Long time <0.1K. (Morgan, 1979; Jacka, 1984b)",D,2200,N/A,N/A,Mean linear intercept,N/A,Crossed polaroids,N/A,0.008,N/A,E,0.2,N/A,N/A,N/A,E,2.00E-08,N/A,N/A,N/A,N/A,N/A,N/A,N/A,N/A,N/A,N/A,N/A,N/A,N/A,N/A,N/A,N/A,N/A,N/A,N/A,N/A,N/A,N/A,N/A,N/A,N/A,N/A,N/A
252,Jacka & Maccagnan (1984),A5,Constant stress,Uniaxial compression,0,"Mean creep curve, i.e., an envelope of creep curve that summarises A1-A7 (Fig. 2). Summary data in figures (Fig. 3).",N/A,NO,NO,Cylindrical,25.4,60,N/A,N/A,N/A,-3,-2.9,-3.1,"Short time (10s) of 0.01K. Long time <0.1K. (Morgan, 1979; Jacka, 1984b)",D,2200,N/A,N/A,Mean linear intercept,N/A,Crossed polaroids,N/A,0.008,N/A,E,0.2,N/A,N/A,N/A,E,2.00E-08,N/A,N/A,N/A,N/A,N/A,N/A,N/A,N/A,N/A,N/A,N/A,N/A,N/A,N/A,N/A,N/A,N/A,N/A,N/A,N/A,N/A,N/A,N/A,N/A,N/A,N/A,N/A
253,Jacka & Maccagnan (1984),A6,Constant stress,Uniaxial compression,0,"Mean creep curve, i.e., an envelope of creep curve that summarises A1-A7 (Fig. 2). Summary data in figures (Fig. 3).",N/A,NO,NO,Cylindrical,25.4,60,N/A,N/A,N/A,-3,-2.9,-3.1,"Short time (10s) of 0.01K. Long time <0.1K. (Morgan, 1979; Jacka, 1984b)",D,2200,N/A,N/A,Mean linear intercept,N/A,Crossed polaroids,N/A,0.008,N/A,E,0.2,N/A,N/A,N/A,E,2.00E-08,N/A,N/A,N/A,N/A,N/A,N/A,N/A,N/A,N/A,N/A,N/A,N/A,N/A,N/A,N/A,N/A,N/A,N/A,N/A,N/A,N/A,N/A,N/A,N/A,N/A,N/A,N/A
254,Jacka & Maccagnan (1984),A7,Constant stress,Uniaxial compression,0,"Mean creep curve, i.e., an envelope of creep curve that summarises A1-A7 (Fig. 2). Summary data in figures (Fig. 3).",N/A,NO,YES,Cylindrical,25.4,60,N/A,N/A,N/A,-3,-2.9,-3.1,"Short time (10s) of 0.01K. Long time <0.1K. (Morgan, 1979; Jacka, 1984b)",D,2200,N/A,N/A,Mean linear intercept,N/A,Crossed polaroids,N/A,0.008,O,E,0.2,O,N/A,N/A,E,2.00E-08,5.47E-08,6.56E-08,N/A,N/A,D,N/A,N/A,N/A,N/A,N/A,N/A,N/A,0.33,E,0.2,N/A,N/A,N/A,N/A,5.97E-08,N/A,"Grain size, CPO",4.60E+03,N/A,N/A,3.96E-01,Fan et al. (2021a)
